--
-- PostgreSQL database cluster dump
--

\restrict d10LxnrldVhTDfSaaVaOvzS7durIoRkfJzJ8RifrSa1seZ5lg9SGI8gY4sEkfdo

SET default_transaction_read_only = off;

SET client_encoding = 'UTF8';
SET standard_conforming_strings = on;

--
-- Roles
--

CREATE ROLE anon;
ALTER ROLE anon WITH NOSUPERUSER INHERIT NOCREATEROLE NOCREATEDB NOLOGIN NOREPLICATION NOBYPASSRLS;
CREATE ROLE authenticated;
ALTER ROLE authenticated WITH NOSUPERUSER INHERIT NOCREATEROLE NOCREATEDB NOLOGIN NOREPLICATION NOBYPASSRLS;
CREATE ROLE authenticator;
ALTER ROLE authenticator WITH NOSUPERUSER NOINHERIT NOCREATEROLE NOCREATEDB LOGIN NOREPLICATION NOBYPASSRLS;
CREATE ROLE dashboard_user;
ALTER ROLE dashboard_user WITH NOSUPERUSER INHERIT CREATEROLE CREATEDB NOLOGIN REPLICATION NOBYPASSRLS;
CREATE ROLE pgbouncer;
ALTER ROLE pgbouncer WITH NOSUPERUSER INHERIT NOCREATEROLE NOCREATEDB LOGIN NOREPLICATION NOBYPASSRLS;
CREATE ROLE pgsodium_keyholder;
ALTER ROLE pgsodium_keyholder WITH NOSUPERUSER INHERIT NOCREATEROLE NOCREATEDB NOLOGIN NOREPLICATION NOBYPASSRLS;
CREATE ROLE pgsodium_keyiduser;
ALTER ROLE pgsodium_keyiduser WITH NOSUPERUSER INHERIT NOCREATEROLE NOCREATEDB NOLOGIN NOREPLICATION NOBYPASSRLS;
CREATE ROLE pgsodium_keymaker;
ALTER ROLE pgsodium_keymaker WITH NOSUPERUSER INHERIT NOCREATEROLE NOCREATEDB NOLOGIN NOREPLICATION NOBYPASSRLS;
CREATE ROLE postgres;
ALTER ROLE postgres WITH NOSUPERUSER INHERIT CREATEROLE CREATEDB LOGIN REPLICATION BYPASSRLS;
CREATE ROLE service_role;
ALTER ROLE service_role WITH NOSUPERUSER INHERIT NOCREATEROLE NOCREATEDB NOLOGIN NOREPLICATION BYPASSRLS;
CREATE ROLE supabase_admin;
ALTER ROLE supabase_admin WITH SUPERUSER INHERIT CREATEROLE CREATEDB LOGIN REPLICATION BYPASSRLS;
CREATE ROLE supabase_auth_admin;
ALTER ROLE supabase_auth_admin WITH NOSUPERUSER NOINHERIT CREATEROLE NOCREATEDB LOGIN NOREPLICATION NOBYPASSRLS;
CREATE ROLE supabase_etl_admin;
ALTER ROLE supabase_etl_admin WITH NOSUPERUSER INHERIT NOCREATEROLE NOCREATEDB LOGIN REPLICATION NOBYPASSRLS;
CREATE ROLE supabase_read_only_user;
ALTER ROLE supabase_read_only_user WITH NOSUPERUSER INHERIT NOCREATEROLE NOCREATEDB LOGIN NOREPLICATION BYPASSRLS;
CREATE ROLE supabase_realtime_admin;
ALTER ROLE supabase_realtime_admin WITH NOSUPERUSER NOINHERIT NOCREATEROLE NOCREATEDB NOLOGIN NOREPLICATION NOBYPASSRLS;
CREATE ROLE supabase_replication_admin;
ALTER ROLE supabase_replication_admin WITH NOSUPERUSER INHERIT NOCREATEROLE NOCREATEDB LOGIN REPLICATION NOBYPASSRLS;
CREATE ROLE supabase_storage_admin;
ALTER ROLE supabase_storage_admin WITH NOSUPERUSER NOINHERIT CREATEROLE NOCREATEDB LOGIN NOREPLICATION NOBYPASSRLS;

--
-- User Configurations
--

--
-- User Config "anon"
--

ALTER ROLE anon SET statement_timeout TO '3s';

--
-- User Config "authenticated"
--

ALTER ROLE authenticated SET statement_timeout TO '8s';

--
-- User Config "authenticator"
--

ALTER ROLE authenticator SET session_preload_libraries TO 'safeupdate';
ALTER ROLE authenticator SET statement_timeout TO '8s';
ALTER ROLE authenticator SET lock_timeout TO '8s';

--
-- User Config "postgres"
--

ALTER ROLE postgres SET search_path TO E'\\$user', 'public', 'extensions';

--
-- User Config "supabase_admin"
--

ALTER ROLE supabase_admin SET search_path TO '$user', 'public', 'auth', 'extensions';
ALTER ROLE supabase_admin SET log_statement TO 'none';

--
-- User Config "supabase_auth_admin"
--

ALTER ROLE supabase_auth_admin SET search_path TO 'auth';
ALTER ROLE supabase_auth_admin SET idle_in_transaction_session_timeout TO '60000';
ALTER ROLE supabase_auth_admin SET log_statement TO 'none';

--
-- User Config "supabase_read_only_user"
--

ALTER ROLE supabase_read_only_user SET default_transaction_read_only TO 'on';

--
-- User Config "supabase_storage_admin"
--

ALTER ROLE supabase_storage_admin SET search_path TO 'storage';
ALTER ROLE supabase_storage_admin SET log_statement TO 'none';


--
-- Role memberships
--

GRANT anon TO authenticator GRANTED BY postgres;
GRANT anon TO postgres GRANTED BY supabase_admin;
GRANT authenticated TO authenticator GRANTED BY postgres;
GRANT authenticated TO postgres GRANTED BY supabase_admin;
GRANT authenticator TO supabase_storage_admin GRANTED BY supabase_admin;
GRANT pg_monitor TO postgres GRANTED BY supabase_admin;
GRANT pg_read_all_data TO postgres GRANTED BY supabase_admin;
GRANT pg_read_all_data TO supabase_etl_admin GRANTED BY postgres;
GRANT pg_read_all_data TO supabase_read_only_user GRANTED BY postgres;
GRANT pg_signal_backend TO postgres GRANTED BY supabase_admin;
GRANT pgsodium_keyholder TO pgsodium_keymaker GRANTED BY supabase_admin;
GRANT pgsodium_keyholder TO postgres WITH ADMIN OPTION GRANTED BY supabase_admin;
GRANT pgsodium_keyholder TO service_role GRANTED BY supabase_admin;
GRANT pgsodium_keyiduser TO pgsodium_keyholder GRANTED BY supabase_admin;
GRANT pgsodium_keyiduser TO pgsodium_keymaker GRANTED BY supabase_admin;
GRANT pgsodium_keyiduser TO postgres WITH ADMIN OPTION GRANTED BY supabase_admin;
GRANT pgsodium_keymaker TO postgres WITH ADMIN OPTION GRANTED BY supabase_admin;
GRANT service_role TO authenticator GRANTED BY postgres;
GRANT service_role TO postgres GRANTED BY supabase_admin;
GRANT supabase_realtime_admin TO postgres GRANTED BY supabase_admin;






\unrestrict d10LxnrldVhTDfSaaVaOvzS7durIoRkfJzJ8RifrSa1seZ5lg9SGI8gY4sEkfdo

--
-- Databases
--

--
-- Database "template1" dump
--

\connect template1

--
-- PostgreSQL database dump
--

\restrict iyrtdiY3SCw8ichbrzggsd1R16f8wggL6T32yTP1pUTitMims7CsTJRu2fCszdG

-- Dumped from database version 15.14
-- Dumped by pg_dump version 15.14 (Debian 15.14-1.pgdg12+1)

SET statement_timeout = 0;
SET lock_timeout = 0;
SET idle_in_transaction_session_timeout = 0;
SET client_encoding = 'UTF8';
SET standard_conforming_strings = on;
SELECT pg_catalog.set_config('search_path', '', false);
SET check_function_bodies = false;
SET xmloption = content;
SET client_min_messages = warning;
SET row_security = off;

--
-- PostgreSQL database dump complete
--

\unrestrict iyrtdiY3SCw8ichbrzggsd1R16f8wggL6T32yTP1pUTitMims7CsTJRu2fCszdG

--
-- Database "postgres" dump
--

\connect postgres

--
-- PostgreSQL database dump
--

\restrict eOFzEv3CmisLAzB1EUhUHfKIyjgJSYahEmS5EqMQQAcPcHvBGcNnzgbGEL82IIB

-- Dumped from database version 15.14
-- Dumped by pg_dump version 15.14 (Debian 15.14-1.pgdg12+1)

SET statement_timeout = 0;
SET lock_timeout = 0;
SET idle_in_transaction_session_timeout = 0;
SET client_encoding = 'UTF8';
SET standard_conforming_strings = on;
SELECT pg_catalog.set_config('search_path', '', false);
SET check_function_bodies = false;
SET xmloption = content;
SET client_min_messages = warning;
SET row_security = off;

--
-- Name: auth; Type: SCHEMA; Schema: -; Owner: supabase_admin
--

CREATE SCHEMA auth;


ALTER SCHEMA auth OWNER TO supabase_admin;

--
-- Name: extensions; Type: SCHEMA; Schema: -; Owner: postgres
--

CREATE SCHEMA extensions;


ALTER SCHEMA extensions OWNER TO postgres;

--
-- Name: graphql; Type: SCHEMA; Schema: -; Owner: supabase_admin
--

CREATE SCHEMA graphql;


ALTER SCHEMA graphql OWNER TO supabase_admin;

--
-- Name: graphql_public; Type: SCHEMA; Schema: -; Owner: supabase_admin
--

CREATE SCHEMA graphql_public;


ALTER SCHEMA graphql_public OWNER TO supabase_admin;

--
-- Name: pgbouncer; Type: SCHEMA; Schema: -; Owner: pgbouncer
--

CREATE SCHEMA pgbouncer;


ALTER SCHEMA pgbouncer OWNER TO pgbouncer;

--
-- Name: pgsodium; Type: SCHEMA; Schema: -; Owner: supabase_admin
--

CREATE SCHEMA pgsodium;


ALTER SCHEMA pgsodium OWNER TO supabase_admin;

--
-- Name: pgsodium; Type: EXTENSION; Schema: -; Owner: -
--

CREATE EXTENSION IF NOT EXISTS pgsodium WITH SCHEMA pgsodium;


--
-- Name: EXTENSION pgsodium; Type: COMMENT; Schema: -; Owner: 
--

COMMENT ON EXTENSION pgsodium IS 'Pgsodium is a modern cryptography library for Postgres.';


--
-- Name: realtime; Type: SCHEMA; Schema: -; Owner: supabase_admin
--

CREATE SCHEMA realtime;


ALTER SCHEMA realtime OWNER TO supabase_admin;

--
-- Name: storage; Type: SCHEMA; Schema: -; Owner: supabase_admin
--

CREATE SCHEMA storage;


ALTER SCHEMA storage OWNER TO supabase_admin;

--
-- Name: vault; Type: SCHEMA; Schema: -; Owner: supabase_admin
--

CREATE SCHEMA vault;


ALTER SCHEMA vault OWNER TO supabase_admin;

--
-- Name: pg_graphql; Type: EXTENSION; Schema: -; Owner: -
--

CREATE EXTENSION IF NOT EXISTS pg_graphql WITH SCHEMA graphql;


--
-- Name: EXTENSION pg_graphql; Type: COMMENT; Schema: -; Owner: 
--

COMMENT ON EXTENSION pg_graphql IS 'pg_graphql: GraphQL support';


--
-- Name: pg_stat_statements; Type: EXTENSION; Schema: -; Owner: -
--

CREATE EXTENSION IF NOT EXISTS pg_stat_statements WITH SCHEMA extensions;


--
-- Name: EXTENSION pg_stat_statements; Type: COMMENT; Schema: -; Owner: 
--

COMMENT ON EXTENSION pg_stat_statements IS 'track planning and execution statistics of all SQL statements executed';


--
-- Name: pgcrypto; Type: EXTENSION; Schema: -; Owner: -
--

CREATE EXTENSION IF NOT EXISTS pgcrypto WITH SCHEMA extensions;


--
-- Name: EXTENSION pgcrypto; Type: COMMENT; Schema: -; Owner: 
--

COMMENT ON EXTENSION pgcrypto IS 'cryptographic functions';


--
-- Name: pgjwt; Type: EXTENSION; Schema: -; Owner: -
--

CREATE EXTENSION IF NOT EXISTS pgjwt WITH SCHEMA extensions;


--
-- Name: EXTENSION pgjwt; Type: COMMENT; Schema: -; Owner: 
--

COMMENT ON EXTENSION pgjwt IS 'JSON Web Token API for Postgresql';


--
-- Name: supabase_vault; Type: EXTENSION; Schema: -; Owner: -
--

CREATE EXTENSION IF NOT EXISTS supabase_vault WITH SCHEMA vault;


--
-- Name: EXTENSION supabase_vault; Type: COMMENT; Schema: -; Owner: 
--

COMMENT ON EXTENSION supabase_vault IS 'Supabase Vault Extension';


--
-- Name: uuid-ossp; Type: EXTENSION; Schema: -; Owner: -
--

CREATE EXTENSION IF NOT EXISTS "uuid-ossp" WITH SCHEMA extensions;


--
-- Name: EXTENSION "uuid-ossp"; Type: COMMENT; Schema: -; Owner: 
--

COMMENT ON EXTENSION "uuid-ossp" IS 'generate universally unique identifiers (UUIDs)';


--
-- Name: aal_level; Type: TYPE; Schema: auth; Owner: supabase_auth_admin
--

CREATE TYPE auth.aal_level AS ENUM (
    'aal1',
    'aal2',
    'aal3'
);


ALTER TYPE auth.aal_level OWNER TO supabase_auth_admin;

--
-- Name: code_challenge_method; Type: TYPE; Schema: auth; Owner: supabase_auth_admin
--

CREATE TYPE auth.code_challenge_method AS ENUM (
    's256',
    'plain'
);


ALTER TYPE auth.code_challenge_method OWNER TO supabase_auth_admin;

--
-- Name: factor_status; Type: TYPE; Schema: auth; Owner: supabase_auth_admin
--

CREATE TYPE auth.factor_status AS ENUM (
    'unverified',
    'verified'
);


ALTER TYPE auth.factor_status OWNER TO supabase_auth_admin;

--
-- Name: factor_type; Type: TYPE; Schema: auth; Owner: supabase_auth_admin
--

CREATE TYPE auth.factor_type AS ENUM (
    'totp',
    'webauthn',
    'phone'
);


ALTER TYPE auth.factor_type OWNER TO supabase_auth_admin;

--
-- Name: oauth_registration_type; Type: TYPE; Schema: auth; Owner: supabase_auth_admin
--

CREATE TYPE auth.oauth_registration_type AS ENUM (
    'dynamic',
    'manual'
);


ALTER TYPE auth.oauth_registration_type OWNER TO supabase_auth_admin;

--
-- Name: one_time_token_type; Type: TYPE; Schema: auth; Owner: supabase_auth_admin
--

CREATE TYPE auth.one_time_token_type AS ENUM (
    'confirmation_token',
    'reauthentication_token',
    'recovery_token',
    'email_change_token_new',
    'email_change_token_current',
    'phone_change_token'
);


ALTER TYPE auth.one_time_token_type OWNER TO supabase_auth_admin;

--
-- Name: action; Type: TYPE; Schema: realtime; Owner: supabase_admin
--

CREATE TYPE realtime.action AS ENUM (
    'INSERT',
    'UPDATE',
    'DELETE',
    'TRUNCATE',
    'ERROR'
);


ALTER TYPE realtime.action OWNER TO supabase_admin;

--
-- Name: equality_op; Type: TYPE; Schema: realtime; Owner: supabase_admin
--

CREATE TYPE realtime.equality_op AS ENUM (
    'eq',
    'neq',
    'lt',
    'lte',
    'gt',
    'gte',
    'in'
);


ALTER TYPE realtime.equality_op OWNER TO supabase_admin;

--
-- Name: user_defined_filter; Type: TYPE; Schema: realtime; Owner: supabase_admin
--

CREATE TYPE realtime.user_defined_filter AS (
	column_name text,
	op realtime.equality_op,
	value text
);


ALTER TYPE realtime.user_defined_filter OWNER TO supabase_admin;

--
-- Name: wal_column; Type: TYPE; Schema: realtime; Owner: supabase_admin
--

CREATE TYPE realtime.wal_column AS (
	name text,
	type_name text,
	type_oid oid,
	value jsonb,
	is_pkey boolean,
	is_selectable boolean
);


ALTER TYPE realtime.wal_column OWNER TO supabase_admin;

--
-- Name: wal_rls; Type: TYPE; Schema: realtime; Owner: supabase_admin
--

CREATE TYPE realtime.wal_rls AS (
	wal jsonb,
	is_rls_enabled boolean,
	subscription_ids uuid[],
	errors text[]
);


ALTER TYPE realtime.wal_rls OWNER TO supabase_admin;

--
-- Name: email(); Type: FUNCTION; Schema: auth; Owner: supabase_auth_admin
--

CREATE FUNCTION auth.email() RETURNS text
    LANGUAGE sql STABLE
    AS $$
  select 
  coalesce(
    nullif(current_setting('request.jwt.claim.email', true), ''),
    (nullif(current_setting('request.jwt.claims', true), '')::jsonb ->> 'email')
  )::text
$$;


ALTER FUNCTION auth.email() OWNER TO supabase_auth_admin;

--
-- Name: FUNCTION email(); Type: COMMENT; Schema: auth; Owner: supabase_auth_admin
--

COMMENT ON FUNCTION auth.email() IS 'Deprecated. Use auth.jwt() -> ''email'' instead.';


--
-- Name: jwt(); Type: FUNCTION; Schema: auth; Owner: supabase_auth_admin
--

CREATE FUNCTION auth.jwt() RETURNS jsonb
    LANGUAGE sql STABLE
    AS $$
  select 
    coalesce(
        nullif(current_setting('request.jwt.claim', true), ''),
        nullif(current_setting('request.jwt.claims', true), '')
    )::jsonb
$$;


ALTER FUNCTION auth.jwt() OWNER TO supabase_auth_admin;

--
-- Name: role(); Type: FUNCTION; Schema: auth; Owner: supabase_auth_admin
--

CREATE FUNCTION auth.role() RETURNS text
    LANGUAGE sql STABLE
    AS $$
  select 
  coalesce(
    nullif(current_setting('request.jwt.claim.role', true), ''),
    (nullif(current_setting('request.jwt.claims', true), '')::jsonb ->> 'role')
  )::text
$$;


ALTER FUNCTION auth.role() OWNER TO supabase_auth_admin;

--
-- Name: FUNCTION role(); Type: COMMENT; Schema: auth; Owner: supabase_auth_admin
--

COMMENT ON FUNCTION auth.role() IS 'Deprecated. Use auth.jwt() -> ''role'' instead.';


--
-- Name: uid(); Type: FUNCTION; Schema: auth; Owner: supabase_auth_admin
--

CREATE FUNCTION auth.uid() RETURNS uuid
    LANGUAGE sql STABLE
    AS $$
  select 
  coalesce(
    nullif(current_setting('request.jwt.claim.sub', true), ''),
    (nullif(current_setting('request.jwt.claims', true), '')::jsonb ->> 'sub')
  )::uuid
$$;


ALTER FUNCTION auth.uid() OWNER TO supabase_auth_admin;

--
-- Name: FUNCTION uid(); Type: COMMENT; Schema: auth; Owner: supabase_auth_admin
--

COMMENT ON FUNCTION auth.uid() IS 'Deprecated. Use auth.jwt() -> ''sub'' instead.';


--
-- Name: grant_pg_cron_access(); Type: FUNCTION; Schema: extensions; Owner: supabase_admin
--

CREATE FUNCTION extensions.grant_pg_cron_access() RETURNS event_trigger
    LANGUAGE plpgsql
    AS $$
BEGIN
  IF EXISTS (
    SELECT
    FROM pg_event_trigger_ddl_commands() AS ev
    JOIN pg_extension AS ext
    ON ev.objid = ext.oid
    WHERE ext.extname = 'pg_cron'
  )
  THEN
    grant usage on schema cron to postgres with grant option;

    alter default privileges in schema cron grant all on tables to postgres with grant option;
    alter default privileges in schema cron grant all on functions to postgres with grant option;
    alter default privileges in schema cron grant all on sequences to postgres with grant option;

    alter default privileges for user supabase_admin in schema cron grant all
        on sequences to postgres with grant option;
    alter default privileges for user supabase_admin in schema cron grant all
        on tables to postgres with grant option;
    alter default privileges for user supabase_admin in schema cron grant all
        on functions to postgres with grant option;

    grant all privileges on all tables in schema cron to postgres with grant option;
    revoke all on table cron.job from postgres;
    grant select on table cron.job to postgres with grant option;
  END IF;
END;
$$;


ALTER FUNCTION extensions.grant_pg_cron_access() OWNER TO supabase_admin;

--
-- Name: FUNCTION grant_pg_cron_access(); Type: COMMENT; Schema: extensions; Owner: supabase_admin
--

COMMENT ON FUNCTION extensions.grant_pg_cron_access() IS 'Grants access to pg_cron';


--
-- Name: grant_pg_graphql_access(); Type: FUNCTION; Schema: extensions; Owner: supabase_admin
--

CREATE FUNCTION extensions.grant_pg_graphql_access() RETURNS event_trigger
    LANGUAGE plpgsql
    AS $_$
DECLARE
    func_is_graphql_resolve bool;
BEGIN
    func_is_graphql_resolve = (
        SELECT n.proname = 'resolve'
        FROM pg_event_trigger_ddl_commands() AS ev
        LEFT JOIN pg_catalog.pg_proc AS n
        ON ev.objid = n.oid
    );

    IF func_is_graphql_resolve
    THEN
        -- Update public wrapper to pass all arguments through to the pg_graphql resolve func
        DROP FUNCTION IF EXISTS graphql_public.graphql;
        create or replace function graphql_public.graphql(
            "operationName" text default null,
            query text default null,
            variables jsonb default null,
            extensions jsonb default null
        )
            returns jsonb
            language sql
        as $$
            select graphql.resolve(
                query := query,
                variables := coalesce(variables, '{}'),
                "operationName" := "operationName",
                extensions := extensions
            );
        $$;

        -- This hook executes when `graphql.resolve` is created. That is not necessarily the last
        -- function in the extension so we need to grant permissions on existing entities AND
        -- update default permissions to any others that are created after `graphql.resolve`
        grant usage on schema graphql to postgres, anon, authenticated, service_role;
        grant select on all tables in schema graphql to postgres, anon, authenticated, service_role;
        grant execute on all functions in schema graphql to postgres, anon, authenticated, service_role;
        grant all on all sequences in schema graphql to postgres, anon, authenticated, service_role;
        alter default privileges in schema graphql grant all on tables to postgres, anon, authenticated, service_role;
        alter default privileges in schema graphql grant all on functions to postgres, anon, authenticated, service_role;
        alter default privileges in schema graphql grant all on sequences to postgres, anon, authenticated, service_role;

        -- Allow postgres role to allow granting usage on graphql and graphql_public schemas to custom roles
        grant usage on schema graphql_public to postgres with grant option;
        grant usage on schema graphql to postgres with grant option;
    END IF;

END;
$_$;


ALTER FUNCTION extensions.grant_pg_graphql_access() OWNER TO supabase_admin;

--
-- Name: FUNCTION grant_pg_graphql_access(); Type: COMMENT; Schema: extensions; Owner: supabase_admin
--

COMMENT ON FUNCTION extensions.grant_pg_graphql_access() IS 'Grants access to pg_graphql';


--
-- Name: grant_pg_net_access(); Type: FUNCTION; Schema: extensions; Owner: supabase_admin
--

CREATE FUNCTION extensions.grant_pg_net_access() RETURNS event_trigger
    LANGUAGE plpgsql
    AS $$
BEGIN
  IF EXISTS (
    SELECT 1
    FROM pg_event_trigger_ddl_commands() AS ev
    JOIN pg_extension AS ext
    ON ev.objid = ext.oid
    WHERE ext.extname = 'pg_net'
  )
  THEN
    IF NOT EXISTS (
      SELECT 1
      FROM pg_roles
      WHERE rolname = 'supabase_functions_admin'
    )
    THEN
      CREATE USER supabase_functions_admin NOINHERIT CREATEROLE LOGIN NOREPLICATION;
    END IF;

    GRANT USAGE ON SCHEMA net TO supabase_functions_admin, postgres, anon, authenticated, service_role;

    IF EXISTS (
      SELECT FROM pg_extension
      WHERE extname = 'pg_net'
      -- all versions in use on existing projects as of 2025-02-20
      -- version 0.12.0 onwards don't need these applied
      AND extversion IN ('0.2', '0.6', '0.7', '0.7.1', '0.8', '0.10.0', '0.11.0')
    ) THEN
      ALTER function net.http_get(url text, params jsonb, headers jsonb, timeout_milliseconds integer) SECURITY DEFINER;
      ALTER function net.http_post(url text, body jsonb, params jsonb, headers jsonb, timeout_milliseconds integer) SECURITY DEFINER;

      ALTER function net.http_get(url text, params jsonb, headers jsonb, timeout_milliseconds integer) SET search_path = net;
      ALTER function net.http_post(url text, body jsonb, params jsonb, headers jsonb, timeout_milliseconds integer) SET search_path = net;

      REVOKE ALL ON FUNCTION net.http_get(url text, params jsonb, headers jsonb, timeout_milliseconds integer) FROM PUBLIC;
      REVOKE ALL ON FUNCTION net.http_post(url text, body jsonb, params jsonb, headers jsonb, timeout_milliseconds integer) FROM PUBLIC;

      GRANT EXECUTE ON FUNCTION net.http_get(url text, params jsonb, headers jsonb, timeout_milliseconds integer) TO supabase_functions_admin, postgres, anon, authenticated, service_role;
      GRANT EXECUTE ON FUNCTION net.http_post(url text, body jsonb, params jsonb, headers jsonb, timeout_milliseconds integer) TO supabase_functions_admin, postgres, anon, authenticated, service_role;
    END IF;
  END IF;
END;
$$;


ALTER FUNCTION extensions.grant_pg_net_access() OWNER TO supabase_admin;

--
-- Name: FUNCTION grant_pg_net_access(); Type: COMMENT; Schema: extensions; Owner: supabase_admin
--

COMMENT ON FUNCTION extensions.grant_pg_net_access() IS 'Grants access to pg_net';


--
-- Name: pgrst_ddl_watch(); Type: FUNCTION; Schema: extensions; Owner: supabase_admin
--

CREATE FUNCTION extensions.pgrst_ddl_watch() RETURNS event_trigger
    LANGUAGE plpgsql
    AS $$
DECLARE
  cmd record;
BEGIN
  FOR cmd IN SELECT * FROM pg_event_trigger_ddl_commands()
  LOOP
    IF cmd.command_tag IN (
      'CREATE SCHEMA', 'ALTER SCHEMA'
    , 'CREATE TABLE', 'CREATE TABLE AS', 'SELECT INTO', 'ALTER TABLE'
    , 'CREATE FOREIGN TABLE', 'ALTER FOREIGN TABLE'
    , 'CREATE VIEW', 'ALTER VIEW'
    , 'CREATE MATERIALIZED VIEW', 'ALTER MATERIALIZED VIEW'
    , 'CREATE FUNCTION', 'ALTER FUNCTION'
    , 'CREATE TRIGGER'
    , 'CREATE TYPE', 'ALTER TYPE'
    , 'CREATE RULE'
    , 'COMMENT'
    )
    -- don't notify in case of CREATE TEMP table or other objects created on pg_temp
    AND cmd.schema_name is distinct from 'pg_temp'
    THEN
      NOTIFY pgrst, 'reload schema';
    END IF;
  END LOOP;
END; $$;


ALTER FUNCTION extensions.pgrst_ddl_watch() OWNER TO supabase_admin;

--
-- Name: pgrst_drop_watch(); Type: FUNCTION; Schema: extensions; Owner: supabase_admin
--

CREATE FUNCTION extensions.pgrst_drop_watch() RETURNS event_trigger
    LANGUAGE plpgsql
    AS $$
DECLARE
  obj record;
BEGIN
  FOR obj IN SELECT * FROM pg_event_trigger_dropped_objects()
  LOOP
    IF obj.object_type IN (
      'schema'
    , 'table'
    , 'foreign table'
    , 'view'
    , 'materialized view'
    , 'function'
    , 'trigger'
    , 'type'
    , 'rule'
    )
    AND obj.is_temporary IS false -- no pg_temp objects
    THEN
      NOTIFY pgrst, 'reload schema';
    END IF;
  END LOOP;
END; $$;


ALTER FUNCTION extensions.pgrst_drop_watch() OWNER TO supabase_admin;

--
-- Name: set_graphql_placeholder(); Type: FUNCTION; Schema: extensions; Owner: supabase_admin
--

CREATE FUNCTION extensions.set_graphql_placeholder() RETURNS event_trigger
    LANGUAGE plpgsql
    AS $_$
    DECLARE
    graphql_is_dropped bool;
    BEGIN
    graphql_is_dropped = (
        SELECT ev.schema_name = 'graphql_public'
        FROM pg_event_trigger_dropped_objects() AS ev
        WHERE ev.schema_name = 'graphql_public'
    );

    IF graphql_is_dropped
    THEN
        create or replace function graphql_public.graphql(
            "operationName" text default null,
            query text default null,
            variables jsonb default null,
            extensions jsonb default null
        )
            returns jsonb
            language plpgsql
        as $$
            DECLARE
                server_version float;
            BEGIN
                server_version = (SELECT (SPLIT_PART((select version()), ' ', 2))::float);

                IF server_version >= 14 THEN
                    RETURN jsonb_build_object(
                        'errors', jsonb_build_array(
                            jsonb_build_object(
                                'message', 'pg_graphql extension is not enabled.'
                            )
                        )
                    );
                ELSE
                    RETURN jsonb_build_object(
                        'errors', jsonb_build_array(
                            jsonb_build_object(
                                'message', 'pg_graphql is only available on projects running Postgres 14 onwards.'
                            )
                        )
                    );
                END IF;
            END;
        $$;
    END IF;

    END;
$_$;


ALTER FUNCTION extensions.set_graphql_placeholder() OWNER TO supabase_admin;

--
-- Name: FUNCTION set_graphql_placeholder(); Type: COMMENT; Schema: extensions; Owner: supabase_admin
--

COMMENT ON FUNCTION extensions.set_graphql_placeholder() IS 'Reintroduces placeholder function for graphql_public.graphql';


--
-- Name: get_auth(text); Type: FUNCTION; Schema: pgbouncer; Owner: supabase_admin
--

CREATE FUNCTION pgbouncer.get_auth(p_usename text) RETURNS TABLE(username text, password text)
    LANGUAGE plpgsql SECURITY DEFINER
    AS $_$
begin
    raise debug 'PgBouncer auth request: %', p_usename;

    return query
    select 
        rolname::text, 
        case when rolvaliduntil < now() 
            then null 
            else rolpassword::text 
        end 
    from pg_authid 
    where rolname=$1 and rolcanlogin;
end;
$_$;


ALTER FUNCTION pgbouncer.get_auth(p_usename text) OWNER TO supabase_admin;

SET default_tablespace = '';

SET default_table_access_method = heap;

--
-- Name: artists; Type: TABLE; Schema: public; Owner: postgres
--

CREATE TABLE public.artists (
    id uuid DEFAULT gen_random_uuid() NOT NULL,
    first_name text NOT NULL,
    last_name text,
    profile_picture text,
    bio text NOT NULL,
    created_at timestamp with time zone DEFAULT now() NOT NULL,
    url_id text,
    published boolean DEFAULT true NOT NULL,
    searchable boolean DEFAULT true,
    show_in_homepage boolean DEFAULT true NOT NULL,
    url text,
    subtitle text,
    has_subtitle boolean DEFAULT true NOT NULL
);


ALTER TABLE public.artists OWNER TO postgres;

--
-- Name: combined_search_names(public.artists); Type: FUNCTION; Schema: public; Owner: postgres
--

CREATE FUNCTION public.combined_search_names(public.artists) RETURNS text
    LANGUAGE sql IMMUTABLE
    AS $_$
  select $1.first_name || ' ' || $1.last_name;
$_$;


ALTER FUNCTION public.combined_search_names(public.artists) OWNER TO postgres;

--
-- Name: apply_rls(jsonb, integer); Type: FUNCTION; Schema: realtime; Owner: supabase_admin
--

CREATE FUNCTION realtime.apply_rls(wal jsonb, max_record_bytes integer DEFAULT (1024 * 1024)) RETURNS SETOF realtime.wal_rls
    LANGUAGE plpgsql
    AS $$
declare
-- Regclass of the table e.g. public.notes
entity_ regclass = (quote_ident(wal ->> 'schema') || '.' || quote_ident(wal ->> 'table'))::regclass;

-- I, U, D, T: insert, update ...
action realtime.action = (
    case wal ->> 'action'
        when 'I' then 'INSERT'
        when 'U' then 'UPDATE'
        when 'D' then 'DELETE'
        else 'ERROR'
    end
);

-- Is row level security enabled for the table
is_rls_enabled bool = relrowsecurity from pg_class where oid = entity_;

subscriptions realtime.subscription[] = array_agg(subs)
    from
        realtime.subscription subs
    where
        subs.entity = entity_;

-- Subscription vars
roles regrole[] = array_agg(distinct us.claims_role::text)
    from
        unnest(subscriptions) us;

working_role regrole;
claimed_role regrole;
claims jsonb;

subscription_id uuid;
subscription_has_access bool;
visible_to_subscription_ids uuid[] = '{}';

-- structured info for wal's columns
columns realtime.wal_column[];
-- previous identity values for update/delete
old_columns realtime.wal_column[];

error_record_exceeds_max_size boolean = octet_length(wal::text) > max_record_bytes;

-- Primary jsonb output for record
output jsonb;

begin
perform set_config('role', null, true);

columns =
    array_agg(
        (
            x->>'name',
            x->>'type',
            x->>'typeoid',
            realtime.cast(
                (x->'value') #>> '{}',
                coalesce(
                    (x->>'typeoid')::regtype, -- null when wal2json version <= 2.4
                    (x->>'type')::regtype
                )
            ),
            (pks ->> 'name') is not null,
            true
        )::realtime.wal_column
    )
    from
        jsonb_array_elements(wal -> 'columns') x
        left join jsonb_array_elements(wal -> 'pk') pks
            on (x ->> 'name') = (pks ->> 'name');

old_columns =
    array_agg(
        (
            x->>'name',
            x->>'type',
            x->>'typeoid',
            realtime.cast(
                (x->'value') #>> '{}',
                coalesce(
                    (x->>'typeoid')::regtype, -- null when wal2json version <= 2.4
                    (x->>'type')::regtype
                )
            ),
            (pks ->> 'name') is not null,
            true
        )::realtime.wal_column
    )
    from
        jsonb_array_elements(wal -> 'identity') x
        left join jsonb_array_elements(wal -> 'pk') pks
            on (x ->> 'name') = (pks ->> 'name');

for working_role in select * from unnest(roles) loop

    -- Update `is_selectable` for columns and old_columns
    columns =
        array_agg(
            (
                c.name,
                c.type_name,
                c.type_oid,
                c.value,
                c.is_pkey,
                pg_catalog.has_column_privilege(working_role, entity_, c.name, 'SELECT')
            )::realtime.wal_column
        )
        from
            unnest(columns) c;

    old_columns =
            array_agg(
                (
                    c.name,
                    c.type_name,
                    c.type_oid,
                    c.value,
                    c.is_pkey,
                    pg_catalog.has_column_privilege(working_role, entity_, c.name, 'SELECT')
                )::realtime.wal_column
            )
            from
                unnest(old_columns) c;

    if action <> 'DELETE' and count(1) = 0 from unnest(columns) c where c.is_pkey then
        return next (
            jsonb_build_object(
                'schema', wal ->> 'schema',
                'table', wal ->> 'table',
                'type', action
            ),
            is_rls_enabled,
            -- subscriptions is already filtered by entity
            (select array_agg(s.subscription_id) from unnest(subscriptions) as s where claims_role = working_role),
            array['Error 400: Bad Request, no primary key']
        )::realtime.wal_rls;

    -- The claims role does not have SELECT permission to the primary key of entity
    elsif action <> 'DELETE' and sum(c.is_selectable::int) <> count(1) from unnest(columns) c where c.is_pkey then
        return next (
            jsonb_build_object(
                'schema', wal ->> 'schema',
                'table', wal ->> 'table',
                'type', action
            ),
            is_rls_enabled,
            (select array_agg(s.subscription_id) from unnest(subscriptions) as s where claims_role = working_role),
            array['Error 401: Unauthorized']
        )::realtime.wal_rls;

    else
        output = jsonb_build_object(
            'schema', wal ->> 'schema',
            'table', wal ->> 'table',
            'type', action,
            'commit_timestamp', to_char(
                ((wal ->> 'timestamp')::timestamptz at time zone 'utc'),
                'YYYY-MM-DD"T"HH24:MI:SS.MS"Z"'
            ),
            'columns', (
                select
                    jsonb_agg(
                        jsonb_build_object(
                            'name', pa.attname,
                            'type', pt.typname
                        )
                        order by pa.attnum asc
                    )
                from
                    pg_attribute pa
                    join pg_type pt
                        on pa.atttypid = pt.oid
                where
                    attrelid = entity_
                    and attnum > 0
                    and pg_catalog.has_column_privilege(working_role, entity_, pa.attname, 'SELECT')
            )
        )
        -- Add "record" key for insert and update
        || case
            when action in ('INSERT', 'UPDATE') then
                jsonb_build_object(
                    'record',
                    (
                        select
                            jsonb_object_agg(
                                -- if unchanged toast, get column name and value from old record
                                coalesce((c).name, (oc).name),
                                case
                                    when (c).name is null then (oc).value
                                    else (c).value
                                end
                            )
                        from
                            unnest(columns) c
                            full outer join unnest(old_columns) oc
                                on (c).name = (oc).name
                        where
                            coalesce((c).is_selectable, (oc).is_selectable)
                            and ( not error_record_exceeds_max_size or (octet_length((c).value::text) <= 64))
                    )
                )
            else '{}'::jsonb
        end
        -- Add "old_record" key for update and delete
        || case
            when action = 'UPDATE' then
                jsonb_build_object(
                        'old_record',
                        (
                            select jsonb_object_agg((c).name, (c).value)
                            from unnest(old_columns) c
                            where
                                (c).is_selectable
                                and ( not error_record_exceeds_max_size or (octet_length((c).value::text) <= 64))
                        )
                    )
            when action = 'DELETE' then
                jsonb_build_object(
                    'old_record',
                    (
                        select jsonb_object_agg((c).name, (c).value)
                        from unnest(old_columns) c
                        where
                            (c).is_selectable
                            and ( not error_record_exceeds_max_size or (octet_length((c).value::text) <= 64))
                            and ( not is_rls_enabled or (c).is_pkey ) -- if RLS enabled, we can't secure deletes so filter to pkey
                    )
                )
            else '{}'::jsonb
        end;

        -- Create the prepared statement
        if is_rls_enabled and action <> 'DELETE' then
            if (select 1 from pg_prepared_statements where name = 'walrus_rls_stmt' limit 1) > 0 then
                deallocate walrus_rls_stmt;
            end if;
            execute realtime.build_prepared_statement_sql('walrus_rls_stmt', entity_, columns);
        end if;

        visible_to_subscription_ids = '{}';

        for subscription_id, claims in (
                select
                    subs.subscription_id,
                    subs.claims
                from
                    unnest(subscriptions) subs
                where
                    subs.entity = entity_
                    and subs.claims_role = working_role
                    and (
                        realtime.is_visible_through_filters(columns, subs.filters)
                        or (
                          action = 'DELETE'
                          and realtime.is_visible_through_filters(old_columns, subs.filters)
                        )
                    )
        ) loop

            if not is_rls_enabled or action = 'DELETE' then
                visible_to_subscription_ids = visible_to_subscription_ids || subscription_id;
            else
                -- Check if RLS allows the role to see the record
                perform
                    -- Trim leading and trailing quotes from working_role because set_config
                    -- doesn't recognize the role as valid if they are included
                    set_config('role', trim(both '"' from working_role::text), true),
                    set_config('request.jwt.claims', claims::text, true);

                execute 'execute walrus_rls_stmt' into subscription_has_access;

                if subscription_has_access then
                    visible_to_subscription_ids = visible_to_subscription_ids || subscription_id;
                end if;
            end if;
        end loop;

        perform set_config('role', null, true);

        return next (
            output,
            is_rls_enabled,
            visible_to_subscription_ids,
            case
                when error_record_exceeds_max_size then array['Error 413: Payload Too Large']
                else '{}'
            end
        )::realtime.wal_rls;

    end if;
end loop;

perform set_config('role', null, true);
end;
$$;


ALTER FUNCTION realtime.apply_rls(wal jsonb, max_record_bytes integer) OWNER TO supabase_admin;

--
-- Name: broadcast_changes(text, text, text, text, text, record, record, text); Type: FUNCTION; Schema: realtime; Owner: supabase_admin
--

CREATE FUNCTION realtime.broadcast_changes(topic_name text, event_name text, operation text, table_name text, table_schema text, new record, old record, level text DEFAULT 'ROW'::text) RETURNS void
    LANGUAGE plpgsql
    AS $$
DECLARE
    -- Declare a variable to hold the JSONB representation of the row
    row_data jsonb := '{}'::jsonb;
BEGIN
    IF level = 'STATEMENT' THEN
        RAISE EXCEPTION 'function can only be triggered for each row, not for each statement';
    END IF;
    -- Check the operation type and handle accordingly
    IF operation = 'INSERT' OR operation = 'UPDATE' OR operation = 'DELETE' THEN
        row_data := jsonb_build_object('old_record', OLD, 'record', NEW, 'operation', operation, 'table', table_name, 'schema', table_schema);
        PERFORM realtime.send (row_data, event_name, topic_name);
    ELSE
        RAISE EXCEPTION 'Unexpected operation type: %', operation;
    END IF;
EXCEPTION
    WHEN OTHERS THEN
        RAISE EXCEPTION 'Failed to process the row: %', SQLERRM;
END;

$$;


ALTER FUNCTION realtime.broadcast_changes(topic_name text, event_name text, operation text, table_name text, table_schema text, new record, old record, level text) OWNER TO supabase_admin;

--
-- Name: build_prepared_statement_sql(text, regclass, realtime.wal_column[]); Type: FUNCTION; Schema: realtime; Owner: supabase_admin
--

CREATE FUNCTION realtime.build_prepared_statement_sql(prepared_statement_name text, entity regclass, columns realtime.wal_column[]) RETURNS text
    LANGUAGE sql
    AS $$
      /*
      Builds a sql string that, if executed, creates a prepared statement to
      tests retrive a row from *entity* by its primary key columns.
      Example
          select realtime.build_prepared_statement_sql('public.notes', '{"id"}'::text[], '{"bigint"}'::text[])
      */
          select
      'prepare ' || prepared_statement_name || ' as
          select
              exists(
                  select
                      1
                  from
                      ' || entity || '
                  where
                      ' || string_agg(quote_ident(pkc.name) || '=' || quote_nullable(pkc.value #>> '{}') , ' and ') || '
              )'
          from
              unnest(columns) pkc
          where
              pkc.is_pkey
          group by
              entity
      $$;


ALTER FUNCTION realtime.build_prepared_statement_sql(prepared_statement_name text, entity regclass, columns realtime.wal_column[]) OWNER TO supabase_admin;

--
-- Name: cast(text, regtype); Type: FUNCTION; Schema: realtime; Owner: supabase_admin
--

CREATE FUNCTION realtime."cast"(val text, type_ regtype) RETURNS jsonb
    LANGUAGE plpgsql IMMUTABLE
    AS $$
    declare
      res jsonb;
    begin
      execute format('select to_jsonb(%L::'|| type_::text || ')', val)  into res;
      return res;
    end
    $$;


ALTER FUNCTION realtime."cast"(val text, type_ regtype) OWNER TO supabase_admin;

--
-- Name: check_equality_op(realtime.equality_op, regtype, text, text); Type: FUNCTION; Schema: realtime; Owner: supabase_admin
--

CREATE FUNCTION realtime.check_equality_op(op realtime.equality_op, type_ regtype, val_1 text, val_2 text) RETURNS boolean
    LANGUAGE plpgsql IMMUTABLE
    AS $$
      /*
      Casts *val_1* and *val_2* as type *type_* and check the *op* condition for truthiness
      */
      declare
          op_symbol text = (
              case
                  when op = 'eq' then '='
                  when op = 'neq' then '!='
                  when op = 'lt' then '<'
                  when op = 'lte' then '<='
                  when op = 'gt' then '>'
                  when op = 'gte' then '>='
                  when op = 'in' then '= any'
                  else 'UNKNOWN OP'
              end
          );
          res boolean;
      begin
          execute format(
              'select %L::'|| type_::text || ' ' || op_symbol
              || ' ( %L::'
              || (
                  case
                      when op = 'in' then type_::text || '[]'
                      else type_::text end
              )
              || ')', val_1, val_2) into res;
          return res;
      end;
      $$;


ALTER FUNCTION realtime.check_equality_op(op realtime.equality_op, type_ regtype, val_1 text, val_2 text) OWNER TO supabase_admin;

--
-- Name: is_visible_through_filters(realtime.wal_column[], realtime.user_defined_filter[]); Type: FUNCTION; Schema: realtime; Owner: supabase_admin
--

CREATE FUNCTION realtime.is_visible_through_filters(columns realtime.wal_column[], filters realtime.user_defined_filter[]) RETURNS boolean
    LANGUAGE sql IMMUTABLE
    AS $_$
    /*
    Should the record be visible (true) or filtered out (false) after *filters* are applied
    */
        select
            -- Default to allowed when no filters present
            $2 is null -- no filters. this should not happen because subscriptions has a default
            or array_length($2, 1) is null -- array length of an empty array is null
            or bool_and(
                coalesce(
                    realtime.check_equality_op(
                        op:=f.op,
                        type_:=coalesce(
                            col.type_oid::regtype, -- null when wal2json version <= 2.4
                            col.type_name::regtype
                        ),
                        -- cast jsonb to text
                        val_1:=col.value #>> '{}',
                        val_2:=f.value
                    ),
                    false -- if null, filter does not match
                )
            )
        from
            unnest(filters) f
            join unnest(columns) col
                on f.column_name = col.name;
    $_$;


ALTER FUNCTION realtime.is_visible_through_filters(columns realtime.wal_column[], filters realtime.user_defined_filter[]) OWNER TO supabase_admin;

--
-- Name: list_changes(name, name, integer, integer); Type: FUNCTION; Schema: realtime; Owner: supabase_admin
--

CREATE FUNCTION realtime.list_changes(publication name, slot_name name, max_changes integer, max_record_bytes integer) RETURNS SETOF realtime.wal_rls
    LANGUAGE sql
    SET log_min_messages TO 'fatal'
    AS $$
      with pub as (
        select
          concat_ws(
            ',',
            case when bool_or(pubinsert) then 'insert' else null end,
            case when bool_or(pubupdate) then 'update' else null end,
            case when bool_or(pubdelete) then 'delete' else null end
          ) as w2j_actions,
          coalesce(
            string_agg(
              realtime.quote_wal2json(format('%I.%I', schemaname, tablename)::regclass),
              ','
            ) filter (where ppt.tablename is not null and ppt.tablename not like '% %'),
            ''
          ) w2j_add_tables
        from
          pg_publication pp
          left join pg_publication_tables ppt
            on pp.pubname = ppt.pubname
        where
          pp.pubname = publication
        group by
          pp.pubname
        limit 1
      ),
      w2j as (
        select
          x.*, pub.w2j_add_tables
        from
          pub,
          pg_logical_slot_get_changes(
            slot_name, null, max_changes,
            'include-pk', 'true',
            'include-transaction', 'false',
            'include-timestamp', 'true',
            'include-type-oids', 'true',
            'format-version', '2',
            'actions', pub.w2j_actions,
            'add-tables', pub.w2j_add_tables
          ) x
      )
      select
        xyz.wal,
        xyz.is_rls_enabled,
        xyz.subscription_ids,
        xyz.errors
      from
        w2j,
        realtime.apply_rls(
          wal := w2j.data::jsonb,
          max_record_bytes := max_record_bytes
        ) xyz(wal, is_rls_enabled, subscription_ids, errors)
      where
        w2j.w2j_add_tables <> ''
        and xyz.subscription_ids[1] is not null
    $$;


ALTER FUNCTION realtime.list_changes(publication name, slot_name name, max_changes integer, max_record_bytes integer) OWNER TO supabase_admin;

--
-- Name: quote_wal2json(regclass); Type: FUNCTION; Schema: realtime; Owner: supabase_admin
--

CREATE FUNCTION realtime.quote_wal2json(entity regclass) RETURNS text
    LANGUAGE sql IMMUTABLE STRICT
    AS $$
      select
        (
          select string_agg('' || ch,'')
          from unnest(string_to_array(nsp.nspname::text, null)) with ordinality x(ch, idx)
          where
            not (x.idx = 1 and x.ch = '"')
            and not (
              x.idx = array_length(string_to_array(nsp.nspname::text, null), 1)
              and x.ch = '"'
            )
        )
        || '.'
        || (
          select string_agg('' || ch,'')
          from unnest(string_to_array(pc.relname::text, null)) with ordinality x(ch, idx)
          where
            not (x.idx = 1 and x.ch = '"')
            and not (
              x.idx = array_length(string_to_array(nsp.nspname::text, null), 1)
              and x.ch = '"'
            )
          )
      from
        pg_class pc
        join pg_namespace nsp
          on pc.relnamespace = nsp.oid
      where
        pc.oid = entity
    $$;


ALTER FUNCTION realtime.quote_wal2json(entity regclass) OWNER TO supabase_admin;

--
-- Name: send(jsonb, text, text, boolean); Type: FUNCTION; Schema: realtime; Owner: supabase_admin
--

CREATE FUNCTION realtime.send(payload jsonb, event text, topic text, private boolean DEFAULT true) RETURNS void
    LANGUAGE plpgsql
    AS $$
BEGIN
  BEGIN
    -- Set the topic configuration
    EXECUTE format('SET LOCAL realtime.topic TO %L', topic);

    -- Attempt to insert the message
    INSERT INTO realtime.messages (payload, event, topic, private, extension)
    VALUES (payload, event, topic, private, 'broadcast');
  EXCEPTION
    WHEN OTHERS THEN
      -- Capture and notify the error
      RAISE WARNING 'ErrorSendingBroadcastMessage: %', SQLERRM;
  END;
END;
$$;


ALTER FUNCTION realtime.send(payload jsonb, event text, topic text, private boolean) OWNER TO supabase_admin;

--
-- Name: subscription_check_filters(); Type: FUNCTION; Schema: realtime; Owner: supabase_admin
--

CREATE FUNCTION realtime.subscription_check_filters() RETURNS trigger
    LANGUAGE plpgsql
    AS $$
    /*
    Validates that the user defined filters for a subscription:
    - refer to valid columns that the claimed role may access
    - values are coercable to the correct column type
    */
    declare
        col_names text[] = coalesce(
                array_agg(c.column_name order by c.ordinal_position),
                '{}'::text[]
            )
            from
                information_schema.columns c
            where
                format('%I.%I', c.table_schema, c.table_name)::regclass = new.entity
                and pg_catalog.has_column_privilege(
                    (new.claims ->> 'role'),
                    format('%I.%I', c.table_schema, c.table_name)::regclass,
                    c.column_name,
                    'SELECT'
                );
        filter realtime.user_defined_filter;
        col_type regtype;

        in_val jsonb;
    begin
        for filter in select * from unnest(new.filters) loop
            -- Filtered column is valid
            if not filter.column_name = any(col_names) then
                raise exception 'invalid column for filter %', filter.column_name;
            end if;

            -- Type is sanitized and safe for string interpolation
            col_type = (
                select atttypid::regtype
                from pg_catalog.pg_attribute
                where attrelid = new.entity
                      and attname = filter.column_name
            );
            if col_type is null then
                raise exception 'failed to lookup type for column %', filter.column_name;
            end if;

            -- Set maximum number of entries for in filter
            if filter.op = 'in'::realtime.equality_op then
                in_val = realtime.cast(filter.value, (col_type::text || '[]')::regtype);
                if coalesce(jsonb_array_length(in_val), 0) > 100 then
                    raise exception 'too many values for `in` filter. Maximum 100';
                end if;
            else
                -- raises an exception if value is not coercable to type
                perform realtime.cast(filter.value, col_type);
            end if;

        end loop;

        -- Apply consistent order to filters so the unique constraint on
        -- (subscription_id, entity, filters) can't be tricked by a different filter order
        new.filters = coalesce(
            array_agg(f order by f.column_name, f.op, f.value),
            '{}'
        ) from unnest(new.filters) f;

        return new;
    end;
    $$;


ALTER FUNCTION realtime.subscription_check_filters() OWNER TO supabase_admin;

--
-- Name: to_regrole(text); Type: FUNCTION; Schema: realtime; Owner: supabase_admin
--

CREATE FUNCTION realtime.to_regrole(role_name text) RETURNS regrole
    LANGUAGE sql IMMUTABLE
    AS $$ select role_name::regrole $$;


ALTER FUNCTION realtime.to_regrole(role_name text) OWNER TO supabase_admin;

--
-- Name: topic(); Type: FUNCTION; Schema: realtime; Owner: supabase_realtime_admin
--

CREATE FUNCTION realtime.topic() RETURNS text
    LANGUAGE sql STABLE
    AS $$
select nullif(current_setting('realtime.topic', true), '')::text;
$$;


ALTER FUNCTION realtime.topic() OWNER TO supabase_realtime_admin;

--
-- Name: add_prefixes(text, text); Type: FUNCTION; Schema: storage; Owner: supabase_storage_admin
--

CREATE FUNCTION storage.add_prefixes(_bucket_id text, _name text) RETURNS void
    LANGUAGE plpgsql SECURITY DEFINER
    AS $$
DECLARE
    prefixes text[];
BEGIN
    prefixes := "storage"."get_prefixes"("_name");

    IF array_length(prefixes, 1) > 0 THEN
        INSERT INTO storage.prefixes (name, bucket_id)
        SELECT UNNEST(prefixes) as name, "_bucket_id" ON CONFLICT DO NOTHING;
    END IF;
END;
$$;


ALTER FUNCTION storage.add_prefixes(_bucket_id text, _name text) OWNER TO supabase_storage_admin;

--
-- Name: can_insert_object(text, text, uuid, jsonb); Type: FUNCTION; Schema: storage; Owner: supabase_storage_admin
--

CREATE FUNCTION storage.can_insert_object(bucketid text, name text, owner uuid, metadata jsonb) RETURNS void
    LANGUAGE plpgsql
    AS $$
BEGIN
  INSERT INTO "storage"."objects" ("bucket_id", "name", "owner", "metadata") VALUES (bucketid, name, owner, metadata);
  -- hack to rollback the successful insert
  RAISE sqlstate 'PT200' using
  message = 'ROLLBACK',
  detail = 'rollback successful insert';
END
$$;


ALTER FUNCTION storage.can_insert_object(bucketid text, name text, owner uuid, metadata jsonb) OWNER TO supabase_storage_admin;

--
-- Name: delete_prefix(text, text); Type: FUNCTION; Schema: storage; Owner: supabase_storage_admin
--

CREATE FUNCTION storage.delete_prefix(_bucket_id text, _name text) RETURNS boolean
    LANGUAGE plpgsql SECURITY DEFINER
    AS $$
BEGIN
    -- Check if we can delete the prefix
    IF EXISTS(
        SELECT FROM "storage"."prefixes"
        WHERE "prefixes"."bucket_id" = "_bucket_id"
          AND level = "storage"."get_level"("_name") + 1
          AND "prefixes"."name" COLLATE "C" LIKE "_name" || '/%'
        LIMIT 1
    )
    OR EXISTS(
        SELECT FROM "storage"."objects"
        WHERE "objects"."bucket_id" = "_bucket_id"
          AND "storage"."get_level"("objects"."name") = "storage"."get_level"("_name") + 1
          AND "objects"."name" COLLATE "C" LIKE "_name" || '/%'
        LIMIT 1
    ) THEN
    -- There are sub-objects, skip deletion
    RETURN false;
    ELSE
        DELETE FROM "storage"."prefixes"
        WHERE "prefixes"."bucket_id" = "_bucket_id"
          AND level = "storage"."get_level"("_name")
          AND "prefixes"."name" = "_name";
        RETURN true;
    END IF;
END;
$$;


ALTER FUNCTION storage.delete_prefix(_bucket_id text, _name text) OWNER TO supabase_storage_admin;

--
-- Name: delete_prefix_hierarchy_trigger(); Type: FUNCTION; Schema: storage; Owner: supabase_storage_admin
--

CREATE FUNCTION storage.delete_prefix_hierarchy_trigger() RETURNS trigger
    LANGUAGE plpgsql
    AS $$
DECLARE
    prefix text;
BEGIN
    prefix := "storage"."get_prefix"(OLD."name");

    IF coalesce(prefix, '') != '' THEN
        PERFORM "storage"."delete_prefix"(OLD."bucket_id", prefix);
    END IF;

    RETURN OLD;
END;
$$;


ALTER FUNCTION storage.delete_prefix_hierarchy_trigger() OWNER TO supabase_storage_admin;

--
-- Name: extension(text); Type: FUNCTION; Schema: storage; Owner: supabase_storage_admin
--

CREATE FUNCTION storage.extension(name text) RETURNS text
    LANGUAGE plpgsql
    AS $$
DECLARE
_parts text[];
_filename text;
BEGIN
	select string_to_array(name, '/') into _parts;
	select _parts[array_length(_parts,1)] into _filename;
	-- @todo return the last part instead of 2
	return reverse(split_part(reverse(_filename), '.', 1));
END
$$;


ALTER FUNCTION storage.extension(name text) OWNER TO supabase_storage_admin;

--
-- Name: filename(text); Type: FUNCTION; Schema: storage; Owner: supabase_storage_admin
--

CREATE FUNCTION storage.filename(name text) RETURNS text
    LANGUAGE plpgsql
    AS $$
DECLARE
_parts text[];
BEGIN
	select string_to_array(name, '/') into _parts;
	return _parts[array_length(_parts,1)];
END
$$;


ALTER FUNCTION storage.filename(name text) OWNER TO supabase_storage_admin;

--
-- Name: foldername(text); Type: FUNCTION; Schema: storage; Owner: supabase_storage_admin
--

CREATE FUNCTION storage.foldername(name text) RETURNS text[]
    LANGUAGE plpgsql
    AS $$
DECLARE
_parts text[];
BEGIN
	select string_to_array(name, '/') into _parts;
	return _parts[1:array_length(_parts,1)-1];
END
$$;


ALTER FUNCTION storage.foldername(name text) OWNER TO supabase_storage_admin;

--
-- Name: get_level(text); Type: FUNCTION; Schema: storage; Owner: supabase_storage_admin
--

CREATE FUNCTION storage.get_level(name text) RETURNS integer
    LANGUAGE sql IMMUTABLE STRICT
    AS $$
SELECT array_length(string_to_array("name", '/'), 1);
$$;


ALTER FUNCTION storage.get_level(name text) OWNER TO supabase_storage_admin;

--
-- Name: get_prefix(text); Type: FUNCTION; Schema: storage; Owner: supabase_storage_admin
--

CREATE FUNCTION storage.get_prefix(name text) RETURNS text
    LANGUAGE sql IMMUTABLE STRICT
    AS $_$
SELECT
    CASE WHEN strpos("name", '/') > 0 THEN
             regexp_replace("name", '[\/]{1}[^\/]+\/?$', '')
         ELSE
             ''
        END;
$_$;


ALTER FUNCTION storage.get_prefix(name text) OWNER TO supabase_storage_admin;

--
-- Name: get_prefixes(text); Type: FUNCTION; Schema: storage; Owner: supabase_storage_admin
--

CREATE FUNCTION storage.get_prefixes(name text) RETURNS text[]
    LANGUAGE plpgsql IMMUTABLE STRICT
    AS $$
DECLARE
    parts text[];
    prefixes text[];
    prefix text;
BEGIN
    -- Split the name into parts by '/'
    parts := string_to_array("name", '/');
    prefixes := '{}';

    -- Construct the prefixes, stopping one level below the last part
    FOR i IN 1..array_length(parts, 1) - 1 LOOP
            prefix := array_to_string(parts[1:i], '/');
            prefixes := array_append(prefixes, prefix);
    END LOOP;

    RETURN prefixes;
END;
$$;


ALTER FUNCTION storage.get_prefixes(name text) OWNER TO supabase_storage_admin;

--
-- Name: get_size_by_bucket(); Type: FUNCTION; Schema: storage; Owner: supabase_storage_admin
--

CREATE FUNCTION storage.get_size_by_bucket() RETURNS TABLE(size bigint, bucket_id text)
    LANGUAGE plpgsql
    AS $$
BEGIN
    return query
        select sum((metadata->>'size')::int) as size, obj.bucket_id
        from "storage".objects as obj
        group by obj.bucket_id;
END
$$;


ALTER FUNCTION storage.get_size_by_bucket() OWNER TO supabase_storage_admin;

--
-- Name: list_multipart_uploads_with_delimiter(text, text, text, integer, text, text); Type: FUNCTION; Schema: storage; Owner: supabase_storage_admin
--

CREATE FUNCTION storage.list_multipart_uploads_with_delimiter(bucket_id text, prefix_param text, delimiter_param text, max_keys integer DEFAULT 100, next_key_token text DEFAULT ''::text, next_upload_token text DEFAULT ''::text) RETURNS TABLE(key text, id text, created_at timestamp with time zone)
    LANGUAGE plpgsql
    AS $_$
BEGIN
    RETURN QUERY EXECUTE
        'SELECT DISTINCT ON(key COLLATE "C") * from (
            SELECT
                CASE
                    WHEN position($2 IN substring(key from length($1) + 1)) > 0 THEN
                        substring(key from 1 for length($1) + position($2 IN substring(key from length($1) + 1)))
                    ELSE
                        key
                END AS key, id, created_at
            FROM
                storage.s3_multipart_uploads
            WHERE
                bucket_id = $5 AND
                key ILIKE $1 || ''%'' AND
                CASE
                    WHEN $4 != '''' AND $6 = '''' THEN
                        CASE
                            WHEN position($2 IN substring(key from length($1) + 1)) > 0 THEN
                                substring(key from 1 for length($1) + position($2 IN substring(key from length($1) + 1))) COLLATE "C" > $4
                            ELSE
                                key COLLATE "C" > $4
                            END
                    ELSE
                        true
                END AND
                CASE
                    WHEN $6 != '''' THEN
                        id COLLATE "C" > $6
                    ELSE
                        true
                    END
            ORDER BY
                key COLLATE "C" ASC, created_at ASC) as e order by key COLLATE "C" LIMIT $3'
        USING prefix_param, delimiter_param, max_keys, next_key_token, bucket_id, next_upload_token;
END;
$_$;


ALTER FUNCTION storage.list_multipart_uploads_with_delimiter(bucket_id text, prefix_param text, delimiter_param text, max_keys integer, next_key_token text, next_upload_token text) OWNER TO supabase_storage_admin;

--
-- Name: list_objects_with_delimiter(text, text, text, integer, text, text); Type: FUNCTION; Schema: storage; Owner: supabase_storage_admin
--

CREATE FUNCTION storage.list_objects_with_delimiter(bucket_id text, prefix_param text, delimiter_param text, max_keys integer DEFAULT 100, start_after text DEFAULT ''::text, next_token text DEFAULT ''::text) RETURNS TABLE(name text, id uuid, metadata jsonb, updated_at timestamp with time zone)
    LANGUAGE plpgsql
    AS $_$
BEGIN
    RETURN QUERY EXECUTE
        'SELECT DISTINCT ON(name COLLATE "C") * from (
            SELECT
                CASE
                    WHEN position($2 IN substring(name from length($1) + 1)) > 0 THEN
                        substring(name from 1 for length($1) + position($2 IN substring(name from length($1) + 1)))
                    ELSE
                        name
                END AS name, id, metadata, updated_at
            FROM
                storage.objects
            WHERE
                bucket_id = $5 AND
                name ILIKE $1 || ''%'' AND
                CASE
                    WHEN $6 != '''' THEN
                    name COLLATE "C" > $6
                ELSE true END
                AND CASE
                    WHEN $4 != '''' THEN
                        CASE
                            WHEN position($2 IN substring(name from length($1) + 1)) > 0 THEN
                                substring(name from 1 for length($1) + position($2 IN substring(name from length($1) + 1))) COLLATE "C" > $4
                            ELSE
                                name COLLATE "C" > $4
                            END
                    ELSE
                        true
                END
            ORDER BY
                name COLLATE "C" ASC) as e order by name COLLATE "C" LIMIT $3'
        USING prefix_param, delimiter_param, max_keys, next_token, bucket_id, start_after;
END;
$_$;


ALTER FUNCTION storage.list_objects_with_delimiter(bucket_id text, prefix_param text, delimiter_param text, max_keys integer, start_after text, next_token text) OWNER TO supabase_storage_admin;

--
-- Name: objects_insert_prefix_trigger(); Type: FUNCTION; Schema: storage; Owner: supabase_storage_admin
--

CREATE FUNCTION storage.objects_insert_prefix_trigger() RETURNS trigger
    LANGUAGE plpgsql
    AS $$
BEGIN
    PERFORM "storage"."add_prefixes"(NEW."bucket_id", NEW."name");
    NEW.level := "storage"."get_level"(NEW."name");

    RETURN NEW;
END;
$$;


ALTER FUNCTION storage.objects_insert_prefix_trigger() OWNER TO supabase_storage_admin;

--
-- Name: operation(); Type: FUNCTION; Schema: storage; Owner: supabase_storage_admin
--

CREATE FUNCTION storage.operation() RETURNS text
    LANGUAGE plpgsql STABLE
    AS $$
BEGIN
    RETURN current_setting('storage.operation', true);
END;
$$;


ALTER FUNCTION storage.operation() OWNER TO supabase_storage_admin;

--
-- Name: prefixes_insert_trigger(); Type: FUNCTION; Schema: storage; Owner: supabase_storage_admin
--

CREATE FUNCTION storage.prefixes_insert_trigger() RETURNS trigger
    LANGUAGE plpgsql
    AS $$
BEGIN
    PERFORM "storage"."add_prefixes"(NEW."bucket_id", NEW."name");
    RETURN NEW;
END;
$$;


ALTER FUNCTION storage.prefixes_insert_trigger() OWNER TO supabase_storage_admin;

--
-- Name: search(text, text, integer, integer, integer, text, text, text); Type: FUNCTION; Schema: storage; Owner: supabase_storage_admin
--

CREATE FUNCTION storage.search(prefix text, bucketname text, limits integer DEFAULT 100, levels integer DEFAULT 1, offsets integer DEFAULT 0, search text DEFAULT ''::text, sortcolumn text DEFAULT 'name'::text, sortorder text DEFAULT 'asc'::text) RETURNS TABLE(name text, id uuid, updated_at timestamp with time zone, created_at timestamp with time zone, last_accessed_at timestamp with time zone, metadata jsonb)
    LANGUAGE plpgsql STABLE
    AS $$
declare
    can_bypass_rls BOOLEAN;
begin
    SELECT rolbypassrls
    INTO can_bypass_rls
    FROM pg_roles
    WHERE rolname = coalesce(nullif(current_setting('role', true), 'none'), current_user);

    IF can_bypass_rls THEN
        RETURN QUERY SELECT * FROM storage.search_v1_optimised(prefix, bucketname, limits, levels, offsets, search, sortcolumn, sortorder);
    ELSE
        RETURN QUERY SELECT * FROM storage.search_legacy_v1(prefix, bucketname, limits, levels, offsets, search, sortcolumn, sortorder);
    END IF;
end;
$$;


ALTER FUNCTION storage.search(prefix text, bucketname text, limits integer, levels integer, offsets integer, search text, sortcolumn text, sortorder text) OWNER TO supabase_storage_admin;

--
-- Name: search_legacy_v1(text, text, integer, integer, integer, text, text, text); Type: FUNCTION; Schema: storage; Owner: supabase_storage_admin
--

CREATE FUNCTION storage.search_legacy_v1(prefix text, bucketname text, limits integer DEFAULT 100, levels integer DEFAULT 1, offsets integer DEFAULT 0, search text DEFAULT ''::text, sortcolumn text DEFAULT 'name'::text, sortorder text DEFAULT 'asc'::text) RETURNS TABLE(name text, id uuid, updated_at timestamp with time zone, created_at timestamp with time zone, last_accessed_at timestamp with time zone, metadata jsonb)
    LANGUAGE plpgsql STABLE
    AS $_$
declare
    v_order_by text;
    v_sort_order text;
begin
    case
        when sortcolumn = 'name' then
            v_order_by = 'name';
        when sortcolumn = 'updated_at' then
            v_order_by = 'updated_at';
        when sortcolumn = 'created_at' then
            v_order_by = 'created_at';
        when sortcolumn = 'last_accessed_at' then
            v_order_by = 'last_accessed_at';
        else
            v_order_by = 'name';
        end case;

    case
        when sortorder = 'asc' then
            v_sort_order = 'asc';
        when sortorder = 'desc' then
            v_sort_order = 'desc';
        else
            v_sort_order = 'asc';
        end case;

    v_order_by = v_order_by || ' ' || v_sort_order;

    return query execute
        'with folders as (
           select path_tokens[$1] as folder
           from storage.objects
             where objects.name ilike $2 || $3 || ''%''
               and bucket_id = $4
               and array_length(objects.path_tokens, 1) <> $1
           group by folder
           order by folder ' || v_sort_order || '
     )
     (select folder as "name",
            null as id,
            null as updated_at,
            null as created_at,
            null as last_accessed_at,
            null as metadata from folders)
     union all
     (select path_tokens[$1] as "name",
            id,
            updated_at,
            created_at,
            last_accessed_at,
            metadata
     from storage.objects
     where objects.name ilike $2 || $3 || ''%''
       and bucket_id = $4
       and array_length(objects.path_tokens, 1) = $1
     order by ' || v_order_by || ')
     limit $5
     offset $6' using levels, prefix, search, bucketname, limits, offsets;
end;
$_$;


ALTER FUNCTION storage.search_legacy_v1(prefix text, bucketname text, limits integer, levels integer, offsets integer, search text, sortcolumn text, sortorder text) OWNER TO supabase_storage_admin;

--
-- Name: search_v1_optimised(text, text, integer, integer, integer, text, text, text); Type: FUNCTION; Schema: storage; Owner: supabase_storage_admin
--

CREATE FUNCTION storage.search_v1_optimised(prefix text, bucketname text, limits integer DEFAULT 100, levels integer DEFAULT 1, offsets integer DEFAULT 0, search text DEFAULT ''::text, sortcolumn text DEFAULT 'name'::text, sortorder text DEFAULT 'asc'::text) RETURNS TABLE(name text, id uuid, updated_at timestamp with time zone, created_at timestamp with time zone, last_accessed_at timestamp with time zone, metadata jsonb)
    LANGUAGE plpgsql STABLE
    AS $_$
declare
    v_order_by text;
    v_sort_order text;
begin
    case
        when sortcolumn = 'name' then
            v_order_by = 'name';
        when sortcolumn = 'updated_at' then
            v_order_by = 'updated_at';
        when sortcolumn = 'created_at' then
            v_order_by = 'created_at';
        when sortcolumn = 'last_accessed_at' then
            v_order_by = 'last_accessed_at';
        else
            v_order_by = 'name';
        end case;

    case
        when sortorder = 'asc' then
            v_sort_order = 'asc';
        when sortorder = 'desc' then
            v_sort_order = 'desc';
        else
            v_sort_order = 'asc';
        end case;

    v_order_by = v_order_by || ' ' || v_sort_order;

    return query execute
        'with folders as (
           select (string_to_array(name, ''/''))[level] as name
           from storage.prefixes
             where lower(prefixes.name) like lower($2 || $3) || ''%''
               and bucket_id = $4
               and level = $1
           order by name ' || v_sort_order || '
     )
     (select name,
            null as id,
            null as updated_at,
            null as created_at,
            null as last_accessed_at,
            null as metadata from folders)
     union all
     (select path_tokens[level] as "name",
            id,
            updated_at,
            created_at,
            last_accessed_at,
            metadata
     from storage.objects
     where lower(objects.name) like lower($2 || $3) || ''%''
       and bucket_id = $4
       and level = $1
     order by ' || v_order_by || ')
     limit $5
     offset $6' using levels, prefix, search, bucketname, limits, offsets;
end;
$_$;


ALTER FUNCTION storage.search_v1_optimised(prefix text, bucketname text, limits integer, levels integer, offsets integer, search text, sortcolumn text, sortorder text) OWNER TO supabase_storage_admin;

--
-- Name: search_v2(text, text, integer, integer, text); Type: FUNCTION; Schema: storage; Owner: supabase_storage_admin
--

CREATE FUNCTION storage.search_v2(prefix text, bucket_name text, limits integer DEFAULT 100, levels integer DEFAULT 1, start_after text DEFAULT ''::text) RETURNS TABLE(key text, name text, id uuid, updated_at timestamp with time zone, created_at timestamp with time zone, metadata jsonb)
    LANGUAGE plpgsql STABLE
    AS $_$
BEGIN
    RETURN query EXECUTE
        $sql$
        SELECT * FROM (
            (
                SELECT
                    split_part(name, '/', $4) AS key,
                    name || '/' AS name,
                    NULL::uuid AS id,
                    NULL::timestamptz AS updated_at,
                    NULL::timestamptz AS created_at,
                    NULL::jsonb AS metadata
                FROM storage.prefixes
                WHERE name COLLATE "C" LIKE $1 || '%'
                AND bucket_id = $2
                AND level = $4
                AND name COLLATE "C" > $5
                ORDER BY prefixes.name COLLATE "C" LIMIT $3
            )
            UNION ALL
            (SELECT split_part(name, '/', $4) AS key,
                name,
                id,
                updated_at,
                created_at,
                metadata
            FROM storage.objects
            WHERE name COLLATE "C" LIKE $1 || '%'
                AND bucket_id = $2
                AND level = $4
                AND name COLLATE "C" > $5
            ORDER BY name COLLATE "C" LIMIT $3)
        ) obj
        ORDER BY name COLLATE "C" LIMIT $3;
        $sql$
        USING prefix, bucket_name, limits, levels, start_after;
END;
$_$;


ALTER FUNCTION storage.search_v2(prefix text, bucket_name text, limits integer, levels integer, start_after text) OWNER TO supabase_storage_admin;

--
-- Name: update_updated_at_column(); Type: FUNCTION; Schema: storage; Owner: supabase_storage_admin
--

CREATE FUNCTION storage.update_updated_at_column() RETURNS trigger
    LANGUAGE plpgsql
    AS $$
BEGIN
    NEW.updated_at = now();
    RETURN NEW; 
END;
$$;


ALTER FUNCTION storage.update_updated_at_column() OWNER TO supabase_storage_admin;

--
-- Name: secrets_encrypt_secret_secret(); Type: FUNCTION; Schema: vault; Owner: supabase_admin
--

CREATE FUNCTION vault.secrets_encrypt_secret_secret() RETURNS trigger
    LANGUAGE plpgsql
    AS $$
		BEGIN
		        new.secret = CASE WHEN new.secret IS NULL THEN NULL ELSE
			CASE WHEN new.key_id IS NULL THEN NULL ELSE pg_catalog.encode(
			  pgsodium.crypto_aead_det_encrypt(
				pg_catalog.convert_to(new.secret, 'utf8'),
				pg_catalog.convert_to((new.id::text || new.description::text || new.created_at::text || new.updated_at::text)::text, 'utf8'),
				new.key_id::uuid,
				new.nonce
			  ),
				'base64') END END;
		RETURN new;
		END;
		$$;


ALTER FUNCTION vault.secrets_encrypt_secret_secret() OWNER TO supabase_admin;

--
-- Name: audit_log_entries; Type: TABLE; Schema: auth; Owner: supabase_auth_admin
--

CREATE TABLE auth.audit_log_entries (
    instance_id uuid,
    id uuid NOT NULL,
    payload json,
    created_at timestamp with time zone,
    ip_address character varying(64) DEFAULT ''::character varying NOT NULL
);


ALTER TABLE auth.audit_log_entries OWNER TO supabase_auth_admin;

--
-- Name: TABLE audit_log_entries; Type: COMMENT; Schema: auth; Owner: supabase_auth_admin
--

COMMENT ON TABLE auth.audit_log_entries IS 'Auth: Audit trail for user actions.';


--
-- Name: flow_state; Type: TABLE; Schema: auth; Owner: supabase_auth_admin
--

CREATE TABLE auth.flow_state (
    id uuid NOT NULL,
    user_id uuid,
    auth_code text NOT NULL,
    code_challenge_method auth.code_challenge_method NOT NULL,
    code_challenge text NOT NULL,
    provider_type text NOT NULL,
    provider_access_token text,
    provider_refresh_token text,
    created_at timestamp with time zone,
    updated_at timestamp with time zone,
    authentication_method text NOT NULL,
    auth_code_issued_at timestamp with time zone
);


ALTER TABLE auth.flow_state OWNER TO supabase_auth_admin;

--
-- Name: TABLE flow_state; Type: COMMENT; Schema: auth; Owner: supabase_auth_admin
--

COMMENT ON TABLE auth.flow_state IS 'stores metadata for pkce logins';


--
-- Name: identities; Type: TABLE; Schema: auth; Owner: supabase_auth_admin
--

CREATE TABLE auth.identities (
    provider_id text NOT NULL,
    user_id uuid NOT NULL,
    identity_data jsonb NOT NULL,
    provider text NOT NULL,
    last_sign_in_at timestamp with time zone,
    created_at timestamp with time zone,
    updated_at timestamp with time zone,
    email text GENERATED ALWAYS AS (lower((identity_data ->> 'email'::text))) STORED,
    id uuid DEFAULT gen_random_uuid() NOT NULL
);


ALTER TABLE auth.identities OWNER TO supabase_auth_admin;

--
-- Name: TABLE identities; Type: COMMENT; Schema: auth; Owner: supabase_auth_admin
--

COMMENT ON TABLE auth.identities IS 'Auth: Stores identities associated to a user.';


--
-- Name: COLUMN identities.email; Type: COMMENT; Schema: auth; Owner: supabase_auth_admin
--

COMMENT ON COLUMN auth.identities.email IS 'Auth: Email is a generated column that references the optional email property in the identity_data';


--
-- Name: instances; Type: TABLE; Schema: auth; Owner: supabase_auth_admin
--

CREATE TABLE auth.instances (
    id uuid NOT NULL,
    uuid uuid,
    raw_base_config text,
    created_at timestamp with time zone,
    updated_at timestamp with time zone
);


ALTER TABLE auth.instances OWNER TO supabase_auth_admin;

--
-- Name: TABLE instances; Type: COMMENT; Schema: auth; Owner: supabase_auth_admin
--

COMMENT ON TABLE auth.instances IS 'Auth: Manages users across multiple sites.';


--
-- Name: mfa_amr_claims; Type: TABLE; Schema: auth; Owner: supabase_auth_admin
--

CREATE TABLE auth.mfa_amr_claims (
    session_id uuid NOT NULL,
    created_at timestamp with time zone NOT NULL,
    updated_at timestamp with time zone NOT NULL,
    authentication_method text NOT NULL,
    id uuid NOT NULL
);


ALTER TABLE auth.mfa_amr_claims OWNER TO supabase_auth_admin;

--
-- Name: TABLE mfa_amr_claims; Type: COMMENT; Schema: auth; Owner: supabase_auth_admin
--

COMMENT ON TABLE auth.mfa_amr_claims IS 'auth: stores authenticator method reference claims for multi factor authentication';


--
-- Name: mfa_challenges; Type: TABLE; Schema: auth; Owner: supabase_auth_admin
--

CREATE TABLE auth.mfa_challenges (
    id uuid NOT NULL,
    factor_id uuid NOT NULL,
    created_at timestamp with time zone NOT NULL,
    verified_at timestamp with time zone,
    ip_address inet NOT NULL,
    otp_code text,
    web_authn_session_data jsonb
);


ALTER TABLE auth.mfa_challenges OWNER TO supabase_auth_admin;

--
-- Name: TABLE mfa_challenges; Type: COMMENT; Schema: auth; Owner: supabase_auth_admin
--

COMMENT ON TABLE auth.mfa_challenges IS 'auth: stores metadata about challenge requests made';


--
-- Name: mfa_factors; Type: TABLE; Schema: auth; Owner: supabase_auth_admin
--

CREATE TABLE auth.mfa_factors (
    id uuid NOT NULL,
    user_id uuid NOT NULL,
    friendly_name text,
    factor_type auth.factor_type NOT NULL,
    status auth.factor_status NOT NULL,
    created_at timestamp with time zone NOT NULL,
    updated_at timestamp with time zone NOT NULL,
    secret text,
    phone text,
    last_challenged_at timestamp with time zone,
    web_authn_credential jsonb,
    web_authn_aaguid uuid
);


ALTER TABLE auth.mfa_factors OWNER TO supabase_auth_admin;

--
-- Name: TABLE mfa_factors; Type: COMMENT; Schema: auth; Owner: supabase_auth_admin
--

COMMENT ON TABLE auth.mfa_factors IS 'auth: stores metadata about factors';


--
-- Name: oauth_clients; Type: TABLE; Schema: auth; Owner: supabase_auth_admin
--

CREATE TABLE auth.oauth_clients (
    id uuid NOT NULL,
    client_id text NOT NULL,
    client_secret_hash text NOT NULL,
    registration_type auth.oauth_registration_type NOT NULL,
    redirect_uris text NOT NULL,
    grant_types text NOT NULL,
    client_name text,
    client_uri text,
    logo_uri text,
    created_at timestamp with time zone DEFAULT now() NOT NULL,
    updated_at timestamp with time zone DEFAULT now() NOT NULL,
    deleted_at timestamp with time zone,
    CONSTRAINT oauth_clients_client_name_length CHECK ((char_length(client_name) <= 1024)),
    CONSTRAINT oauth_clients_client_uri_length CHECK ((char_length(client_uri) <= 2048)),
    CONSTRAINT oauth_clients_logo_uri_length CHECK ((char_length(logo_uri) <= 2048))
);


ALTER TABLE auth.oauth_clients OWNER TO supabase_auth_admin;

--
-- Name: one_time_tokens; Type: TABLE; Schema: auth; Owner: supabase_auth_admin
--

CREATE TABLE auth.one_time_tokens (
    id uuid NOT NULL,
    user_id uuid NOT NULL,
    token_type auth.one_time_token_type NOT NULL,
    token_hash text NOT NULL,
    relates_to text NOT NULL,
    created_at timestamp without time zone DEFAULT now() NOT NULL,
    updated_at timestamp without time zone DEFAULT now() NOT NULL,
    CONSTRAINT one_time_tokens_token_hash_check CHECK ((char_length(token_hash) > 0))
);


ALTER TABLE auth.one_time_tokens OWNER TO supabase_auth_admin;

--
-- Name: refresh_tokens; Type: TABLE; Schema: auth; Owner: supabase_auth_admin
--

CREATE TABLE auth.refresh_tokens (
    instance_id uuid,
    id bigint NOT NULL,
    token character varying(255),
    user_id character varying(255),
    revoked boolean,
    created_at timestamp with time zone,
    updated_at timestamp with time zone,
    parent character varying(255),
    session_id uuid
);


ALTER TABLE auth.refresh_tokens OWNER TO supabase_auth_admin;

--
-- Name: TABLE refresh_tokens; Type: COMMENT; Schema: auth; Owner: supabase_auth_admin
--

COMMENT ON TABLE auth.refresh_tokens IS 'Auth: Store of tokens used to refresh JWT tokens once they expire.';


--
-- Name: refresh_tokens_id_seq; Type: SEQUENCE; Schema: auth; Owner: supabase_auth_admin
--

CREATE SEQUENCE auth.refresh_tokens_id_seq
    START WITH 1
    INCREMENT BY 1
    NO MINVALUE
    NO MAXVALUE
    CACHE 1;


ALTER TABLE auth.refresh_tokens_id_seq OWNER TO supabase_auth_admin;

--
-- Name: refresh_tokens_id_seq; Type: SEQUENCE OWNED BY; Schema: auth; Owner: supabase_auth_admin
--

ALTER SEQUENCE auth.refresh_tokens_id_seq OWNED BY auth.refresh_tokens.id;


--
-- Name: saml_providers; Type: TABLE; Schema: auth; Owner: supabase_auth_admin
--

CREATE TABLE auth.saml_providers (
    id uuid NOT NULL,
    sso_provider_id uuid NOT NULL,
    entity_id text NOT NULL,
    metadata_xml text NOT NULL,
    metadata_url text,
    attribute_mapping jsonb,
    created_at timestamp with time zone,
    updated_at timestamp with time zone,
    name_id_format text,
    CONSTRAINT "entity_id not empty" CHECK ((char_length(entity_id) > 0)),
    CONSTRAINT "metadata_url not empty" CHECK (((metadata_url = NULL::text) OR (char_length(metadata_url) > 0))),
    CONSTRAINT "metadata_xml not empty" CHECK ((char_length(metadata_xml) > 0))
);


ALTER TABLE auth.saml_providers OWNER TO supabase_auth_admin;

--
-- Name: TABLE saml_providers; Type: COMMENT; Schema: auth; Owner: supabase_auth_admin
--

COMMENT ON TABLE auth.saml_providers IS 'Auth: Manages SAML Identity Provider connections.';


--
-- Name: saml_relay_states; Type: TABLE; Schema: auth; Owner: supabase_auth_admin
--

CREATE TABLE auth.saml_relay_states (
    id uuid NOT NULL,
    sso_provider_id uuid NOT NULL,
    request_id text NOT NULL,
    for_email text,
    redirect_to text,
    created_at timestamp with time zone,
    updated_at timestamp with time zone,
    flow_state_id uuid,
    CONSTRAINT "request_id not empty" CHECK ((char_length(request_id) > 0))
);


ALTER TABLE auth.saml_relay_states OWNER TO supabase_auth_admin;

--
-- Name: TABLE saml_relay_states; Type: COMMENT; Schema: auth; Owner: supabase_auth_admin
--

COMMENT ON TABLE auth.saml_relay_states IS 'Auth: Contains SAML Relay State information for each Service Provider initiated login.';


--
-- Name: schema_migrations; Type: TABLE; Schema: auth; Owner: supabase_auth_admin
--

CREATE TABLE auth.schema_migrations (
    version character varying(255) NOT NULL
);


ALTER TABLE auth.schema_migrations OWNER TO supabase_auth_admin;

--
-- Name: TABLE schema_migrations; Type: COMMENT; Schema: auth; Owner: supabase_auth_admin
--

COMMENT ON TABLE auth.schema_migrations IS 'Auth: Manages updates to the auth system.';


--
-- Name: sessions; Type: TABLE; Schema: auth; Owner: supabase_auth_admin
--

CREATE TABLE auth.sessions (
    id uuid NOT NULL,
    user_id uuid NOT NULL,
    created_at timestamp with time zone,
    updated_at timestamp with time zone,
    factor_id uuid,
    aal auth.aal_level,
    not_after timestamp with time zone,
    refreshed_at timestamp without time zone,
    user_agent text,
    ip inet,
    tag text
);


ALTER TABLE auth.sessions OWNER TO supabase_auth_admin;

--
-- Name: TABLE sessions; Type: COMMENT; Schema: auth; Owner: supabase_auth_admin
--

COMMENT ON TABLE auth.sessions IS 'Auth: Stores session data associated to a user.';


--
-- Name: COLUMN sessions.not_after; Type: COMMENT; Schema: auth; Owner: supabase_auth_admin
--

COMMENT ON COLUMN auth.sessions.not_after IS 'Auth: Not after is a nullable column that contains a timestamp after which the session should be regarded as expired.';


--
-- Name: sso_domains; Type: TABLE; Schema: auth; Owner: supabase_auth_admin
--

CREATE TABLE auth.sso_domains (
    id uuid NOT NULL,
    sso_provider_id uuid NOT NULL,
    domain text NOT NULL,
    created_at timestamp with time zone,
    updated_at timestamp with time zone,
    CONSTRAINT "domain not empty" CHECK ((char_length(domain) > 0))
);


ALTER TABLE auth.sso_domains OWNER TO supabase_auth_admin;

--
-- Name: TABLE sso_domains; Type: COMMENT; Schema: auth; Owner: supabase_auth_admin
--

COMMENT ON TABLE auth.sso_domains IS 'Auth: Manages SSO email address domain mapping to an SSO Identity Provider.';


--
-- Name: sso_providers; Type: TABLE; Schema: auth; Owner: supabase_auth_admin
--

CREATE TABLE auth.sso_providers (
    id uuid NOT NULL,
    resource_id text,
    created_at timestamp with time zone,
    updated_at timestamp with time zone,
    disabled boolean,
    CONSTRAINT "resource_id not empty" CHECK (((resource_id = NULL::text) OR (char_length(resource_id) > 0)))
);


ALTER TABLE auth.sso_providers OWNER TO supabase_auth_admin;

--
-- Name: TABLE sso_providers; Type: COMMENT; Schema: auth; Owner: supabase_auth_admin
--

COMMENT ON TABLE auth.sso_providers IS 'Auth: Manages SSO identity provider information; see saml_providers for SAML.';


--
-- Name: COLUMN sso_providers.resource_id; Type: COMMENT; Schema: auth; Owner: supabase_auth_admin
--

COMMENT ON COLUMN auth.sso_providers.resource_id IS 'Auth: Uniquely identifies a SSO provider according to a user-chosen resource ID (case insensitive), useful in infrastructure as code.';


--
-- Name: users; Type: TABLE; Schema: auth; Owner: supabase_auth_admin
--

CREATE TABLE auth.users (
    instance_id uuid,
    id uuid NOT NULL,
    aud character varying(255),
    role character varying(255),
    email character varying(255),
    encrypted_password character varying(255),
    email_confirmed_at timestamp with time zone,
    invited_at timestamp with time zone,
    confirmation_token character varying(255),
    confirmation_sent_at timestamp with time zone,
    recovery_token character varying(255),
    recovery_sent_at timestamp with time zone,
    email_change_token_new character varying(255),
    email_change character varying(255),
    email_change_sent_at timestamp with time zone,
    last_sign_in_at timestamp with time zone,
    raw_app_meta_data jsonb,
    raw_user_meta_data jsonb,
    is_super_admin boolean,
    created_at timestamp with time zone,
    updated_at timestamp with time zone,
    phone text DEFAULT NULL::character varying,
    phone_confirmed_at timestamp with time zone,
    phone_change text DEFAULT ''::character varying,
    phone_change_token character varying(255) DEFAULT ''::character varying,
    phone_change_sent_at timestamp with time zone,
    confirmed_at timestamp with time zone GENERATED ALWAYS AS (LEAST(email_confirmed_at, phone_confirmed_at)) STORED,
    email_change_token_current character varying(255) DEFAULT ''::character varying,
    email_change_confirm_status smallint DEFAULT 0,
    banned_until timestamp with time zone,
    reauthentication_token character varying(255) DEFAULT ''::character varying,
    reauthentication_sent_at timestamp with time zone,
    is_sso_user boolean DEFAULT false NOT NULL,
    deleted_at timestamp with time zone,
    is_anonymous boolean DEFAULT false NOT NULL,
    CONSTRAINT users_email_change_confirm_status_check CHECK (((email_change_confirm_status >= 0) AND (email_change_confirm_status <= 2)))
);


ALTER TABLE auth.users OWNER TO supabase_auth_admin;

--
-- Name: TABLE users; Type: COMMENT; Schema: auth; Owner: supabase_auth_admin
--

COMMENT ON TABLE auth.users IS 'Auth: Stores user login data within a secure schema.';


--
-- Name: COLUMN users.is_sso_user; Type: COMMENT; Schema: auth; Owner: supabase_auth_admin
--

COMMENT ON COLUMN auth.users.is_sso_user IS 'Auth: Set this column to true when the account comes from SSO. These accounts can have duplicate emails.';


--
-- Name: artist_to_artist_to_bibliography; Type: TABLE; Schema: public; Owner: postgres
--

CREATE TABLE public.artist_to_artist_to_bibliography (
    artist_id uuid NOT NULL,
    bibliography_id uuid NOT NULL
);


ALTER TABLE public.artist_to_artist_to_bibliography OWNER TO postgres;

--
-- Name: artist_to_artist_to_video_interview; Type: TABLE; Schema: public; Owner: postgres
--

CREATE TABLE public.artist_to_artist_to_video_interview (
    artist_id uuid NOT NULL,
    videointerview_id uuid NOT NULL
);


ALTER TABLE public.artist_to_artist_to_video_interview OWNER TO postgres;

--
-- Name: artist_to_cinematic_work; Type: TABLE; Schema: public; Owner: postgres
--

CREATE TABLE public.artist_to_cinematic_work (
    artist_id uuid NOT NULL,
    cinematic_work_id uuid NOT NULL
);


ALTER TABLE public.artist_to_cinematic_work OWNER TO postgres;

--
-- Name: artist_to_custom_folder; Type: TABLE; Schema: public; Owner: postgres
--

CREATE TABLE public.artist_to_custom_folder (
    artist_id uuid DEFAULT gen_random_uuid() NOT NULL,
    custom_folder_id uuid NOT NULL
);


ALTER TABLE public.artist_to_custom_folder OWNER TO postgres;

--
-- Name: artist_to_exhibition; Type: TABLE; Schema: public; Owner: postgres
--

CREATE TABLE public.artist_to_exhibition (
    artist_id uuid NOT NULL,
    exhibition_id uuid NOT NULL
);


ALTER TABLE public.artist_to_exhibition OWNER TO postgres;

--
-- Name: artist_to_interview; Type: TABLE; Schema: public; Owner: postgres
--

CREATE TABLE public.artist_to_interview (
    artist_id uuid NOT NULL,
    interview_id uuid NOT NULL
);


ALTER TABLE public.artist_to_interview OWNER TO postgres;

--
-- Name: artist_to_magazine; Type: TABLE; Schema: public; Owner: postgres
--

CREATE TABLE public.artist_to_magazine (
    artist_id uuid NOT NULL,
    magazine_id uuid NOT NULL
);


ALTER TABLE public.artist_to_magazine OWNER TO postgres;

--
-- Name: artist_to_map_pin; Type: TABLE; Schema: public; Owner: postgres
--

CREATE TABLE public.artist_to_map_pin (
    artist_id uuid NOT NULL,
    map_pin_id uuid NOT NULL
);


ALTER TABLE public.artist_to_map_pin OWNER TO postgres;

--
-- Name: artist_to_profession; Type: TABLE; Schema: public; Owner: postgres
--

CREATE TABLE public.artist_to_profession (
    artist_id uuid NOT NULL,
    profession_id uuid NOT NULL
);


ALTER TABLE public.artist_to_profession OWNER TO postgres;

--
-- Name: artist_to_scene_photo; Type: TABLE; Schema: public; Owner: postgres
--

CREATE TABLE public.artist_to_scene_photo (
    artist_id uuid NOT NULL,
    scene_photo_id uuid NOT NULL
);


ALTER TABLE public.artist_to_scene_photo OWNER TO postgres;

--
-- Name: artist_to_set_photo; Type: TABLE; Schema: public; Owner: postgres
--

CREATE TABLE public.artist_to_set_photo (
    artist_id uuid NOT NULL,
    set_photo_id uuid NOT NULL
);


ALTER TABLE public.artist_to_set_photo OWNER TO postgres;

--
-- Name: artist_to_sketch; Type: TABLE; Schema: public; Owner: postgres
--

CREATE TABLE public.artist_to_sketch (
    artist_id uuid NOT NULL,
    sketch_id uuid NOT NULL
);


ALTER TABLE public.artist_to_sketch OWNER TO postgres;

--
-- Name: artist_to_tag; Type: TABLE; Schema: public; Owner: postgres
--

CREATE TABLE public.artist_to_tag (
    artist_id uuid NOT NULL,
    tag_id uuid NOT NULL
);


ALTER TABLE public.artist_to_tag OWNER TO postgres;

--
-- Name: artist_to_theatre_work; Type: TABLE; Schema: public; Owner: postgres
--

CREATE TABLE public.artist_to_theatre_work (
    artist_id uuid NOT NULL,
    theatre_work_id uuid NOT NULL
);


ALTER TABLE public.artist_to_theatre_work OWNER TO postgres;

--
-- Name: bibliography; Type: TABLE; Schema: public; Owner: postgres
--

CREATE TABLE public.bibliography (
    id uuid DEFAULT gen_random_uuid() NOT NULL,
    title text NOT NULL,
    description text NOT NULL,
    created_at timestamp with time zone DEFAULT now() NOT NULL
);


ALTER TABLE public.bibliography OWNER TO postgres;

--
-- Name: cinematic_works; Type: TABLE; Schema: public; Owner: postgres
--

CREATE TABLE public.cinematic_works (
    title text NOT NULL,
    year text NOT NULL,
    description text NOT NULL,
    created_at timestamp with time zone DEFAULT now() NOT NULL,
    id uuid DEFAULT gen_random_uuid() NOT NULL
);


ALTER TABLE public.cinematic_works OWNER TO postgres;

--
-- Name: credits; Type: TABLE; Schema: public; Owner: postgres
--

CREATE TABLE public.credits (
    id uuid DEFAULT gen_random_uuid() NOT NULL,
    content text,
    created_at timestamp with time zone DEFAULT now() NOT NULL
);


ALTER TABLE public.credits OWNER TO postgres;

--
-- Name: custom_folders; Type: TABLE; Schema: public; Owner: postgres
--

CREATE TABLE public.custom_folders (
    id uuid DEFAULT gen_random_uuid() NOT NULL,
    name text NOT NULL,
    content text NOT NULL,
    created_at timestamp with time zone DEFAULT now() NOT NULL
);


ALTER TABLE public.custom_folders OWNER TO postgres;

--
-- Name: exhibitions; Type: TABLE; Schema: public; Owner: postgres
--

CREATE TABLE public.exhibitions (
    id uuid DEFAULT gen_random_uuid() NOT NULL,
    url text NOT NULL,
    created_at timestamp with time zone DEFAULT now() NOT NULL
);


ALTER TABLE public.exhibitions OWNER TO postgres;

--
-- Name: interviews; Type: TABLE; Schema: public; Owner: postgres
--

CREATE TABLE public.interviews (
    id uuid DEFAULT gen_random_uuid() NOT NULL,
    url text NOT NULL,
    created_at timestamp with time zone DEFAULT now() NOT NULL
);


ALTER TABLE public.interviews OWNER TO postgres;

--
-- Name: magazines; Type: TABLE; Schema: public; Owner: postgres
--

CREATE TABLE public.magazines (
    id uuid DEFAULT gen_random_uuid() NOT NULL,
    image_url text,
    title text,
    date date,
    link_url text,
    created_at timestamp with time zone DEFAULT now() NOT NULL,
    pdf_url text
);


ALTER TABLE public.magazines OWNER TO postgres;

--
-- Name: map_pin; Type: TABLE; Schema: public; Owner: postgres
--

CREATE TABLE public.map_pin (
    id uuid DEFAULT gen_random_uuid() NOT NULL,
    created_at timestamp with time zone DEFAULT now() NOT NULL,
    latitude double precision NOT NULL,
    longitude double precision NOT NULL,
    title text NOT NULL,
    description text NOT NULL,
    image text
);


ALTER TABLE public.map_pin OWNER TO postgres;

--
-- Name: page_to_tag; Type: TABLE; Schema: public; Owner: postgres
--

CREATE TABLE public.page_to_tag (
    page_id uuid NOT NULL,
    tag_id uuid NOT NULL
);


ALTER TABLE public.page_to_tag OWNER TO postgres;

--
-- Name: pages; Type: TABLE; Schema: public; Owner: postgres
--

CREATE TABLE public.pages (
    id uuid DEFAULT gen_random_uuid() NOT NULL,
    title text,
    description text,
    color text,
    profile_picture text,
    primary_image text,
    secondary_image text,
    created_at timestamp with time zone DEFAULT now() NOT NULL
);


ALTER TABLE public.pages OWNER TO postgres;

--
-- Name: professions; Type: TABLE; Schema: public; Owner: postgres
--

CREATE TABLE public.professions (
    name text NOT NULL,
    created_at timestamp with time zone DEFAULT now() NOT NULL,
    id uuid DEFAULT gen_random_uuid() NOT NULL,
    color text NOT NULL
);


ALTER TABLE public.professions OWNER TO postgres;

--
-- Name: scene_photos; Type: TABLE; Schema: public; Owner: postgres
--

CREATE TABLE public.scene_photos (
    id uuid DEFAULT gen_random_uuid() NOT NULL,
    url text NOT NULL,
    created_at timestamp with time zone DEFAULT now() NOT NULL
);


ALTER TABLE public.scene_photos OWNER TO postgres;

--
-- Name: set_photos; Type: TABLE; Schema: public; Owner: postgres
--

CREATE TABLE public.set_photos (
    id uuid DEFAULT gen_random_uuid() NOT NULL,
    url text NOT NULL,
    created_at timestamp with time zone DEFAULT now() NOT NULL
);


ALTER TABLE public.set_photos OWNER TO postgres;

--
-- Name: settings; Type: TABLE; Schema: public; Owner: postgres
--

CREATE TABLE public.settings (
    id uuid DEFAULT gen_random_uuid() NOT NULL,
    created_at timestamp with time zone DEFAULT now() NOT NULL,
    show_logos_page boolean DEFAULT true,
    url text,
    credits_page text,
    logos_page text
);


ALTER TABLE public.settings OWNER TO postgres;

--
-- Name: sketches; Type: TABLE; Schema: public; Owner: postgres
--

CREATE TABLE public.sketches (
    id uuid DEFAULT gen_random_uuid() NOT NULL,
    url text NOT NULL,
    created_at timestamp with time zone DEFAULT now() NOT NULL
);


ALTER TABLE public.sketches OWNER TO postgres;

--
-- Name: tags; Type: TABLE; Schema: public; Owner: postgres
--

CREATE TABLE public.tags (
    id uuid DEFAULT gen_random_uuid() NOT NULL,
    name text NOT NULL,
    created_at timestamp with time zone DEFAULT now() NOT NULL,
    color text NOT NULL,
    text_color text
);


ALTER TABLE public.tags OWNER TO postgres;

--
-- Name: theatre_performances; Type: TABLE; Schema: public; Owner: postgres
--

CREATE TABLE public.theatre_performances (
    id uuid DEFAULT gen_random_uuid() NOT NULL,
    title text NOT NULL,
    created_at timestamp with time zone DEFAULT now() NOT NULL
);


ALTER TABLE public.theatre_performances OWNER TO postgres;

--
-- Name: videointerviews; Type: TABLE; Schema: public; Owner: postgres
--

CREATE TABLE public.videointerviews (
    id uuid DEFAULT gen_random_uuid() NOT NULL,
    url text NOT NULL,
    created_at timestamp with time zone DEFAULT now() NOT NULL
);


ALTER TABLE public.videointerviews OWNER TO postgres;

--
-- Name: messages; Type: TABLE; Schema: realtime; Owner: supabase_realtime_admin
--

CREATE TABLE realtime.messages (
    topic text NOT NULL,
    extension text NOT NULL,
    payload jsonb,
    event text,
    private boolean DEFAULT false,
    updated_at timestamp without time zone DEFAULT now() NOT NULL,
    inserted_at timestamp without time zone DEFAULT now() NOT NULL,
    id uuid DEFAULT gen_random_uuid() NOT NULL
)
PARTITION BY RANGE (inserted_at);


ALTER TABLE realtime.messages OWNER TO supabase_realtime_admin;

--
-- Name: schema_migrations; Type: TABLE; Schema: realtime; Owner: supabase_admin
--

CREATE TABLE realtime.schema_migrations (
    version bigint NOT NULL,
    inserted_at timestamp(0) without time zone
);


ALTER TABLE realtime.schema_migrations OWNER TO supabase_admin;

--
-- Name: subscription; Type: TABLE; Schema: realtime; Owner: supabase_admin
--

CREATE TABLE realtime.subscription (
    id bigint NOT NULL,
    subscription_id uuid NOT NULL,
    entity regclass NOT NULL,
    filters realtime.user_defined_filter[] DEFAULT '{}'::realtime.user_defined_filter[] NOT NULL,
    claims jsonb NOT NULL,
    claims_role regrole GENERATED ALWAYS AS (realtime.to_regrole((claims ->> 'role'::text))) STORED NOT NULL,
    created_at timestamp without time zone DEFAULT timezone('utc'::text, now()) NOT NULL
);


ALTER TABLE realtime.subscription OWNER TO supabase_admin;

--
-- Name: subscription_id_seq; Type: SEQUENCE; Schema: realtime; Owner: supabase_admin
--

ALTER TABLE realtime.subscription ALTER COLUMN id ADD GENERATED ALWAYS AS IDENTITY (
    SEQUENCE NAME realtime.subscription_id_seq
    START WITH 1
    INCREMENT BY 1
    NO MINVALUE
    NO MAXVALUE
    CACHE 1
);


--
-- Name: buckets; Type: TABLE; Schema: storage; Owner: supabase_storage_admin
--

CREATE TABLE storage.buckets (
    id text NOT NULL,
    name text NOT NULL,
    owner uuid,
    created_at timestamp with time zone DEFAULT now(),
    updated_at timestamp with time zone DEFAULT now(),
    public boolean DEFAULT false,
    avif_autodetection boolean DEFAULT false,
    file_size_limit bigint,
    allowed_mime_types text[],
    owner_id text
);


ALTER TABLE storage.buckets OWNER TO supabase_storage_admin;

--
-- Name: COLUMN buckets.owner; Type: COMMENT; Schema: storage; Owner: supabase_storage_admin
--

COMMENT ON COLUMN storage.buckets.owner IS 'Field is deprecated, use owner_id instead';


--
-- Name: migrations; Type: TABLE; Schema: storage; Owner: supabase_storage_admin
--

CREATE TABLE storage.migrations (
    id integer NOT NULL,
    name character varying(100) NOT NULL,
    hash character varying(40) NOT NULL,
    executed_at timestamp without time zone DEFAULT CURRENT_TIMESTAMP
);


ALTER TABLE storage.migrations OWNER TO supabase_storage_admin;

--
-- Name: objects; Type: TABLE; Schema: storage; Owner: supabase_storage_admin
--

CREATE TABLE storage.objects (
    id uuid DEFAULT gen_random_uuid() NOT NULL,
    bucket_id text,
    name text,
    owner uuid,
    created_at timestamp with time zone DEFAULT now(),
    updated_at timestamp with time zone DEFAULT now(),
    last_accessed_at timestamp with time zone DEFAULT now(),
    metadata jsonb,
    path_tokens text[] GENERATED ALWAYS AS (string_to_array(name, '/'::text)) STORED,
    version text,
    owner_id text,
    user_metadata jsonb,
    level integer
);


ALTER TABLE storage.objects OWNER TO supabase_storage_admin;

--
-- Name: COLUMN objects.owner; Type: COMMENT; Schema: storage; Owner: supabase_storage_admin
--

COMMENT ON COLUMN storage.objects.owner IS 'Field is deprecated, use owner_id instead';


--
-- Name: prefixes; Type: TABLE; Schema: storage; Owner: supabase_storage_admin
--

CREATE TABLE storage.prefixes (
    bucket_id text NOT NULL,
    name text NOT NULL COLLATE pg_catalog."C",
    level integer GENERATED ALWAYS AS (storage.get_level(name)) STORED NOT NULL,
    created_at timestamp with time zone DEFAULT now(),
    updated_at timestamp with time zone DEFAULT now()
);


ALTER TABLE storage.prefixes OWNER TO supabase_storage_admin;

--
-- Name: s3_multipart_uploads; Type: TABLE; Schema: storage; Owner: supabase_storage_admin
--

CREATE TABLE storage.s3_multipart_uploads (
    id text NOT NULL,
    in_progress_size bigint DEFAULT 0 NOT NULL,
    upload_signature text NOT NULL,
    bucket_id text NOT NULL,
    key text NOT NULL COLLATE pg_catalog."C",
    version text NOT NULL,
    owner_id text,
    created_at timestamp with time zone DEFAULT now() NOT NULL,
    user_metadata jsonb
);


ALTER TABLE storage.s3_multipart_uploads OWNER TO supabase_storage_admin;

--
-- Name: s3_multipart_uploads_parts; Type: TABLE; Schema: storage; Owner: supabase_storage_admin
--

CREATE TABLE storage.s3_multipart_uploads_parts (
    id uuid DEFAULT gen_random_uuid() NOT NULL,
    upload_id text NOT NULL,
    size bigint DEFAULT 0 NOT NULL,
    part_number integer NOT NULL,
    bucket_id text NOT NULL,
    key text NOT NULL COLLATE pg_catalog."C",
    etag text NOT NULL,
    owner_id text,
    version text NOT NULL,
    created_at timestamp with time zone DEFAULT now() NOT NULL
);


ALTER TABLE storage.s3_multipart_uploads_parts OWNER TO supabase_storage_admin;

--
-- Name: refresh_tokens id; Type: DEFAULT; Schema: auth; Owner: supabase_auth_admin
--

ALTER TABLE ONLY auth.refresh_tokens ALTER COLUMN id SET DEFAULT nextval('auth.refresh_tokens_id_seq'::regclass);


--
-- Data for Name: audit_log_entries; Type: TABLE DATA; Schema: auth; Owner: supabase_auth_admin
--

COPY auth.audit_log_entries (instance_id, id, payload, created_at, ip_address) FROM stdin;
00000000-0000-0000-0000-000000000000	c10067f0-ec72-41a3-840f-a92d5cf7831c	{"action":"token_refreshed","actor_id":"a1622691-5487-41fd-8165-5362188d401b","actor_username":"","actor_via_sso":false,"log_type":"token"}	2025-01-23 09:43:34.311958+00	
00000000-0000-0000-0000-000000000000	73bfce0f-6972-4439-8198-9d9add374ac9	{"action":"token_revoked","actor_id":"a1622691-5487-41fd-8165-5362188d401b","actor_username":"","actor_via_sso":false,"log_type":"token"}	2025-01-23 09:43:34.321902+00	
00000000-0000-0000-0000-000000000000	7f1eb736-4ac8-4386-9845-8c17d5385054	{"action":"token_refreshed","actor_id":"71049bdf-d22b-4301-96ab-29f28246e47c","actor_username":"","actor_via_sso":false,"log_type":"token"}	2025-01-23 11:02:34.75849+00	
00000000-0000-0000-0000-000000000000	9a08be0f-4ea6-416b-8718-b35b25ddee4d	{"action":"token_revoked","actor_id":"71049bdf-d22b-4301-96ab-29f28246e47c","actor_username":"","actor_via_sso":false,"log_type":"token"}	2025-01-23 11:02:34.762879+00	
00000000-0000-0000-0000-000000000000	0422583e-74b8-429d-82a6-ff0258c3fd56	{"action":"token_refreshed","actor_id":"71049bdf-d22b-4301-96ab-29f28246e47c","actor_username":"","actor_via_sso":false,"log_type":"token"}	2025-01-23 12:01:54.630142+00	
00000000-0000-0000-0000-000000000000	56c43268-4e01-46b7-80bf-42b5cc6b2aa9	{"action":"token_revoked","actor_id":"71049bdf-d22b-4301-96ab-29f28246e47c","actor_username":"","actor_via_sso":false,"log_type":"token"}	2025-01-23 12:01:54.631091+00	
00000000-0000-0000-0000-000000000000	a1777cea-150e-422b-a963-1baf70547ff2	{"action":"token_refreshed","actor_id":"71049bdf-d22b-4301-96ab-29f28246e47c","actor_username":"","actor_via_sso":false,"log_type":"token"}	2025-01-23 13:01:14.589747+00	
00000000-0000-0000-0000-000000000000	fbb6c0ed-46cd-422a-8d6c-6b1d5263aefe	{"action":"token_revoked","actor_id":"71049bdf-d22b-4301-96ab-29f28246e47c","actor_username":"","actor_via_sso":false,"log_type":"token"}	2025-01-23 13:01:14.590774+00	
00000000-0000-0000-0000-000000000000	b0ef2c8d-414d-4788-988e-e97ba7920c84	{"action":"token_refreshed","actor_id":"71049bdf-d22b-4301-96ab-29f28246e47c","actor_username":"","actor_via_sso":false,"log_type":"token"}	2025-01-23 14:00:34.560067+00	
00000000-0000-0000-0000-000000000000	680db248-1889-4551-863b-0c542475197a	{"action":"token_revoked","actor_id":"71049bdf-d22b-4301-96ab-29f28246e47c","actor_username":"","actor_via_sso":false,"log_type":"token"}	2025-01-23 14:00:34.561135+00	
00000000-0000-0000-0000-000000000000	f0530646-67c2-4e88-bb50-44108aef67e1	{"action":"token_refreshed","actor_id":"71049bdf-d22b-4301-96ab-29f28246e47c","actor_username":"","actor_via_sso":false,"log_type":"token"}	2025-01-23 14:59:54.615478+00	
00000000-0000-0000-0000-000000000000	4413f559-9d4f-4699-a93d-40a0d5b9dc64	{"action":"token_revoked","actor_id":"71049bdf-d22b-4301-96ab-29f28246e47c","actor_username":"","actor_via_sso":false,"log_type":"token"}	2025-01-23 14:59:54.617091+00	
00000000-0000-0000-0000-000000000000	3afbc87d-7e20-4570-8412-a92d62a3c76f	{"action":"token_refreshed","actor_id":"71049bdf-d22b-4301-96ab-29f28246e47c","actor_username":"","actor_via_sso":false,"log_type":"token"}	2025-01-23 15:59:14.781864+00	
00000000-0000-0000-0000-000000000000	fb14f515-7c3d-4aba-8e79-ed88c26c2dec	{"action":"token_revoked","actor_id":"71049bdf-d22b-4301-96ab-29f28246e47c","actor_username":"","actor_via_sso":false,"log_type":"token"}	2025-01-23 15:59:14.791993+00	
00000000-0000-0000-0000-000000000000	a7641282-0b31-42d5-83ae-0d48d84e56a6	{"action":"token_refreshed","actor_id":"71049bdf-d22b-4301-96ab-29f28246e47c","actor_username":"","actor_via_sso":false,"log_type":"token"}	2025-01-23 16:58:34.563275+00	
00000000-0000-0000-0000-000000000000	9ecde55d-338c-4f1e-8f24-43e7967c524d	{"action":"token_revoked","actor_id":"71049bdf-d22b-4301-96ab-29f28246e47c","actor_username":"","actor_via_sso":false,"log_type":"token"}	2025-01-23 16:58:34.564771+00	
00000000-0000-0000-0000-000000000000	b6c0053b-1a76-4dbb-9e3d-582b574bb040	{"action":"token_refreshed","actor_id":"71049bdf-d22b-4301-96ab-29f28246e47c","actor_username":"","actor_via_sso":false,"log_type":"token"}	2025-01-23 17:57:54.543562+00	
00000000-0000-0000-0000-000000000000	de799bca-e979-41a6-b554-4e38803c282e	{"action":"token_revoked","actor_id":"71049bdf-d22b-4301-96ab-29f28246e47c","actor_username":"","actor_via_sso":false,"log_type":"token"}	2025-01-23 17:57:54.545302+00	
00000000-0000-0000-0000-000000000000	0235b6e2-8b97-416c-91c0-7375e867a0f2	{"action":"token_refreshed","actor_id":"90d7bb31-7b46-4d39-a0c0-765642cc5c99","actor_username":"","actor_via_sso":false,"log_type":"token"}	2025-04-18 10:13:23.160043+00	
00000000-0000-0000-0000-000000000000	689261bb-5a0b-4b1f-bf67-2c855982f078	{"action":"token_revoked","actor_id":"90d7bb31-7b46-4d39-a0c0-765642cc5c99","actor_username":"","actor_via_sso":false,"log_type":"token"}	2025-04-18 10:13:23.17203+00	
00000000-0000-0000-0000-000000000000	9c2b84a0-dd00-4211-988c-834ee1fd70f2	{"action":"token_refreshed","actor_id":"90d7bb31-7b46-4d39-a0c0-765642cc5c99","actor_username":"","actor_via_sso":false,"log_type":"token"}	2025-04-19 07:55:44.312262+00	
00000000-0000-0000-0000-000000000000	e3aff182-9d21-47e1-9599-0bc8a1168465	{"action":"token_revoked","actor_id":"90d7bb31-7b46-4d39-a0c0-765642cc5c99","actor_username":"","actor_via_sso":false,"log_type":"token"}	2025-04-19 07:55:44.340471+00	
00000000-0000-0000-0000-000000000000	569d4263-0205-4a80-8544-ffa33a5d8ce6	{"action":"token_refreshed","actor_id":"ccb01df1-04e0-4762-a1ca-f177632dde2e","actor_username":"","actor_via_sso":false,"log_type":"token"}	2025-04-19 15:37:04.105967+00	
00000000-0000-0000-0000-000000000000	d3f8a857-c6e0-4ab7-9cb2-444aeaf801d8	{"action":"token_revoked","actor_id":"ccb01df1-04e0-4762-a1ca-f177632dde2e","actor_username":"","actor_via_sso":false,"log_type":"token"}	2025-04-19 15:37:04.108013+00	
00000000-0000-0000-0000-000000000000	b1c472bc-7ae6-43b1-9653-ca3065c1f0f5	{"action":"token_refreshed","actor_id":"ccb01df1-04e0-4762-a1ca-f177632dde2e","actor_username":"","actor_via_sso":false,"log_type":"token"}	2025-04-22 08:34:30.476784+00	
00000000-0000-0000-0000-000000000000	9858033c-b456-4b32-b53c-14ea7932c691	{"action":"token_revoked","actor_id":"ccb01df1-04e0-4762-a1ca-f177632dde2e","actor_username":"","actor_via_sso":false,"log_type":"token"}	2025-04-22 08:34:30.491575+00	
00000000-0000-0000-0000-000000000000	bfc4c21c-9401-4154-aa77-59f5fd7a1df8	{"action":"token_refreshed","actor_id":"ace476db-c534-49c4-adaa-bf921b64a4a3","actor_username":"","actor_via_sso":false,"log_type":"token"}	2025-04-24 10:07:19.532211+00	
00000000-0000-0000-0000-000000000000	b7b7785e-62d6-4ad8-8787-844f17c49c75	{"action":"token_revoked","actor_id":"ace476db-c534-49c4-adaa-bf921b64a4a3","actor_username":"","actor_via_sso":false,"log_type":"token"}	2025-04-24 10:07:19.555963+00	
00000000-0000-0000-0000-000000000000	c585edda-cd8a-45e3-9721-ce8b01dbed64	{"action":"token_refreshed","actor_id":"edd67eb9-3efe-4101-be35-9cd44e934d6e","actor_username":"","actor_via_sso":false,"log_type":"token"}	2025-04-24 11:07:59.398342+00	
00000000-0000-0000-0000-000000000000	2353fc8a-c156-4f16-9de0-56d0bcf827f4	{"action":"token_revoked","actor_id":"edd67eb9-3efe-4101-be35-9cd44e934d6e","actor_username":"","actor_via_sso":false,"log_type":"token"}	2025-04-24 11:07:59.403463+00	
00000000-0000-0000-0000-000000000000	03c7d3dd-ffd3-4e79-94a8-4083791860e2	{"action":"token_refreshed","actor_id":"7cd70eee-a7a6-4bdd-ac66-76ffb791d02e","actor_username":"","actor_via_sso":false,"log_type":"token"}	2025-04-24 12:58:35.237139+00	
00000000-0000-0000-0000-000000000000	f63da8b8-8982-4219-82a6-e600691df5f1	{"action":"token_revoked","actor_id":"7cd70eee-a7a6-4bdd-ac66-76ffb791d02e","actor_username":"","actor_via_sso":false,"log_type":"token"}	2025-04-24 12:58:35.24133+00	
00000000-0000-0000-0000-000000000000	448b5ecf-e7f2-492d-ba16-330268c3047c	{"action":"token_refreshed","actor_id":"edd67eb9-3efe-4101-be35-9cd44e934d6e","actor_username":"","actor_via_sso":false,"log_type":"token"}	2025-04-24 13:12:56.19081+00	
00000000-0000-0000-0000-000000000000	786ed30e-759b-4e54-ac7f-ae6603cedd64	{"action":"token_revoked","actor_id":"edd67eb9-3efe-4101-be35-9cd44e934d6e","actor_username":"","actor_via_sso":false,"log_type":"token"}	2025-04-24 13:12:56.193423+00	
00000000-0000-0000-0000-000000000000	76273a70-af89-4965-8c38-1e87de5b1a4b	{"action":"token_refreshed","actor_id":"7393e963-1b6b-4299-a9c4-01e7ff2718fc","actor_username":"","actor_via_sso":false,"log_type":"token"}	2025-04-24 14:09:50.760164+00	
00000000-0000-0000-0000-000000000000	8c638621-67af-4e6f-81a0-d4339c869449	{"action":"token_revoked","actor_id":"7393e963-1b6b-4299-a9c4-01e7ff2718fc","actor_username":"","actor_via_sso":false,"log_type":"token"}	2025-04-24 14:09:50.772781+00	
00000000-0000-0000-0000-000000000000	51c72f34-c725-4f96-bb8d-936cbecb7f4e	{"action":"token_refreshed","actor_id":"7393e963-1b6b-4299-a9c4-01e7ff2718fc","actor_username":"","actor_via_sso":false,"log_type":"token"}	2025-04-28 10:38:27.43381+00	
00000000-0000-0000-0000-000000000000	5a7d7c10-1b0f-4bf6-a485-04d36776779f	{"action":"token_revoked","actor_id":"7393e963-1b6b-4299-a9c4-01e7ff2718fc","actor_username":"","actor_via_sso":false,"log_type":"token"}	2025-04-28 10:38:27.449962+00	
00000000-0000-0000-0000-000000000000	e86fb08e-7e91-4093-8c81-6aa7387cf222	{"action":"token_refreshed","actor_id":"9974b9a6-f493-47d4-829c-1ee8d0260e6d","actor_username":"","actor_via_sso":false,"log_type":"token"}	2025-04-29 07:01:39.036991+00	
00000000-0000-0000-0000-000000000000	9ee5316d-295e-4629-8e0d-55d5a63cb722	{"action":"token_revoked","actor_id":"9974b9a6-f493-47d4-829c-1ee8d0260e6d","actor_username":"","actor_via_sso":false,"log_type":"token"}	2025-04-29 07:01:39.064012+00	
00000000-0000-0000-0000-000000000000	622f7836-6c8f-4fd8-85e1-2f63a18b45b2	{"action":"token_refreshed","actor_id":"d8e53949-1e28-4664-a125-baca8101acc1","actor_username":"","actor_via_sso":false,"log_type":"token"}	2025-04-30 16:47:59.886369+00	
00000000-0000-0000-0000-000000000000	1c8dd8b5-55ca-46f7-9dc3-b2bffa502c66	{"action":"token_revoked","actor_id":"d8e53949-1e28-4664-a125-baca8101acc1","actor_username":"","actor_via_sso":false,"log_type":"token"}	2025-04-30 16:47:59.904078+00	
00000000-0000-0000-0000-000000000000	19f80618-9098-4f7c-88b9-5a96b3ce4177	{"action":"token_refreshed","actor_id":"e1ac855a-51c3-44df-86d8-b2e89efc2a00","actor_username":"","actor_via_sso":false,"log_type":"token"}	2025-04-30 17:05:43.759812+00	
00000000-0000-0000-0000-000000000000	cc918564-a03f-4af2-888e-d5237759e59b	{"action":"token_revoked","actor_id":"e1ac855a-51c3-44df-86d8-b2e89efc2a00","actor_username":"","actor_via_sso":false,"log_type":"token"}	2025-04-30 17:05:43.761836+00	
00000000-0000-0000-0000-000000000000	7abc8e7d-0cf2-497e-94c1-11738d0a9f2c	{"action":"token_refreshed","actor_id":"80ab10e6-bf2b-4d82-9c0a-53f6f71fbdc5","actor_username":"","actor_via_sso":false,"log_type":"token"}	2025-05-01 05:00:03.498543+00	
00000000-0000-0000-0000-000000000000	d16ea5b7-a2d2-4208-96c6-326aeda07908	{"action":"token_revoked","actor_id":"80ab10e6-bf2b-4d82-9c0a-53f6f71fbdc5","actor_username":"","actor_via_sso":false,"log_type":"token"}	2025-05-01 05:00:03.515372+00	
00000000-0000-0000-0000-000000000000	e8447abd-2cce-41e7-84ce-033fc5dfe2e5	{"action":"token_refreshed","actor_id":"9e88655f-7662-4ad6-92c2-1f6240306096","actor_username":"","actor_via_sso":false,"log_type":"token"}	2025-05-02 07:31:39.883615+00	
00000000-0000-0000-0000-000000000000	e1713802-070d-4b8c-918f-b2d0bdc236d1	{"action":"token_revoked","actor_id":"9e88655f-7662-4ad6-92c2-1f6240306096","actor_username":"","actor_via_sso":false,"log_type":"token"}	2025-05-02 07:31:39.899078+00	
00000000-0000-0000-0000-000000000000	01f8d5eb-9787-4fca-8445-eb1324e9c9a0	{"action":"token_refreshed","actor_id":"017dd4e4-0e3e-48a9-aa06-66596ccc38bd","actor_username":"","actor_via_sso":false,"log_type":"token"}	2025-05-02 16:38:21.389009+00	
00000000-0000-0000-0000-000000000000	81c16621-dd6f-4375-8a4e-a875613226d1	{"action":"token_revoked","actor_id":"017dd4e4-0e3e-48a9-aa06-66596ccc38bd","actor_username":"","actor_via_sso":false,"log_type":"token"}	2025-05-02 16:38:21.398625+00	
00000000-0000-0000-0000-000000000000	e0712e08-85df-4e81-8ca0-67342377e569	{"action":"token_refreshed","actor_id":"017dd4e4-0e3e-48a9-aa06-66596ccc38bd","actor_username":"","actor_via_sso":false,"log_type":"token"}	2025-05-04 14:50:46.116695+00	
00000000-0000-0000-0000-000000000000	0a0dc809-ea93-4bf5-8fbc-3cbae7644932	{"action":"token_revoked","actor_id":"017dd4e4-0e3e-48a9-aa06-66596ccc38bd","actor_username":"","actor_via_sso":false,"log_type":"token"}	2025-05-04 14:50:46.140429+00	
00000000-0000-0000-0000-000000000000	d27248d3-466f-45f1-83a2-52a264221193	{"action":"token_refreshed","actor_id":"efc50bac-aa0e-4283-a2c0-29cee444d07e","actor_username":"","actor_via_sso":false,"log_type":"token"}	2025-05-07 08:10:46.039482+00	
00000000-0000-0000-0000-000000000000	6035cf2a-40aa-4ba4-b39d-5a8b25b148e5	{"action":"token_revoked","actor_id":"efc50bac-aa0e-4283-a2c0-29cee444d07e","actor_username":"","actor_via_sso":false,"log_type":"token"}	2025-05-07 08:10:46.062008+00	
00000000-0000-0000-0000-000000000000	47119d93-6801-439c-8800-799cbd3efb0b	{"action":"token_refreshed","actor_id":"b6ff9f6a-94ed-42f9-8262-cd33c751c77d","actor_username":"","actor_via_sso":false,"log_type":"token"}	2025-05-07 12:16:54.897421+00	
00000000-0000-0000-0000-000000000000	573a7bb7-511b-4772-994c-881cb8b1e65d	{"action":"token_revoked","actor_id":"b6ff9f6a-94ed-42f9-8262-cd33c751c77d","actor_username":"","actor_via_sso":false,"log_type":"token"}	2025-05-07 12:16:54.907341+00	
00000000-0000-0000-0000-000000000000	29c06a3c-f737-4856-9143-f7d4fdb01bec	{"action":"token_refreshed","actor_id":"e25bd5ac-6cad-4273-bd7c-ea05b3093383","actor_username":"","actor_via_sso":false,"log_type":"token"}	2025-05-07 13:33:44.874808+00	
00000000-0000-0000-0000-000000000000	51edfcd6-e834-44a8-8acc-e83f83758553	{"action":"token_revoked","actor_id":"e25bd5ac-6cad-4273-bd7c-ea05b3093383","actor_username":"","actor_via_sso":false,"log_type":"token"}	2025-05-07 13:33:44.882088+00	
00000000-0000-0000-0000-000000000000	2233272c-abde-4416-8ea4-41ebb5c637c5	{"action":"token_refreshed","actor_id":"e25bd5ac-6cad-4273-bd7c-ea05b3093383","actor_username":"","actor_via_sso":false,"log_type":"token"}	2025-05-07 18:36:25.165559+00	
00000000-0000-0000-0000-000000000000	c8f6f312-59b2-4668-bf21-a84be4d0fb29	{"action":"token_revoked","actor_id":"e25bd5ac-6cad-4273-bd7c-ea05b3093383","actor_username":"","actor_via_sso":false,"log_type":"token"}	2025-05-07 18:36:25.179285+00	
00000000-0000-0000-0000-000000000000	a5081fab-3994-418e-8fb3-5ee44b8fafe7	{"action":"token_refreshed","actor_id":"e25bd5ac-6cad-4273-bd7c-ea05b3093383","actor_username":"","actor_via_sso":false,"log_type":"token"}	2025-05-08 15:50:16.200815+00	
00000000-0000-0000-0000-000000000000	4a2c98e8-d899-40c2-8162-7a82f229afdc	{"action":"token_revoked","actor_id":"e25bd5ac-6cad-4273-bd7c-ea05b3093383","actor_username":"","actor_via_sso":false,"log_type":"token"}	2025-05-08 15:50:16.221424+00	
00000000-0000-0000-0000-000000000000	ba7788ca-eff0-4332-bba1-f2608cd56b6c	{"action":"token_refreshed","actor_id":"f6294311-dd1a-4e32-b963-a92b266b5399","actor_username":"","actor_via_sso":false,"log_type":"token"}	2025-05-09 07:29:24.582648+00	
00000000-0000-0000-0000-000000000000	abd62af4-bc91-4a0f-8c5c-e18323a50965	{"action":"token_revoked","actor_id":"f6294311-dd1a-4e32-b963-a92b266b5399","actor_username":"","actor_via_sso":false,"log_type":"token"}	2025-05-09 07:29:24.609503+00	
00000000-0000-0000-0000-000000000000	7ceecd38-ce0d-46fd-a876-9324ef2bb0b3	{"action":"token_refreshed","actor_id":"f6294311-dd1a-4e32-b963-a92b266b5399","actor_username":"","actor_via_sso":false,"log_type":"token"}	2025-05-09 08:37:00.336003+00	
00000000-0000-0000-0000-000000000000	bfacbedb-17c9-443d-90e2-47f7b2a73efe	{"action":"token_revoked","actor_id":"f6294311-dd1a-4e32-b963-a92b266b5399","actor_username":"","actor_via_sso":false,"log_type":"token"}	2025-05-09 08:37:00.338022+00	
00000000-0000-0000-0000-000000000000	95e8cf2f-d850-4b19-a681-c53bfb8ee2b9	{"action":"token_refreshed","actor_id":"f6294311-dd1a-4e32-b963-a92b266b5399","actor_username":"","actor_via_sso":false,"log_type":"token"}	2025-05-09 09:55:13.914433+00	
00000000-0000-0000-0000-000000000000	bfff575f-c212-4294-95ee-c8f1393f8dcc	{"action":"token_revoked","actor_id":"f6294311-dd1a-4e32-b963-a92b266b5399","actor_username":"","actor_via_sso":false,"log_type":"token"}	2025-05-09 09:55:13.916041+00	
00000000-0000-0000-0000-000000000000	5cf679eb-13f8-4c62-a2c7-b3a3778a4402	{"action":"token_refreshed","actor_id":"f6294311-dd1a-4e32-b963-a92b266b5399","actor_username":"","actor_via_sso":false,"log_type":"token"}	2025-05-10 18:40:06.879847+00	
00000000-0000-0000-0000-000000000000	004089bb-5a15-44ae-8ce6-3df301fbd228	{"action":"token_revoked","actor_id":"f6294311-dd1a-4e32-b963-a92b266b5399","actor_username":"","actor_via_sso":false,"log_type":"token"}	2025-05-10 18:40:06.902+00	
00000000-0000-0000-0000-000000000000	290c0d4a-f8a9-4b25-9e54-8aee426a175c	{"action":"token_refreshed","actor_id":"f6294311-dd1a-4e32-b963-a92b266b5399","actor_username":"","actor_via_sso":false,"log_type":"token"}	2025-05-11 07:44:52.649019+00	
00000000-0000-0000-0000-000000000000	6c9de9df-e84b-4d5f-a6df-a742b91d7fc0	{"action":"token_revoked","actor_id":"f6294311-dd1a-4e32-b963-a92b266b5399","actor_username":"","actor_via_sso":false,"log_type":"token"}	2025-05-11 07:44:52.675157+00	
00000000-0000-0000-0000-000000000000	8c9ee200-464c-42ce-8346-a9c334e94a4d	{"action":"token_refreshed","actor_id":"5de8dca2-839f-4fbd-8c7d-04a7687dccda","actor_username":"","actor_via_sso":false,"log_type":"token"}	2025-05-12 05:20:07.027041+00	
00000000-0000-0000-0000-000000000000	f849100a-597f-4f4d-a6cd-7abe1776ba85	{"action":"token_revoked","actor_id":"5de8dca2-839f-4fbd-8c7d-04a7687dccda","actor_username":"","actor_via_sso":false,"log_type":"token"}	2025-05-12 05:20:07.039603+00	
00000000-0000-0000-0000-000000000000	d319f863-ac6d-4561-9e82-63ccd51827df	{"action":"token_refreshed","actor_id":"5de8dca2-839f-4fbd-8c7d-04a7687dccda","actor_username":"","actor_via_sso":false,"log_type":"token"}	2025-05-14 06:07:23.135704+00	
00000000-0000-0000-0000-000000000000	d3ba5500-7de0-406e-a423-0b4aec5536e8	{"action":"token_revoked","actor_id":"5de8dca2-839f-4fbd-8c7d-04a7687dccda","actor_username":"","actor_via_sso":false,"log_type":"token"}	2025-05-14 06:07:23.15428+00	
00000000-0000-0000-0000-000000000000	51b57985-5e7e-4933-9749-b483833fe12c	{"action":"token_refreshed","actor_id":"ab6e3c4f-ffa9-4373-8dd5-c853d8bdc739","actor_username":"","actor_via_sso":false,"log_type":"token"}	2025-05-14 12:05:54.042393+00	
00000000-0000-0000-0000-000000000000	fe39211f-b853-47f3-b161-9863ac2ec6ea	{"action":"token_revoked","actor_id":"ab6e3c4f-ffa9-4373-8dd5-c853d8bdc739","actor_username":"","actor_via_sso":false,"log_type":"token"}	2025-05-14 12:05:54.051265+00	
00000000-0000-0000-0000-000000000000	a17bab75-a362-4189-8ec1-1d3ae561ec08	{"action":"token_refreshed","actor_id":"ab6e3c4f-ffa9-4373-8dd5-c853d8bdc739","actor_username":"","actor_via_sso":false,"log_type":"token"}	2025-05-15 05:28:48.193489+00	
00000000-0000-0000-0000-000000000000	c5cf8455-1d85-4ec6-beb0-5195d8322b60	{"action":"token_revoked","actor_id":"ab6e3c4f-ffa9-4373-8dd5-c853d8bdc739","actor_username":"","actor_via_sso":false,"log_type":"token"}	2025-05-15 05:28:48.205887+00	
00000000-0000-0000-0000-000000000000	96443b35-dda2-442b-9e6b-9df211670c18	{"action":"token_refreshed","actor_id":"73a91e0e-d8d4-4cfa-9077-fe4842a23eb3","actor_username":"","actor_via_sso":false,"log_type":"token"}	2025-05-18 07:29:53.547655+00	
00000000-0000-0000-0000-000000000000	43b155f7-759f-402d-b8cd-361c6bd0ba75	{"action":"token_revoked","actor_id":"73a91e0e-d8d4-4cfa-9077-fe4842a23eb3","actor_username":"","actor_via_sso":false,"log_type":"token"}	2025-05-18 07:29:53.566631+00	
00000000-0000-0000-0000-000000000000	28097969-f870-4c3f-86ef-c2552aea0edb	{"action":"token_refreshed","actor_id":"0ec19e15-2b4e-48c6-8751-b1385ee5d4d4","actor_username":"","actor_via_sso":false,"log_type":"token"}	2025-05-20 03:19:09.178442+00	
00000000-0000-0000-0000-000000000000	03c9b983-9776-44e3-87f2-5686396f7d6f	{"action":"token_revoked","actor_id":"0ec19e15-2b4e-48c6-8751-b1385ee5d4d4","actor_username":"","actor_via_sso":false,"log_type":"token"}	2025-05-20 03:19:09.186485+00	
00000000-0000-0000-0000-000000000000	5efacc35-5093-46c1-83e3-a74acd5123ef	{"action":"token_refreshed","actor_id":"e1ac855a-51c3-44df-86d8-b2e89efc2a00","actor_username":"","actor_via_sso":false,"log_type":"token"}	2025-05-21 07:26:39.8708+00	
00000000-0000-0000-0000-000000000000	3964a19a-a0b5-4f28-bdc9-9b265d757389	{"action":"token_revoked","actor_id":"e1ac855a-51c3-44df-86d8-b2e89efc2a00","actor_username":"","actor_via_sso":false,"log_type":"token"}	2025-05-21 07:26:39.882041+00	
00000000-0000-0000-0000-000000000000	a7e13087-846a-4c55-aa5b-61e85183aa1e	{"action":"token_refreshed","actor_id":"31721df3-72f9-4b12-ab0d-ea63bc01b48b","actor_username":"","actor_via_sso":false,"log_type":"token"}	2025-05-21 08:00:36.952641+00	
00000000-0000-0000-0000-000000000000	0b6f36cf-ea82-4a30-a412-5cbad2b6ab54	{"action":"token_revoked","actor_id":"31721df3-72f9-4b12-ab0d-ea63bc01b48b","actor_username":"","actor_via_sso":false,"log_type":"token"}	2025-05-21 08:00:36.954577+00	
00000000-0000-0000-0000-000000000000	00128130-d2a2-4d47-8563-d57cbf3b0101	{"action":"token_refreshed","actor_id":"b5609e41-8e22-49a9-a0b2-3e31cfedcd3f","actor_username":"","actor_via_sso":false,"log_type":"token"}	2025-05-21 08:26:17.352018+00	
00000000-0000-0000-0000-000000000000	ea081536-c446-42c2-b713-252fff8bbd74	{"action":"token_revoked","actor_id":"b5609e41-8e22-49a9-a0b2-3e31cfedcd3f","actor_username":"","actor_via_sso":false,"log_type":"token"}	2025-05-21 08:26:17.35449+00	
00000000-0000-0000-0000-000000000000	95754e48-4a47-499f-9a44-85129fa022b3	{"action":"token_refreshed","actor_id":"31721df3-72f9-4b12-ab0d-ea63bc01b48b","actor_username":"","actor_via_sso":false,"log_type":"token"}	2025-05-21 09:00:05.679545+00	
00000000-0000-0000-0000-000000000000	f9f8da76-c624-408e-9890-ffe43adf44ef	{"action":"token_revoked","actor_id":"31721df3-72f9-4b12-ab0d-ea63bc01b48b","actor_username":"","actor_via_sso":false,"log_type":"token"}	2025-05-21 09:00:05.680913+00	
00000000-0000-0000-0000-000000000000	48b08b86-b92d-4b28-9d9f-60a7b38aa8c4	{"action":"token_refreshed","actor_id":"31721df3-72f9-4b12-ab0d-ea63bc01b48b","actor_username":"","actor_via_sso":false,"log_type":"token"}	2025-05-21 10:01:07.645765+00	
00000000-0000-0000-0000-000000000000	0a3a8af5-9ff0-457f-a27a-2d3ebcba6362	{"action":"token_revoked","actor_id":"31721df3-72f9-4b12-ab0d-ea63bc01b48b","actor_username":"","actor_via_sso":false,"log_type":"token"}	2025-05-21 10:01:07.64805+00	
00000000-0000-0000-0000-000000000000	4a489a4f-cb7f-482a-af19-cc24de610be7	{"action":"token_refreshed","actor_id":"31721df3-72f9-4b12-ab0d-ea63bc01b48b","actor_username":"","actor_via_sso":false,"log_type":"token"}	2025-05-21 11:04:31.359279+00	
00000000-0000-0000-0000-000000000000	91c733a7-8522-4c9d-bded-be30d345276b	{"action":"token_revoked","actor_id":"31721df3-72f9-4b12-ab0d-ea63bc01b48b","actor_username":"","actor_via_sso":false,"log_type":"token"}	2025-05-21 11:04:31.363437+00	
00000000-0000-0000-0000-000000000000	ed82fa68-5e64-470d-9651-45533aab901b	{"action":"token_refreshed","actor_id":"31721df3-72f9-4b12-ab0d-ea63bc01b48b","actor_username":"","actor_via_sso":false,"log_type":"token"}	2025-05-21 12:39:02.504624+00	
00000000-0000-0000-0000-000000000000	3b932df0-161f-4ef1-94c0-e0fadb17e102	{"action":"token_revoked","actor_id":"31721df3-72f9-4b12-ab0d-ea63bc01b48b","actor_username":"","actor_via_sso":false,"log_type":"token"}	2025-05-21 12:39:02.507657+00	
00000000-0000-0000-0000-000000000000	4f7a9a90-26c2-46ef-bf56-a6f45f2396cc	{"action":"token_refreshed","actor_id":"fce90670-35e9-479f-b2e7-96bac3ecb0ae","actor_username":"","actor_via_sso":false,"log_type":"token"}	2025-05-21 15:21:18.285112+00	
00000000-0000-0000-0000-000000000000	b6c97485-6f47-4368-a5ce-982f1644062f	{"action":"token_revoked","actor_id":"fce90670-35e9-479f-b2e7-96bac3ecb0ae","actor_username":"","actor_via_sso":false,"log_type":"token"}	2025-05-21 15:21:18.286889+00	
00000000-0000-0000-0000-000000000000	9abf5801-aced-4e12-934a-b571f9663378	{"action":"token_refreshed","actor_id":"2b990f96-2150-4505-9abb-bf2ccca820a7","actor_username":"","actor_via_sso":false,"log_type":"token"}	2025-05-22 18:17:35.798173+00	
00000000-0000-0000-0000-000000000000	1250e619-9e48-48c1-8b7c-6951b26631c6	{"action":"token_revoked","actor_id":"2b990f96-2150-4505-9abb-bf2ccca820a7","actor_username":"","actor_via_sso":false,"log_type":"token"}	2025-05-22 18:17:35.806074+00	
00000000-0000-0000-0000-000000000000	d614b4f2-b6d9-4a44-8c47-9ac6c0c2a76b	{"action":"token_refreshed","actor_id":"4fb7d6fe-c824-4f37-80f8-4f56d0d15635","actor_username":"","actor_via_sso":false,"log_type":"token"}	2025-05-22 19:41:23.91576+00	
00000000-0000-0000-0000-000000000000	ca4bfaa0-5098-4cb5-b97e-59b271e454af	{"action":"token_revoked","actor_id":"4fb7d6fe-c824-4f37-80f8-4f56d0d15635","actor_username":"","actor_via_sso":false,"log_type":"token"}	2025-05-22 19:41:23.919075+00	
00000000-0000-0000-0000-000000000000	b8a794c0-3a23-433c-bdbe-c346108b999f	{"action":"token_refreshed","actor_id":"4fb7d6fe-c824-4f37-80f8-4f56d0d15635","actor_username":"","actor_via_sso":false,"log_type":"token"}	2025-05-23 19:58:03.620747+00	
00000000-0000-0000-0000-000000000000	685961ce-ac73-48f2-b2e2-15c4e8643688	{"action":"token_revoked","actor_id":"4fb7d6fe-c824-4f37-80f8-4f56d0d15635","actor_username":"","actor_via_sso":false,"log_type":"token"}	2025-05-23 19:58:03.627351+00	
00000000-0000-0000-0000-000000000000	43e4dcbd-6a8e-4512-8165-10aefd3db4f8	{"action":"token_refreshed","actor_id":"8034b3be-4168-4b36-8d00-27fc04a15593","actor_username":"","actor_via_sso":false,"log_type":"token"}	2025-06-02 10:22:22.48146+00	
00000000-0000-0000-0000-000000000000	a465650b-8f80-48f7-b86e-dfe611d35943	{"action":"token_revoked","actor_id":"8034b3be-4168-4b36-8d00-27fc04a15593","actor_username":"","actor_via_sso":false,"log_type":"token"}	2025-06-02 10:22:22.493282+00	
00000000-0000-0000-0000-000000000000	7b0720ec-0b8d-4c8f-987e-ffee3d076237	{"action":"token_refreshed","actor_id":"470e688b-17be-41a7-a6bd-ef3827fedb29","actor_username":"","actor_via_sso":false,"log_type":"token"}	2025-06-14 04:53:55.148007+00	
00000000-0000-0000-0000-000000000000	f7fedf3c-08ce-42bf-a406-0dfdac6d85fd	{"action":"token_revoked","actor_id":"470e688b-17be-41a7-a6bd-ef3827fedb29","actor_username":"","actor_via_sso":false,"log_type":"token"}	2025-06-14 04:53:55.154187+00	
00000000-0000-0000-0000-000000000000	01624f73-d0ef-4c51-9aa9-3fb41ab8ffd5	{"action":"token_refreshed","actor_id":"05f9c3d8-7305-48f4-aaac-8385679dd825","actor_username":"","actor_via_sso":false,"log_type":"token"}	2025-07-16 11:42:48.869722+00	
00000000-0000-0000-0000-000000000000	97512e00-5862-4c91-85f8-b750f9a16a72	{"action":"token_revoked","actor_id":"05f9c3d8-7305-48f4-aaac-8385679dd825","actor_username":"","actor_via_sso":false,"log_type":"token"}	2025-07-16 11:42:48.874116+00	
00000000-0000-0000-0000-000000000000	0e46ceec-d4c2-4cce-b75c-d2c3ed11f198	{"action":"token_refreshed","actor_id":"05f9c3d8-7305-48f4-aaac-8385679dd825","actor_username":"","actor_via_sso":false,"log_type":"token"}	2025-07-16 14:14:57.751826+00	
00000000-0000-0000-0000-000000000000	f3c79ae7-ab3c-4dc0-ae1f-7606800e8b07	{"action":"token_revoked","actor_id":"05f9c3d8-7305-48f4-aaac-8385679dd825","actor_username":"","actor_via_sso":false,"log_type":"token"}	2025-07-16 14:14:57.753304+00	
00000000-0000-0000-0000-000000000000	e2176576-fdf0-4f1f-b6c3-56e81c1b1d7f	{"action":"token_refreshed","actor_id":"2df6f609-59d9-4111-8afe-1c2ade4c8297","actor_username":"","actor_via_sso":false,"log_type":"token"}	2025-07-17 08:03:54.039426+00	
00000000-0000-0000-0000-000000000000	9bfe2f22-ab06-43df-8c2a-0ad51eca4ead	{"action":"token_revoked","actor_id":"2df6f609-59d9-4111-8afe-1c2ade4c8297","actor_username":"","actor_via_sso":false,"log_type":"token"}	2025-07-17 08:03:54.054796+00	
\.


--
-- Data for Name: flow_state; Type: TABLE DATA; Schema: auth; Owner: supabase_auth_admin
--

COPY auth.flow_state (id, user_id, auth_code, code_challenge_method, code_challenge, provider_type, provider_access_token, provider_refresh_token, created_at, updated_at, authentication_method, auth_code_issued_at) FROM stdin;
\.


--
-- Data for Name: identities; Type: TABLE DATA; Schema: auth; Owner: supabase_auth_admin
--

COPY auth.identities (provider_id, user_id, identity_data, provider, last_sign_in_at, created_at, updated_at, id) FROM stdin;
\.


--
-- Data for Name: instances; Type: TABLE DATA; Schema: auth; Owner: supabase_auth_admin
--

COPY auth.instances (id, uuid, raw_base_config, created_at, updated_at) FROM stdin;
\.


--
-- Data for Name: mfa_amr_claims; Type: TABLE DATA; Schema: auth; Owner: supabase_auth_admin
--

COPY auth.mfa_amr_claims (session_id, created_at, updated_at, authentication_method, id) FROM stdin;
2188fcf5-59e1-4f63-b442-997725526322	2025-01-23 08:38:19.95403+00	2025-01-23 08:38:19.95403+00	anonymous	2ba399ec-9e63-44be-89d6-5e471fb274c6
fe390a7b-4afa-4f84-b6b7-f04d3ae92b6f	2025-01-23 09:43:34.48531+00	2025-01-23 09:43:34.48531+00	anonymous	2774204a-577b-4dc7-860d-1b45ad5968b8
c9bd72ff-d855-4824-8519-d970e1536598	2025-01-23 10:03:06.623989+00	2025-01-23 10:03:06.623989+00	anonymous	3670c6e7-e89e-4085-96f1-0bad4ef2ea6a
bb990ed4-d56b-4261-aa0a-0c8de5b01dc4	2025-03-07 10:53:48.352555+00	2025-03-07 10:53:48.352555+00	anonymous	8afc200f-4399-4df5-9c06-9387dd25f0c0
5887e4cf-3b45-4db3-b7d3-ab8be418e85f	2025-03-07 10:54:17.624117+00	2025-03-07 10:54:17.624117+00	anonymous	7e5efbe2-0bb1-46a6-b952-1f0dc1404ad3
75652c9d-6461-45da-b8b7-70d1e7b51434	2025-03-07 10:56:33.524849+00	2025-03-07 10:56:33.524849+00	anonymous	b55765e6-c21f-46e5-8bb2-a9873ed0f33f
008cf625-7d5e-4057-826b-f0b5d9d9e12e	2025-03-08 11:24:27.886076+00	2025-03-08 11:24:27.886076+00	anonymous	09c3aee4-0ded-440f-a66f-2edd2670bec7
5b0b74f0-8aed-4735-88e5-ec66dfc5bc4c	2025-03-08 11:31:08.634413+00	2025-03-08 11:31:08.634413+00	anonymous	0c72b7b3-c404-4b5e-b2f5-38dbaa232cc9
ad3f2b8f-a16e-400e-876d-f9fb180bcc7f	2025-03-08 11:48:14.844659+00	2025-03-08 11:48:14.844659+00	anonymous	0e1c677a-18e6-4334-bcf4-3cccf6804e47
4286ecfd-bfb8-4a7a-bd51-c1e01bf296f6	2025-03-08 12:21:16.062427+00	2025-03-08 12:21:16.062427+00	anonymous	bb966478-07f5-49fc-932d-20fba30091cb
f3d45917-f8ed-4515-a0ed-506b09ab5a45	2025-03-08 13:31:20.500218+00	2025-03-08 13:31:20.500218+00	anonymous	e130d4a3-f0e2-43f4-9af5-34dcbe9b8599
e419f08f-2c9d-4342-badf-700671e04629	2025-03-09 10:46:06.430189+00	2025-03-09 10:46:06.430189+00	anonymous	9384189a-e38f-469f-9dcf-87952823f2d2
971b753d-f43c-4366-a492-805a654b7d3a	2025-03-10 10:06:25.676412+00	2025-03-10 10:06:25.676412+00	anonymous	51cb997f-6e2a-4ca1-bd68-1d1f34b92e15
4f937bb7-9197-4b7c-93fe-993ae5933591	2025-03-10 20:29:17.00272+00	2025-03-10 20:29:17.00272+00	anonymous	5c112169-820d-4e6c-9634-694d494227a8
726bb88c-0262-463d-942d-f62d45721295	2025-03-11 13:36:21.453859+00	2025-03-11 13:36:21.453859+00	anonymous	fd0f28d6-fd90-40ac-82f9-809e62ceaba2
c308b520-1574-4dfa-80f5-b76afc55c66f	2025-03-12 11:16:49.935028+00	2025-03-12 11:16:49.935028+00	anonymous	5d635002-0e9b-4fdf-b24f-785ee1a7a783
21690bc2-c33a-42e3-b3b4-d2fc7ee4a5e7	2025-03-13 20:48:05.213824+00	2025-03-13 20:48:05.213824+00	anonymous	71f7e2d0-4629-4b3e-81ec-1d0a9b18f888
aa9ce096-78c5-438c-b0eb-c82b446b4fa7	2025-03-13 20:55:59.309088+00	2025-03-13 20:55:59.309088+00	anonymous	e63eaea3-0524-4e66-967a-4680e7d2da38
4f822208-c4d4-4519-a4e2-2a8f06ec4c29	2025-04-17 10:35:02.658088+00	2025-04-17 10:35:02.658088+00	anonymous	c84f357b-3048-4702-ac89-dee835bfe6d2
edc83f06-37d3-4e53-aa45-5ce48b789496	2025-04-17 10:40:45.526147+00	2025-04-17 10:40:45.526147+00	anonymous	be998d4a-366f-4a94-b3c4-171f8d7ec734
2da7825b-e117-4873-aaa7-3b91c076cc75	2025-04-17 10:55:30.472714+00	2025-04-17 10:55:30.472714+00	anonymous	e4d5a5f9-74b6-4318-8053-c6dc66d94afe
adfb70dc-7ae9-47aa-9f4d-0beef14c5949	2025-04-17 11:11:46.713097+00	2025-04-17 11:11:46.713097+00	anonymous	ba09259c-0f63-4147-826f-d27720e38c14
2fab1688-db73-491f-810d-c07e800dbb7e	2025-04-17 11:54:34.906771+00	2025-04-17 11:54:34.906771+00	anonymous	0722e78f-c20d-4aa7-bd40-70fc4eccebcc
748e71c8-0d7c-4f7c-86e8-b28d298db859	2025-04-17 11:58:05.271045+00	2025-04-17 11:58:05.271045+00	anonymous	dff54ed1-a019-40e8-9f06-c160a9148717
21c80746-c441-4ac8-9ee8-5281ee4d0dd1	2025-04-17 22:32:19.327738+00	2025-04-17 22:32:19.327738+00	anonymous	d3e71f9d-8ef1-4f81-b690-383d419746a4
eea5fa44-7054-4a6b-9621-12cb418e3f86	2025-04-18 09:04:52.067351+00	2025-04-18 09:04:52.067351+00	anonymous	9e039517-4db8-44ec-b46d-bc7dba97b3f6
e047d301-1835-4b9a-8c3f-0df9253cd23d	2025-04-19 07:55:44.514066+00	2025-04-19 07:55:44.514066+00	anonymous	9507a6c5-88cd-4af5-9471-3297c0124d2e
642627e7-c234-4083-9e14-612549dfb34a	2025-04-22 08:34:30.748441+00	2025-04-22 08:34:30.748441+00	anonymous	06314f6b-457d-48c1-9c65-d93845860e64
4957a23e-539e-43ce-b6ca-f449e9efbb54	2025-04-24 10:07:19.64544+00	2025-04-24 10:07:19.64544+00	anonymous	2b15f012-655b-4334-83da-1472fb326fc0
0021be65-d343-4e13-9ef0-8ae942ca547d	2025-04-24 11:07:59.400887+00	2025-04-24 11:07:59.400887+00	anonymous	f38e5101-d1e2-4374-a714-fea75e256508
c06b10a6-5a55-4205-8cb6-fa0538c81d5a	2025-04-24 12:58:35.532481+00	2025-04-24 12:58:35.532481+00	anonymous	485d1147-b8be-4e22-a12c-03ea4b59eb06
4eec4500-b287-41e1-94a4-9eb5025c5847	2025-04-24 13:12:56.296423+00	2025-04-24 13:12:56.296423+00	anonymous	e247530a-7abe-4801-8747-cb6fe8570821
0cd267e5-2efc-420b-b668-e377014bef22	2025-04-24 13:31:35.275001+00	2025-04-24 13:31:35.275001+00	anonymous	02a5dcae-1697-4428-bea2-ffeacb608daa
4ee1e9af-51d4-406c-8966-61b6bd7dba32	2025-04-28 10:38:27.628916+00	2025-04-28 10:38:27.628916+00	anonymous	74c904bb-caf0-4a67-9d73-252c1067a6f8
326df77f-fc5c-4623-9e95-9c6524d6d8cb	2025-04-29 07:01:39.225249+00	2025-04-29 07:01:39.225249+00	anonymous	5dbff3ac-6f2f-4cb2-89a1-f6de1c086e32
56ff6de6-cd79-498b-9974-1a157ac863b1	2025-04-30 15:48:38.759112+00	2025-04-30 15:48:38.759112+00	anonymous	4ea19169-f03e-4854-aaee-5fdea62c5974
125bd51a-a3e9-4fc1-bf6a-3ebf08933d75	2025-04-30 17:05:43.743421+00	2025-04-30 17:05:43.743421+00	anonymous	4bdc140b-73ff-4e29-a788-5a486efeba55
4ca964e1-3a89-42c7-a8b0-f57bedd836e9	2025-04-30 17:09:54.638665+00	2025-04-30 17:09:54.638665+00	anonymous	392b0e17-dc08-4825-aaf9-b59df685c939
2cbd4cdb-3c25-41d1-81ca-72b7c6787c97	2025-05-01 05:00:03.81426+00	2025-05-01 05:00:03.81426+00	anonymous	c04f1f3a-ad62-44c5-9e6d-b028255d1a0d
322c6f8f-45ee-4497-9adc-7713d9d79795	2025-05-02 07:31:40.140014+00	2025-05-02 07:31:40.140014+00	anonymous	52d60a60-1035-452c-9f9c-f8fac33f69b0
ff1a2f68-6b90-452b-b4b1-a493a5fa6ec2	2025-05-04 14:50:46.306081+00	2025-05-04 14:50:46.306081+00	anonymous	51da78f3-7925-4e13-8769-83f96de3402a
7c7652ef-1470-4c5f-80c8-ec3fd71fc8e5	2025-05-07 08:10:46.261641+00	2025-05-07 08:10:46.261641+00	anonymous	5138c349-fcd7-406f-bce0-08403cbcc40b
2c2bbe58-83e5-4458-975d-7965fe96a14e	2025-05-07 12:16:55.303403+00	2025-05-07 12:16:55.303403+00	anonymous	607f78f8-bb77-443f-8b90-4662a7990d92
282e9535-ae7f-4cde-929a-ac075985c91c	2025-05-07 12:18:03.909474+00	2025-05-07 12:18:03.909474+00	anonymous	4f8f773c-7d75-4d5d-ab5f-de6a980d4ba9
94b975a0-5bc9-42e7-8767-1c4082ce4707	2025-05-08 15:50:16.335535+00	2025-05-08 15:50:16.335535+00	anonymous	e64af3ae-ee03-4313-a698-bdbcd6b85dab
d5633b5d-0f16-4ea6-9df0-7f819b55dba1	2025-05-11 07:46:24.904572+00	2025-05-11 07:46:24.904572+00	anonymous	0a42a12d-1745-449f-82fe-adac0bed2446
633b98c3-0c68-4026-8ae6-8a491c5bb51d	2025-05-14 06:07:23.442775+00	2025-05-14 06:07:23.442775+00	anonymous	ba6d1d09-1ac5-46e1-a484-06f2f5879787
aa886200-3bd0-4a85-8193-72f0988e552b	2025-05-15 05:28:48.529241+00	2025-05-15 05:28:48.529241+00	anonymous	3fbcd294-c3db-48e6-a396-f258bbb97d03
9adbbe58-f5ca-4cc0-8a58-1747711d6e36	2025-05-18 07:29:53.689469+00	2025-05-18 07:29:53.689469+00	anonymous	467d1492-7954-4e39-91a5-fe16a08af6f6
c7645688-6990-43eb-9289-82cad980d489	2025-05-20 03:19:09.442495+00	2025-05-20 03:19:09.442495+00	anonymous	87b15234-0066-4ad8-8c10-52abdf25d1d4
117e09ed-8a98-4624-b81e-725fda9f2f9a	2025-05-21 07:26:40.031265+00	2025-05-21 07:26:40.031265+00	anonymous	772e90c2-5851-48e9-9747-1df47ecfbd78
275a5353-3fe4-44e3-a57e-3fb905747bd7	2025-05-21 12:39:02.822709+00	2025-05-21 12:39:02.822709+00	anonymous	e5165d74-aeb6-4cb5-8235-b199fb3ed488
e4684076-78f6-4c1e-95b3-dac66a2bece7	2025-05-21 15:21:18.696016+00	2025-05-21 15:21:18.696016+00	anonymous	0bc9f173-4f54-4999-a1fb-b528437d6223
e89040e3-d9d9-4b36-ab5d-566d3bd52ea9	2025-05-22 18:17:36.082685+00	2025-05-22 18:17:36.082685+00	anonymous	91ba400b-15f4-4fb8-ad49-a53322a4fd05
f681ead6-1123-40bc-8a01-22eeb95404cf	2025-05-23 19:58:04.395629+00	2025-05-23 19:58:04.395629+00	anonymous	f1bb2d64-9635-41a3-ab5c-17e1fae84f9c
6ed48312-3843-41a2-9fb7-d3c78c80aafb	2025-05-26 09:35:07.924903+00	2025-05-26 09:35:07.924903+00	anonymous	4bea75ac-dc8f-4cfa-9891-eac349e9288a
85d41892-1824-45af-adcd-fb58d4e0daec	2025-05-26 13:22:52.04904+00	2025-05-26 13:22:52.04904+00	anonymous	f1b88cf1-b9b5-42cc-bf01-c3b13db2d9a9
6984ecc3-0378-45f2-b1cb-99342ec971ea	2025-05-26 15:35:18.742711+00	2025-05-26 15:35:18.742711+00	anonymous	fdaa678b-5650-4391-9115-ea27d4882de7
50b49deb-a335-411e-a826-318f2c9673a4	2025-05-26 15:39:13.069663+00	2025-05-26 15:39:13.069663+00	anonymous	f7187739-5424-4f8d-bbe2-540a238371d3
1aaed4c8-4400-426b-8b82-30da0632ccf5	2025-06-02 10:22:22.853905+00	2025-06-02 10:22:22.853905+00	anonymous	24aa5f75-de10-4798-b3eb-5c01f5a5fed8
098e5c49-869d-4053-912c-966160b4f580	2025-06-14 04:53:55.49155+00	2025-06-14 04:53:55.49155+00	anonymous	fe784c82-8b03-4c1c-ba69-8253a8edbf7d
38d7d5bd-b6ce-4040-a942-7baec7b859a6	2025-07-16 09:56:15.687816+00	2025-07-16 09:56:15.687816+00	anonymous	250ef7d3-978a-4539-867e-678c0ecd4c12
05fac5d8-a8f2-4625-8f03-8910176609bf	2025-07-16 14:15:00.586924+00	2025-07-16 14:15:00.586924+00	anonymous	651eedab-ff18-4c57-8bbf-b61c52cfcbab
\.


--
-- Data for Name: mfa_challenges; Type: TABLE DATA; Schema: auth; Owner: supabase_auth_admin
--

COPY auth.mfa_challenges (id, factor_id, created_at, verified_at, ip_address, otp_code, web_authn_session_data) FROM stdin;
\.


--
-- Data for Name: mfa_factors; Type: TABLE DATA; Schema: auth; Owner: supabase_auth_admin
--

COPY auth.mfa_factors (id, user_id, friendly_name, factor_type, status, created_at, updated_at, secret, phone, last_challenged_at, web_authn_credential, web_authn_aaguid) FROM stdin;
\.


--
-- Data for Name: oauth_clients; Type: TABLE DATA; Schema: auth; Owner: supabase_auth_admin
--

COPY auth.oauth_clients (id, client_id, client_secret_hash, registration_type, redirect_uris, grant_types, client_name, client_uri, logo_uri, created_at, updated_at, deleted_at) FROM stdin;
\.


--
-- Data for Name: one_time_tokens; Type: TABLE DATA; Schema: auth; Owner: supabase_auth_admin
--

COPY auth.one_time_tokens (id, user_id, token_type, token_hash, relates_to, created_at, updated_at) FROM stdin;
\.


--
-- Data for Name: refresh_tokens; Type: TABLE DATA; Schema: auth; Owner: supabase_auth_admin
--

COPY auth.refresh_tokens (instance_id, id, token, user_id, revoked, created_at, updated_at, parent, session_id) FROM stdin;
00000000-0000-0000-0000-000000000000	1	ij7n_B2QzksueR4qpTkFqw	a1622691-5487-41fd-8165-5362188d401b	t	2025-01-23 08:38:19.942606+00	2025-01-23 09:43:34.32255+00	\N	2188fcf5-59e1-4f63-b442-997725526322
00000000-0000-0000-0000-000000000000	2	SdJjHoSGa1ucTSi3FIbJVg	a1622691-5487-41fd-8165-5362188d401b	f	2025-01-23 09:43:34.331447+00	2025-01-23 09:43:34.331447+00	ij7n_B2QzksueR4qpTkFqw	2188fcf5-59e1-4f63-b442-997725526322
00000000-0000-0000-0000-000000000000	3	j2iUqX9wljCD1ERHJbvAyw	1cdcbf8a-bf67-4b80-b34c-efdc38af30bb	f	2025-01-23 09:43:34.484137+00	2025-01-23 09:43:34.484137+00	\N	fe390a7b-4afa-4f84-b6b7-f04d3ae92b6f
00000000-0000-0000-0000-000000000000	4	lcaDvpUML-99QEi_Ncclrg	71049bdf-d22b-4301-96ab-29f28246e47c	t	2025-01-23 10:03:06.622337+00	2025-01-23 11:02:34.76343+00	\N	c9bd72ff-d855-4824-8519-d970e1536598
00000000-0000-0000-0000-000000000000	5	hYgSAnVJsHHqigwXF7rTuA	71049bdf-d22b-4301-96ab-29f28246e47c	t	2025-01-23 11:02:34.76474+00	2025-01-23 12:01:54.632476+00	lcaDvpUML-99QEi_Ncclrg	c9bd72ff-d855-4824-8519-d970e1536598
00000000-0000-0000-0000-000000000000	6	nXzSYEGuVnMYZHpijmH57Q	71049bdf-d22b-4301-96ab-29f28246e47c	t	2025-01-23 12:01:54.633124+00	2025-01-23 13:01:14.59144+00	hYgSAnVJsHHqigwXF7rTuA	c9bd72ff-d855-4824-8519-d970e1536598
00000000-0000-0000-0000-000000000000	7	KcnutVfS59D7tvUJypzAZQ	71049bdf-d22b-4301-96ab-29f28246e47c	t	2025-01-23 13:01:14.592126+00	2025-01-23 14:00:34.56176+00	nXzSYEGuVnMYZHpijmH57Q	c9bd72ff-d855-4824-8519-d970e1536598
00000000-0000-0000-0000-000000000000	8	_ydV4_fQ__ySfECUXQxE7g	71049bdf-d22b-4301-96ab-29f28246e47c	t	2025-01-23 14:00:34.563217+00	2025-01-23 14:59:54.617599+00	KcnutVfS59D7tvUJypzAZQ	c9bd72ff-d855-4824-8519-d970e1536598
00000000-0000-0000-0000-000000000000	9	rYyhRPViJbRm-j4wg4GXtQ	71049bdf-d22b-4301-96ab-29f28246e47c	t	2025-01-23 14:59:54.618317+00	2025-01-23 15:59:14.79265+00	_ydV4_fQ__ySfECUXQxE7g	c9bd72ff-d855-4824-8519-d970e1536598
00000000-0000-0000-0000-000000000000	10	o9yJXO2aO-Y7iLGrvAYC2w	71049bdf-d22b-4301-96ab-29f28246e47c	t	2025-01-23 15:59:14.796391+00	2025-01-23 16:58:34.570137+00	rYyhRPViJbRm-j4wg4GXtQ	c9bd72ff-d855-4824-8519-d970e1536598
00000000-0000-0000-0000-000000000000	11	9AjWDvX4Y0MU1lRJEzt5-g	71049bdf-d22b-4301-96ab-29f28246e47c	t	2025-01-23 16:58:34.571363+00	2025-01-23 17:57:54.545821+00	o9yJXO2aO-Y7iLGrvAYC2w	c9bd72ff-d855-4824-8519-d970e1536598
00000000-0000-0000-0000-000000000000	12	iWXkQFUfrHsTaJy_H3bv-g	71049bdf-d22b-4301-96ab-29f28246e47c	f	2025-01-23 17:57:54.547194+00	2025-01-23 17:57:54.547194+00	9AjWDvX4Y0MU1lRJEzt5-g	c9bd72ff-d855-4824-8519-d970e1536598
00000000-0000-0000-0000-000000000000	13	VvsyIjsvki3zkO8OzWwnZg	c6aba6b3-c9d3-434e-ae26-f9cd78457b04	f	2025-03-07 10:53:48.334688+00	2025-03-07 10:53:48.334688+00	\N	bb990ed4-d56b-4261-aa0a-0c8de5b01dc4
00000000-0000-0000-0000-000000000000	14	FCirgX1qEjM9neUl-2MJJg	5b743f48-72fc-46b9-a9b4-61e36f55c780	f	2025-03-07 10:54:17.62246+00	2025-03-07 10:54:17.62246+00	\N	5887e4cf-3b45-4db3-b7d3-ab8be418e85f
00000000-0000-0000-0000-000000000000	15	de0ju-TpeDWmhbxAMZhYZQ	3f549b1a-fe3e-4ff5-ad65-ec0842871837	f	2025-03-07 10:56:33.522768+00	2025-03-07 10:56:33.522768+00	\N	75652c9d-6461-45da-b8b7-70d1e7b51434
00000000-0000-0000-0000-000000000000	16	7OaEAve5mTFemBI1Xr5GrQ	e96be654-b745-479b-a401-f692240bc932	f	2025-03-08 11:24:27.867646+00	2025-03-08 11:24:27.867646+00	\N	008cf625-7d5e-4057-826b-f0b5d9d9e12e
00000000-0000-0000-0000-000000000000	17	hDKqpd-Tq50fGEu56_fPbw	cf23a4b0-60c7-427c-8744-bb5f666c3a72	f	2025-03-08 11:31:08.632124+00	2025-03-08 11:31:08.632124+00	\N	5b0b74f0-8aed-4735-88e5-ec66dfc5bc4c
00000000-0000-0000-0000-000000000000	18	LKmOMnXJEkFqTU1daVjlYA	9d5d4ccd-efce-4309-b636-04e9281427cd	f	2025-03-08 11:48:14.839149+00	2025-03-08 11:48:14.839149+00	\N	ad3f2b8f-a16e-400e-876d-f9fb180bcc7f
00000000-0000-0000-0000-000000000000	19	cuaYRXdexHJKCRfujVSUNw	61bacccc-fb72-4bbe-9a49-e7a52d543bc6	f	2025-03-08 12:21:16.058941+00	2025-03-08 12:21:16.058941+00	\N	4286ecfd-bfb8-4a7a-bd51-c1e01bf296f6
00000000-0000-0000-0000-000000000000	20	yKN0dzUveBLoDV629voaWg	1cadade1-a1a0-4696-9a92-bb5aa41df6bc	f	2025-03-08 13:31:20.497729+00	2025-03-08 13:31:20.497729+00	\N	f3d45917-f8ed-4515-a0ed-506b09ab5a45
00000000-0000-0000-0000-000000000000	21	WvHNsd8dkazRfbypFoeTVQ	9f29161f-94ea-42e5-b0cf-198521c4d26e	f	2025-03-09 10:46:06.410106+00	2025-03-09 10:46:06.410106+00	\N	e419f08f-2c9d-4342-badf-700671e04629
00000000-0000-0000-0000-000000000000	22	_S5DkJdF9M36ftOJhQ35wQ	4f198771-5ea7-4343-8a62-e44c83c228de	f	2025-03-10 10:06:25.64706+00	2025-03-10 10:06:25.64706+00	\N	971b753d-f43c-4366-a492-805a654b7d3a
00000000-0000-0000-0000-000000000000	23	2xFC-R4jpbJYPLp8db1wzQ	1725d0fc-12f8-448e-877b-1eb4dd13caba	f	2025-03-10 20:29:16.997454+00	2025-03-10 20:29:16.997454+00	\N	4f937bb7-9197-4b7c-93fe-993ae5933591
00000000-0000-0000-0000-000000000000	24	wCxf_UJzSAA6heLCsj7VBw	3a81fb72-2675-4778-a62b-67f7a62ad382	f	2025-03-11 13:36:21.437253+00	2025-03-11 13:36:21.437253+00	\N	726bb88c-0262-463d-942d-f62d45721295
00000000-0000-0000-0000-000000000000	25	nPxgVoKJz0wXG6i7vu79cQ	7937a338-7001-4634-8740-bfccc92a1459	f	2025-03-12 11:16:49.907129+00	2025-03-12 11:16:49.907129+00	\N	c308b520-1574-4dfa-80f5-b76afc55c66f
00000000-0000-0000-0000-000000000000	26	HjtMiwce211sbzhPTFn5sg	58ae3cbf-124e-4347-8d1d-d3a52d8b9c18	f	2025-03-13 20:48:05.186214+00	2025-03-13 20:48:05.186214+00	\N	21690bc2-c33a-42e3-b3b4-d2fc7ee4a5e7
00000000-0000-0000-0000-000000000000	27	1zEp0Ai1Pwoh8je4b6KGpw	fe4b011b-07e9-4680-ad9c-3399328ea81d	f	2025-03-13 20:55:59.303497+00	2025-03-13 20:55:59.303497+00	\N	aa9ce096-78c5-438c-b0eb-c82b446b4fa7
00000000-0000-0000-0000-000000000000	28	J1xZrO7ND4i8BRqR9RF2gg	5eb41f88-07fc-4cd6-ae7e-408d5e39a7d4	f	2025-04-17 10:35:02.643593+00	2025-04-17 10:35:02.643593+00	\N	4f822208-c4d4-4519-a4e2-2a8f06ec4c29
00000000-0000-0000-0000-000000000000	29	K1dusly9UR8_49mdRhYRyg	8010fbac-79f2-4d8f-a9ea-1f51df3495d4	f	2025-04-17 10:40:45.524431+00	2025-04-17 10:40:45.524431+00	\N	edc83f06-37d3-4e53-aa45-5ce48b789496
00000000-0000-0000-0000-000000000000	30	GzfXiW3h6qk2D19LFD53bg	a58c2d3a-ac55-46d0-a947-e4d995063a9a	f	2025-04-17 10:55:30.471028+00	2025-04-17 10:55:30.471028+00	\N	2da7825b-e117-4873-aaa7-3b91c076cc75
00000000-0000-0000-0000-000000000000	31	7-JGjCUuvNTlSmQFECYwxA	af66d810-32e2-422d-ad92-7b6028d7a54f	f	2025-04-17 11:11:46.71071+00	2025-04-17 11:11:46.71071+00	\N	adfb70dc-7ae9-47aa-9f4d-0beef14c5949
00000000-0000-0000-0000-000000000000	32	GVurmAQusESPwk5O35r2Fw	03154b98-bb8d-4f28-b1fa-6ce0bf49805a	f	2025-04-17 11:54:34.903026+00	2025-04-17 11:54:34.903026+00	\N	2fab1688-db73-491f-810d-c07e800dbb7e
00000000-0000-0000-0000-000000000000	33	Eznh3Iomenq-sxXu_NV2uQ	ee44d4fe-7263-4bb8-bfea-bdf2aa609b13	f	2025-04-17 11:58:05.269195+00	2025-04-17 11:58:05.269195+00	\N	748e71c8-0d7c-4f7c-86e8-b28d298db859
00000000-0000-0000-0000-000000000000	35	5bcUSwMoAE0h4MEw1SmebQ	90d7bb31-7b46-4d39-a0c0-765642cc5c99	t	2025-04-18 09:04:52.046433+00	2025-04-18 10:13:23.172615+00	\N	eea5fa44-7054-4a6b-9621-12cb418e3f86
00000000-0000-0000-0000-000000000000	36	jyPjpIictt8LVDWpTxRMVg	90d7bb31-7b46-4d39-a0c0-765642cc5c99	t	2025-04-18 10:13:23.175571+00	2025-04-19 07:55:44.342567+00	5bcUSwMoAE0h4MEw1SmebQ	eea5fa44-7054-4a6b-9621-12cb418e3f86
00000000-0000-0000-0000-000000000000	37	Agxx3YZQPcbzEKV4J4HXiA	90d7bb31-7b46-4d39-a0c0-765642cc5c99	f	2025-04-19 07:55:44.354919+00	2025-04-19 07:55:44.354919+00	jyPjpIictt8LVDWpTxRMVg	eea5fa44-7054-4a6b-9621-12cb418e3f86
00000000-0000-0000-0000-000000000000	38	pKVENyej0cr3ysATde1uTQ	ccb01df1-04e0-4762-a1ca-f177632dde2e	t	2025-04-19 07:55:44.512857+00	2025-04-19 15:37:04.108613+00	\N	e047d301-1835-4b9a-8c3f-0df9253cd23d
00000000-0000-0000-0000-000000000000	39	fg9mNXmaYLsHP3eCwyPslw	ccb01df1-04e0-4762-a1ca-f177632dde2e	t	2025-04-19 15:37:04.109874+00	2025-04-22 08:34:30.49348+00	pKVENyej0cr3ysATde1uTQ	e047d301-1835-4b9a-8c3f-0df9253cd23d
00000000-0000-0000-0000-000000000000	40	QeIhCmKLBcR2HmOuTxqdcw	ccb01df1-04e0-4762-a1ca-f177632dde2e	f	2025-04-22 08:34:30.501702+00	2025-04-22 08:34:30.501702+00	fg9mNXmaYLsHP3eCwyPslw	e047d301-1835-4b9a-8c3f-0df9253cd23d
00000000-0000-0000-0000-000000000000	34	VmjGZVZIWqO87wI8rACApg	ace476db-c534-49c4-adaa-bf921b64a4a3	t	2025-04-17 22:32:19.317283+00	2025-04-24 10:07:19.558148+00	\N	21c80746-c441-4ac8-9ee8-5281ee4d0dd1
00000000-0000-0000-0000-000000000000	42	gMhu7W-IFNZeWnsvhKFbig	ace476db-c534-49c4-adaa-bf921b64a4a3	f	2025-04-24 10:07:19.572387+00	2025-04-24 10:07:19.572387+00	VmjGZVZIWqO87wI8rACApg	21c80746-c441-4ac8-9ee8-5281ee4d0dd1
00000000-0000-0000-0000-000000000000	44	yNK1KZHyYowoxfhTlT4XPA	a46f80f7-2c50-43b8-9032-27f234c48607	f	2025-04-24 11:07:59.394884+00	2025-04-24 11:07:59.394884+00	\N	0021be65-d343-4e13-9ef0-8ae942ca547d
00000000-0000-0000-0000-000000000000	43	74nje4HFND35LIGMru2fjQ	edd67eb9-3efe-4101-be35-9cd44e934d6e	t	2025-04-24 10:07:19.642662+00	2025-04-24 11:07:59.404091+00	\N	4957a23e-539e-43ce-b6ca-f449e9efbb54
00000000-0000-0000-0000-000000000000	41	rU3O7AyoSnK7qdnWc8kkYg	7cd70eee-a7a6-4bdd-ac66-76ffb791d02e	t	2025-04-22 08:34:30.74653+00	2025-04-24 12:58:35.241841+00	\N	642627e7-c234-4083-9e14-612549dfb34a
00000000-0000-0000-0000-000000000000	46	-k-32tld81LCu36u8xXSJg	7cd70eee-a7a6-4bdd-ac66-76ffb791d02e	f	2025-04-24 12:58:35.24766+00	2025-04-24 12:58:35.24766+00	rU3O7AyoSnK7qdnWc8kkYg	642627e7-c234-4083-9e14-612549dfb34a
00000000-0000-0000-0000-000000000000	45	8RYjTpGg6kOWLwP-Xvkn0w	edd67eb9-3efe-4101-be35-9cd44e934d6e	t	2025-04-24 11:07:59.405097+00	2025-04-24 13:12:56.193954+00	74nje4HFND35LIGMru2fjQ	4957a23e-539e-43ce-b6ca-f449e9efbb54
00000000-0000-0000-0000-000000000000	48	7Br78fQjsXaDDw2oJHTD7g	edd67eb9-3efe-4101-be35-9cd44e934d6e	f	2025-04-24 13:12:56.195548+00	2025-04-24 13:12:56.195548+00	8RYjTpGg6kOWLwP-Xvkn0w	4957a23e-539e-43ce-b6ca-f449e9efbb54
00000000-0000-0000-0000-000000000000	47	d1hjJAqE2FikCgpILQojnQ	7393e963-1b6b-4299-a9c4-01e7ff2718fc	t	2025-04-24 12:58:35.53125+00	2025-04-24 14:09:50.773338+00	\N	c06b10a6-5a55-4205-8cb6-fa0538c81d5a
00000000-0000-0000-0000-000000000000	49	vdjtxNmHwmMm8X5YasnDYw	e1ac855a-51c3-44df-86d8-b2e89efc2a00	t	2025-04-24 13:12:56.29318+00	2025-04-30 17:05:43.762871+00	\N	4eec4500-b287-41e1-94a4-9eb5025c5847
00000000-0000-0000-0000-000000000000	50	H_qBxKyMWi9c6a7s00PbUQ	3a173675-31c0-4b88-ba07-250bc7e6fa69	f	2025-04-24 13:31:35.270995+00	2025-04-24 13:31:35.270995+00	\N	0cd267e5-2efc-420b-b668-e377014bef22
00000000-0000-0000-0000-000000000000	51	o4nV1f4rwnYqXJd9BG7D5w	7393e963-1b6b-4299-a9c4-01e7ff2718fc	t	2025-04-24 14:09:50.774621+00	2025-04-28 10:38:27.455302+00	d1hjJAqE2FikCgpILQojnQ	c06b10a6-5a55-4205-8cb6-fa0538c81d5a
00000000-0000-0000-0000-000000000000	52	rjd-El1Ftg0Ff-iTm3L17w	7393e963-1b6b-4299-a9c4-01e7ff2718fc	f	2025-04-28 10:38:27.464703+00	2025-04-28 10:38:27.464703+00	o4nV1f4rwnYqXJd9BG7D5w	c06b10a6-5a55-4205-8cb6-fa0538c81d5a
00000000-0000-0000-0000-000000000000	53	ruzK2fdPp4t32ADfCMOPOg	9974b9a6-f493-47d4-829c-1ee8d0260e6d	t	2025-04-28 10:38:27.627124+00	2025-04-29 07:01:39.064631+00	\N	4ee1e9af-51d4-406c-8966-61b6bd7dba32
00000000-0000-0000-0000-000000000000	54	9d3p_G3Id4X2nfZv4SjofQ	9974b9a6-f493-47d4-829c-1ee8d0260e6d	f	2025-04-29 07:01:39.079716+00	2025-04-29 07:01:39.079716+00	ruzK2fdPp4t32ADfCMOPOg	4ee1e9af-51d4-406c-8966-61b6bd7dba32
00000000-0000-0000-0000-000000000000	56	RdlWrDtU5WwBhW2bK7mrXQ	d8e53949-1e28-4664-a125-baca8101acc1	t	2025-04-30 15:48:38.739579+00	2025-04-30 16:47:59.904639+00	\N	56ff6de6-cd79-498b-9974-1a157ac863b1
00000000-0000-0000-0000-000000000000	57	8H-GZiDU-NQ2o1c6dx58iw	d8e53949-1e28-4664-a125-baca8101acc1	f	2025-04-30 16:47:59.90908+00	2025-04-30 16:47:59.90908+00	RdlWrDtU5WwBhW2bK7mrXQ	56ff6de6-cd79-498b-9974-1a157ac863b1
00000000-0000-0000-0000-000000000000	58	eE86MifQI84jgRIrTj2lMg	b528285a-8c4e-4e5e-b402-3072ed04802c	f	2025-04-30 17:05:43.740361+00	2025-04-30 17:05:43.740361+00	\N	125bd51a-a3e9-4fc1-bf6a-3ebf08933d75
00000000-0000-0000-0000-000000000000	60	DGJdIaGNYQwbx5t06JsFsQ	b353a85c-8e7c-4ba4-bdda-da64548f92e7	f	2025-04-30 17:09:54.633947+00	2025-04-30 17:09:54.633947+00	\N	4ca964e1-3a89-42c7-a8b0-f57bedd836e9
00000000-0000-0000-0000-000000000000	55	77-PAedjQWn9JjMnIOzWwQ	80ab10e6-bf2b-4d82-9c0a-53f6f71fbdc5	t	2025-04-29 07:01:39.223602+00	2025-05-01 05:00:03.516+00	\N	326df77f-fc5c-4623-9e95-9c6524d6d8cb
00000000-0000-0000-0000-000000000000	61	81F1ItEmZIcBf8jiIcqxTQ	80ab10e6-bf2b-4d82-9c0a-53f6f71fbdc5	f	2025-05-01 05:00:03.526675+00	2025-05-01 05:00:03.526675+00	77-PAedjQWn9JjMnIOzWwQ	326df77f-fc5c-4623-9e95-9c6524d6d8cb
00000000-0000-0000-0000-000000000000	62	h6HX8aJYTTkpCazG0I0mwg	9e88655f-7662-4ad6-92c2-1f6240306096	t	2025-05-01 05:00:03.812422+00	2025-05-02 07:31:39.900225+00	\N	2cbd4cdb-3c25-41d1-81ca-72b7c6787c97
00000000-0000-0000-0000-000000000000	63	PWnvjufXaBXCylz-wkxNwA	9e88655f-7662-4ad6-92c2-1f6240306096	f	2025-05-02 07:31:39.906266+00	2025-05-02 07:31:39.906266+00	h6HX8aJYTTkpCazG0I0mwg	2cbd4cdb-3c25-41d1-81ca-72b7c6787c97
00000000-0000-0000-0000-000000000000	64	mzQe0gIS-C8PuPOLeKmvyw	017dd4e4-0e3e-48a9-aa06-66596ccc38bd	t	2025-05-02 07:31:40.136236+00	2025-05-02 16:38:21.400748+00	\N	322c6f8f-45ee-4497-9adc-7713d9d79795
00000000-0000-0000-0000-000000000000	65	ucy8jHwFqbC69Sk6PzjOQA	017dd4e4-0e3e-48a9-aa06-66596ccc38bd	t	2025-05-02 16:38:21.404056+00	2025-05-04 14:50:46.141559+00	mzQe0gIS-C8PuPOLeKmvyw	322c6f8f-45ee-4497-9adc-7713d9d79795
00000000-0000-0000-0000-000000000000	66	xWw4qxKZe69uAg50xDjHTQ	017dd4e4-0e3e-48a9-aa06-66596ccc38bd	f	2025-05-04 14:50:46.159448+00	2025-05-04 14:50:46.159448+00	ucy8jHwFqbC69Sk6PzjOQA	322c6f8f-45ee-4497-9adc-7713d9d79795
00000000-0000-0000-0000-000000000000	67	c4WrXlzUYQeZeVOUHbC8RQ	efc50bac-aa0e-4283-a2c0-29cee444d07e	t	2025-05-04 14:50:46.30426+00	2025-05-07 08:10:46.063175+00	\N	ff1a2f68-6b90-452b-b4b1-a493a5fa6ec2
00000000-0000-0000-0000-000000000000	68	67fGx-5UBMWZrzuNLZW9RQ	efc50bac-aa0e-4283-a2c0-29cee444d07e	f	2025-05-07 08:10:46.076628+00	2025-05-07 08:10:46.076628+00	c4WrXlzUYQeZeVOUHbC8RQ	ff1a2f68-6b90-452b-b4b1-a493a5fa6ec2
00000000-0000-0000-0000-000000000000	69	fwmtIuoIUOepLmYmm6pavg	b6ff9f6a-94ed-42f9-8262-cd33c751c77d	t	2025-05-07 08:10:46.259816+00	2025-05-07 12:16:54.909321+00	\N	7c7652ef-1470-4c5f-80c8-ec3fd71fc8e5
00000000-0000-0000-0000-000000000000	70	JnbPHGk6NHVKZJer6APANA	b6ff9f6a-94ed-42f9-8262-cd33c751c77d	f	2025-05-07 12:16:54.911243+00	2025-05-07 12:16:54.911243+00	fwmtIuoIUOepLmYmm6pavg	7c7652ef-1470-4c5f-80c8-ec3fd71fc8e5
00000000-0000-0000-0000-000000000000	71	6tfl6eLFcI4bgGNKx3mMzQ	243f57f2-48ca-41a1-870c-e797ba25957f	f	2025-05-07 12:16:55.299878+00	2025-05-07 12:16:55.299878+00	\N	2c2bbe58-83e5-4458-975d-7965fe96a14e
00000000-0000-0000-0000-000000000000	72	zuYhaIxNK_oZZYfyTHo3dg	e25bd5ac-6cad-4273-bd7c-ea05b3093383	t	2025-05-07 12:18:03.906755+00	2025-05-07 13:33:44.882604+00	\N	282e9535-ae7f-4cde-929a-ac075985c91c
00000000-0000-0000-0000-000000000000	73	P7pnCcaII9m-SluS1CdBHw	e25bd5ac-6cad-4273-bd7c-ea05b3093383	t	2025-05-07 13:33:44.88322+00	2025-05-07 18:36:25.180422+00	zuYhaIxNK_oZZYfyTHo3dg	282e9535-ae7f-4cde-929a-ac075985c91c
00000000-0000-0000-0000-000000000000	74	zjnjmZbjPL0OPmJjLiaqnw	e25bd5ac-6cad-4273-bd7c-ea05b3093383	t	2025-05-07 18:36:25.190401+00	2025-05-08 15:50:16.223163+00	P7pnCcaII9m-SluS1CdBHw	282e9535-ae7f-4cde-929a-ac075985c91c
00000000-0000-0000-0000-000000000000	75	bg5xqXYdZXo56uM-dc0kfw	e25bd5ac-6cad-4273-bd7c-ea05b3093383	f	2025-05-08 15:50:16.232239+00	2025-05-08 15:50:16.232239+00	zjnjmZbjPL0OPmJjLiaqnw	282e9535-ae7f-4cde-929a-ac075985c91c
00000000-0000-0000-0000-000000000000	76	fb-H7ZOar4HsoMmnOq0J_Q	f6294311-dd1a-4e32-b963-a92b266b5399	t	2025-05-08 15:50:16.334255+00	2025-05-09 07:29:24.611032+00	\N	94b975a0-5bc9-42e7-8767-1c4082ce4707
00000000-0000-0000-0000-000000000000	77	aJsnuLGbu5N7lPnDTRO5cw	f6294311-dd1a-4e32-b963-a92b266b5399	t	2025-05-09 07:29:24.62097+00	2025-05-09 08:37:00.338519+00	fb-H7ZOar4HsoMmnOq0J_Q	94b975a0-5bc9-42e7-8767-1c4082ce4707
00000000-0000-0000-0000-000000000000	78	WQXB1sSjdlUt3n51HgIb8w	f6294311-dd1a-4e32-b963-a92b266b5399	t	2025-05-09 08:37:00.341657+00	2025-05-09 09:55:13.922039+00	aJsnuLGbu5N7lPnDTRO5cw	94b975a0-5bc9-42e7-8767-1c4082ce4707
00000000-0000-0000-0000-000000000000	79	jlOFiSTmIpKXKiLjK59NnA	f6294311-dd1a-4e32-b963-a92b266b5399	t	2025-05-09 09:55:13.924889+00	2025-05-10 18:40:06.904768+00	WQXB1sSjdlUt3n51HgIb8w	94b975a0-5bc9-42e7-8767-1c4082ce4707
00000000-0000-0000-0000-000000000000	80	8QsqLJ_m_BN5kieZjhB2WQ	f6294311-dd1a-4e32-b963-a92b266b5399	t	2025-05-10 18:40:06.918025+00	2025-05-11 07:44:52.679936+00	jlOFiSTmIpKXKiLjK59NnA	94b975a0-5bc9-42e7-8767-1c4082ce4707
00000000-0000-0000-0000-000000000000	81	pNic-koO5fKm0OspPaSnvQ	f6294311-dd1a-4e32-b963-a92b266b5399	f	2025-05-11 07:44:52.693679+00	2025-05-11 07:44:52.693679+00	8QsqLJ_m_BN5kieZjhB2WQ	94b975a0-5bc9-42e7-8767-1c4082ce4707
00000000-0000-0000-0000-000000000000	82	SWZx3-Z2mWZmTfAQUjntuw	5de8dca2-839f-4fbd-8c7d-04a7687dccda	t	2025-05-11 07:46:24.897821+00	2025-05-12 05:20:07.040292+00	\N	d5633b5d-0f16-4ea6-9df0-7f819b55dba1
00000000-0000-0000-0000-000000000000	83	SOau9K8uiJuSGsxvZwSHuw	5de8dca2-839f-4fbd-8c7d-04a7687dccda	t	2025-05-12 05:20:07.044529+00	2025-05-14 06:07:23.154866+00	SWZx3-Z2mWZmTfAQUjntuw	d5633b5d-0f16-4ea6-9df0-7f819b55dba1
00000000-0000-0000-0000-000000000000	84	hw5towkdqazt	5de8dca2-839f-4fbd-8c7d-04a7687dccda	f	2025-05-14 06:07:23.167478+00	2025-05-14 06:07:23.167478+00	SOau9K8uiJuSGsxvZwSHuw	d5633b5d-0f16-4ea6-9df0-7f819b55dba1
00000000-0000-0000-0000-000000000000	85	gzhbh3mogrby	ab6e3c4f-ffa9-4373-8dd5-c853d8bdc739	t	2025-05-14 06:07:23.441463+00	2025-05-14 12:05:54.051847+00	\N	633b98c3-0c68-4026-8ae6-8a491c5bb51d
00000000-0000-0000-0000-000000000000	86	hr6l5ryhygnu	ab6e3c4f-ffa9-4373-8dd5-c853d8bdc739	t	2025-05-14 12:05:54.065501+00	2025-05-15 05:28:48.206494+00	gzhbh3mogrby	633b98c3-0c68-4026-8ae6-8a491c5bb51d
00000000-0000-0000-0000-000000000000	87	feomuuishlxg	ab6e3c4f-ffa9-4373-8dd5-c853d8bdc739	f	2025-05-15 05:28:48.220528+00	2025-05-15 05:28:48.220528+00	hr6l5ryhygnu	633b98c3-0c68-4026-8ae6-8a491c5bb51d
00000000-0000-0000-0000-000000000000	88	bfuqvxxr4nhi	73a91e0e-d8d4-4cfa-9077-fe4842a23eb3	t	2025-05-15 05:28:48.5267+00	2025-05-18 07:29:53.567866+00	\N	aa886200-3bd0-4a85-8193-72f0988e552b
00000000-0000-0000-0000-000000000000	89	reijg7jezz7b	73a91e0e-d8d4-4cfa-9077-fe4842a23eb3	f	2025-05-18 07:29:53.584887+00	2025-05-18 07:29:53.584887+00	bfuqvxxr4nhi	aa886200-3bd0-4a85-8193-72f0988e552b
00000000-0000-0000-0000-000000000000	90	o76g6sektrgd	0ec19e15-2b4e-48c6-8751-b1385ee5d4d4	t	2025-05-18 07:29:53.687601+00	2025-05-20 03:19:09.188289+00	\N	9adbbe58-f5ca-4cc0-8a58-1747711d6e36
00000000-0000-0000-0000-000000000000	91	752njyjh44rd	0ec19e15-2b4e-48c6-8751-b1385ee5d4d4	f	2025-05-20 03:19:09.195307+00	2025-05-20 03:19:09.195307+00	o76g6sektrgd	9adbbe58-f5ca-4cc0-8a58-1747711d6e36
00000000-0000-0000-0000-000000000000	59	30KGpHdzCgxXL1SIKnbA4A	e1ac855a-51c3-44df-86d8-b2e89efc2a00	t	2025-04-30 17:05:43.763436+00	2025-05-21 07:26:39.88338+00	vdjtxNmHwmMm8X5YasnDYw	4eec4500-b287-41e1-94a4-9eb5025c5847
00000000-0000-0000-0000-000000000000	93	rgw6dbk4nalp	e1ac855a-51c3-44df-86d8-b2e89efc2a00	f	2025-05-21 07:26:39.894756+00	2025-05-21 07:26:39.894756+00	30KGpHdzCgxXL1SIKnbA4A	4eec4500-b287-41e1-94a4-9eb5025c5847
00000000-0000-0000-0000-000000000000	92	rziq2gdydhmr	31721df3-72f9-4b12-ab0d-ea63bc01b48b	t	2025-05-20 03:19:09.440841+00	2025-05-21 08:00:36.955768+00	\N	c7645688-6990-43eb-9289-82cad980d489
00000000-0000-0000-0000-000000000000	94	nffzcfvcs7ay	b5609e41-8e22-49a9-a0b2-3e31cfedcd3f	t	2025-05-21 07:26:40.030127+00	2025-05-21 08:26:17.355068+00	\N	117e09ed-8a98-4624-b81e-725fda9f2f9a
00000000-0000-0000-0000-000000000000	96	vbvhnfai4rae	b5609e41-8e22-49a9-a0b2-3e31cfedcd3f	f	2025-05-21 08:26:17.35883+00	2025-05-21 08:26:17.35883+00	nffzcfvcs7ay	117e09ed-8a98-4624-b81e-725fda9f2f9a
00000000-0000-0000-0000-000000000000	95	sr5z5djj23ra	31721df3-72f9-4b12-ab0d-ea63bc01b48b	t	2025-05-21 08:00:36.958629+00	2025-05-21 09:00:05.6814+00	rziq2gdydhmr	c7645688-6990-43eb-9289-82cad980d489
00000000-0000-0000-0000-000000000000	97	lbchdhp3y27n	31721df3-72f9-4b12-ab0d-ea63bc01b48b	t	2025-05-21 09:00:05.684351+00	2025-05-21 10:01:07.64913+00	sr5z5djj23ra	c7645688-6990-43eb-9289-82cad980d489
00000000-0000-0000-0000-000000000000	98	cxbgzrttp6u6	31721df3-72f9-4b12-ab0d-ea63bc01b48b	t	2025-05-21 10:01:07.651928+00	2025-05-21 11:04:31.363971+00	lbchdhp3y27n	c7645688-6990-43eb-9289-82cad980d489
00000000-0000-0000-0000-000000000000	99	mubpdahicd3f	31721df3-72f9-4b12-ab0d-ea63bc01b48b	t	2025-05-21 11:04:31.367571+00	2025-05-21 12:39:02.508752+00	cxbgzrttp6u6	c7645688-6990-43eb-9289-82cad980d489
00000000-0000-0000-0000-000000000000	100	exhbziwrg5e4	31721df3-72f9-4b12-ab0d-ea63bc01b48b	f	2025-05-21 12:39:02.510024+00	2025-05-21 12:39:02.510024+00	mubpdahicd3f	c7645688-6990-43eb-9289-82cad980d489
00000000-0000-0000-0000-000000000000	101	5zelsuodjnpz	fce90670-35e9-479f-b2e7-96bac3ecb0ae	t	2025-05-21 12:39:02.821535+00	2025-05-21 15:21:18.287358+00	\N	275a5353-3fe4-44e3-a57e-3fb905747bd7
00000000-0000-0000-0000-000000000000	102	xxyb7jcqdcn6	fce90670-35e9-479f-b2e7-96bac3ecb0ae	f	2025-05-21 15:21:18.289904+00	2025-05-21 15:21:18.289904+00	5zelsuodjnpz	275a5353-3fe4-44e3-a57e-3fb905747bd7
00000000-0000-0000-0000-000000000000	103	bxhl4t7pqi4x	2b990f96-2150-4505-9abb-bf2ccca820a7	t	2025-05-21 15:21:18.694867+00	2025-05-22 18:17:35.806612+00	\N	e4684076-78f6-4c1e-95b3-dac66a2bece7
00000000-0000-0000-0000-000000000000	104	mwf2g5e4ljcu	2b990f96-2150-4505-9abb-bf2ccca820a7	f	2025-05-22 18:17:35.815845+00	2025-05-22 18:17:35.815845+00	bxhl4t7pqi4x	e4684076-78f6-4c1e-95b3-dac66a2bece7
00000000-0000-0000-0000-000000000000	105	2jpq2mgcjoek	4fb7d6fe-c824-4f37-80f8-4f56d0d15635	t	2025-05-22 18:17:36.080631+00	2025-05-22 19:41:23.919603+00	\N	e89040e3-d9d9-4b36-ab5d-566d3bd52ea9
00000000-0000-0000-0000-000000000000	106	5b6dkgew2xdb	4fb7d6fe-c824-4f37-80f8-4f56d0d15635	t	2025-05-22 19:41:23.923716+00	2025-05-23 19:58:03.628229+00	2jpq2mgcjoek	e89040e3-d9d9-4b36-ab5d-566d3bd52ea9
00000000-0000-0000-0000-000000000000	107	jhao265slcac	4fb7d6fe-c824-4f37-80f8-4f56d0d15635	f	2025-05-23 19:58:03.635215+00	2025-05-23 19:58:03.635215+00	5b6dkgew2xdb	e89040e3-d9d9-4b36-ab5d-566d3bd52ea9
00000000-0000-0000-0000-000000000000	109	ufztnmqerftf	d20257bf-e549-46a9-9317-e742da79f13f	f	2025-05-26 09:35:07.895073+00	2025-05-26 09:35:07.895073+00	\N	6ed48312-3843-41a2-9fb7-d3c78c80aafb
00000000-0000-0000-0000-000000000000	110	nygxqyfsyvky	60d89e0c-a9ee-41ca-8756-677ccafa9c85	f	2025-05-26 13:22:52.041704+00	2025-05-26 13:22:52.041704+00	\N	85d41892-1824-45af-adcd-fb58d4e0daec
00000000-0000-0000-0000-000000000000	111	zyzepwp53nh4	3dac8b5b-7aa3-43b5-95a1-e7189141bdd2	f	2025-05-26 15:35:18.736791+00	2025-05-26 15:35:18.736791+00	\N	6984ecc3-0378-45f2-b1cb-99342ec971ea
00000000-0000-0000-0000-000000000000	112	arqofbjo7ibm	ac66a18e-02c7-4141-a854-b9631fb56852	f	2025-05-26 15:39:13.066802+00	2025-05-26 15:39:13.066802+00	\N	50b49deb-a335-411e-a826-318f2c9673a4
00000000-0000-0000-0000-000000000000	108	44e7m6xi3yoe	8034b3be-4168-4b36-8d00-27fc04a15593	t	2025-05-23 19:58:04.391653+00	2025-06-02 10:22:22.495552+00	\N	f681ead6-1123-40bc-8a01-22eeb95404cf
00000000-0000-0000-0000-000000000000	113	o64tfh7wm5dq	8034b3be-4168-4b36-8d00-27fc04a15593	f	2025-06-02 10:22:22.510088+00	2025-06-02 10:22:22.510088+00	44e7m6xi3yoe	f681ead6-1123-40bc-8a01-22eeb95404cf
00000000-0000-0000-0000-000000000000	114	kmxishh6adu6	470e688b-17be-41a7-a6bd-ef3827fedb29	t	2025-06-02 10:22:22.846284+00	2025-06-14 04:53:55.154742+00	\N	1aaed4c8-4400-426b-8b82-30da0632ccf5
00000000-0000-0000-0000-000000000000	115	mqnegcqv6hn3	470e688b-17be-41a7-a6bd-ef3827fedb29	f	2025-06-14 04:53:55.167035+00	2025-06-14 04:53:55.167035+00	kmxishh6adu6	1aaed4c8-4400-426b-8b82-30da0632ccf5
00000000-0000-0000-0000-000000000000	116	uaar7kgufwch	ffbaed75-1976-4f50-b525-8a0e1113bb86	f	2025-06-14 04:53:55.49003+00	2025-06-14 04:53:55.49003+00	\N	098e5c49-869d-4053-912c-966160b4f580
00000000-0000-0000-0000-000000000000	117	5m56zbk5gzlh	05f9c3d8-7305-48f4-aaac-8385679dd825	t	2025-07-16 09:56:15.672518+00	2025-07-16 11:42:48.876075+00	\N	38d7d5bd-b6ce-4040-a942-7baec7b859a6
00000000-0000-0000-0000-000000000000	118	b2esy5mt2gjn	05f9c3d8-7305-48f4-aaac-8385679dd825	t	2025-07-16 11:42:48.879962+00	2025-07-16 14:14:57.753795+00	5m56zbk5gzlh	38d7d5bd-b6ce-4040-a942-7baec7b859a6
00000000-0000-0000-0000-000000000000	119	j4462dh4ebb4	05f9c3d8-7305-48f4-aaac-8385679dd825	f	2025-07-16 14:14:57.756385+00	2025-07-16 14:14:57.756385+00	b2esy5mt2gjn	38d7d5bd-b6ce-4040-a942-7baec7b859a6
00000000-0000-0000-0000-000000000000	120	6c23qrtvogz6	2df6f609-59d9-4111-8afe-1c2ade4c8297	t	2025-07-16 14:15:00.585771+00	2025-07-17 08:03:54.055956+00	\N	05fac5d8-a8f2-4625-8f03-8910176609bf
00000000-0000-0000-0000-000000000000	121	cnw4t5bdnwoa	2df6f609-59d9-4111-8afe-1c2ade4c8297	f	2025-07-17 08:03:54.071521+00	2025-07-17 08:03:54.071521+00	6c23qrtvogz6	05fac5d8-a8f2-4625-8f03-8910176609bf
\.


--
-- Data for Name: saml_providers; Type: TABLE DATA; Schema: auth; Owner: supabase_auth_admin
--

COPY auth.saml_providers (id, sso_provider_id, entity_id, metadata_xml, metadata_url, attribute_mapping, created_at, updated_at, name_id_format) FROM stdin;
\.


--
-- Data for Name: saml_relay_states; Type: TABLE DATA; Schema: auth; Owner: supabase_auth_admin
--

COPY auth.saml_relay_states (id, sso_provider_id, request_id, for_email, redirect_to, created_at, updated_at, flow_state_id) FROM stdin;
\.


--
-- Data for Name: schema_migrations; Type: TABLE DATA; Schema: auth; Owner: supabase_auth_admin
--

COPY auth.schema_migrations (version) FROM stdin;
20171026211738
20171026211808
20171026211834
20180103212743
20180108183307
20180119214651
20180125194653
00
20210710035447
20210722035447
20210730183235
20210909172000
20210927181326
20211122151130
20211124214934
20211202183645
20220114185221
20220114185340
20220224000811
20220323170000
20220429102000
20220531120530
20220614074223
20220811173540
20221003041349
20221003041400
20221011041400
20221020193600
20221021073300
20221021082433
20221027105023
20221114143122
20221114143410
20221125140132
20221208132122
20221215195500
20221215195800
20221215195900
20230116124310
20230116124412
20230131181311
20230322519590
20230402418590
20230411005111
20230508135423
20230523124323
20230818113222
20230914180801
20231027141322
20231114161723
20231117164230
20240115144230
20240214120130
20240306115329
20240314092811
20240427152123
20240612123726
20240729123726
20240802193726
20240806073726
20241009103726
20250717082212
20250731150234
\.


--
-- Data for Name: sessions; Type: TABLE DATA; Schema: auth; Owner: supabase_auth_admin
--

COPY auth.sessions (id, user_id, created_at, updated_at, factor_id, aal, not_after, refreshed_at, user_agent, ip, tag) FROM stdin;
2188fcf5-59e1-4f63-b442-997725526322	a1622691-5487-41fd-8165-5362188d401b	2025-01-23 08:38:19.936987+00	2025-01-23 09:43:34.336661+00	\N	aal1	\N	2025-01-23 09:43:34.336575	Dart/3.6 (dart:io)	93.38.25.41	\N
fe390a7b-4afa-4f84-b6b7-f04d3ae92b6f	1cdcbf8a-bf67-4b80-b34c-efdc38af30bb	2025-01-23 09:43:34.483315+00	2025-01-23 09:43:34.483315+00	\N	aal1	\N	\N	Dart/3.6 (dart:io)	93.38.25.41	\N
c9bd72ff-d855-4824-8519-d970e1536598	71049bdf-d22b-4301-96ab-29f28246e47c	2025-01-23 10:03:06.621186+00	2025-01-23 17:57:54.549856+00	\N	aal1	\N	2025-01-23 17:57:54.549781	Dart/3.6 (dart:io)	93.38.25.41	\N
bb990ed4-d56b-4261-aa0a-0c8de5b01dc4	c6aba6b3-c9d3-434e-ae26-f9cd78457b04	2025-03-07 10:53:48.320667+00	2025-03-07 10:53:48.320667+00	\N	aal1	\N	\N	Dart/3.7 (dart:io)	74.125.212.4	\N
5887e4cf-3b45-4db3-b7d3-ab8be418e85f	5b743f48-72fc-46b9-a9b4-61e36f55c780	2025-03-07 10:54:17.621681+00	2025-03-07 10:54:17.621681+00	\N	aal1	\N	\N	Dart/3.7 (dart:io)	74.125.210.38	\N
75652c9d-6461-45da-b8b7-70d1e7b51434	3f549b1a-fe3e-4ff5-ad65-ec0842871837	2025-03-07 10:56:33.522063+00	2025-03-07 10:56:33.522063+00	\N	aal1	\N	\N	Dart/3.7 (dart:io)	74.125.214.40	\N
008cf625-7d5e-4057-826b-f0b5d9d9e12e	e96be654-b745-479b-a401-f692240bc932	2025-03-08 11:24:27.849313+00	2025-03-08 11:24:27.849313+00	\N	aal1	\N	\N	Dart/3.7 (dart:io)	35.163.184.129	\N
5b0b74f0-8aed-4735-88e5-ec66dfc5bc4c	cf23a4b0-60c7-427c-8744-bb5f666c3a72	2025-03-08 11:31:08.63112+00	2025-03-08 11:31:08.63112+00	\N	aal1	\N	\N	Dart/3.7 (dart:io)	35.163.184.129	\N
ad3f2b8f-a16e-400e-876d-f9fb180bcc7f	9d5d4ccd-efce-4309-b636-04e9281427cd	2025-03-08 11:48:14.838083+00	2025-03-08 11:48:14.838083+00	\N	aal1	\N	\N	Dart/3.7 (dart:io)	74.125.210.37	\N
4286ecfd-bfb8-4a7a-bd51-c1e01bf296f6	61bacccc-fb72-4bbe-9a49-e7a52d543bc6	2025-03-08 12:21:16.057366+00	2025-03-08 12:21:16.057366+00	\N	aal1	\N	\N	Dart/3.7 (dart:io)	74.125.213.45	\N
f3d45917-f8ed-4515-a0ed-506b09ab5a45	1cadade1-a1a0-4696-9a92-bb5aa41df6bc	2025-03-08 13:31:20.496713+00	2025-03-08 13:31:20.496713+00	\N	aal1	\N	\N	Dart/3.7 (dart:io)	74.125.210.37	\N
e419f08f-2c9d-4342-badf-700671e04629	9f29161f-94ea-42e5-b0cf-198521c4d26e	2025-03-09 10:46:06.390737+00	2025-03-09 10:46:06.390737+00	\N	aal1	\N	\N	Dart/3.7 (dart:io)	66.249.84.72	\N
971b753d-f43c-4366-a492-805a654b7d3a	4f198771-5ea7-4343-8a62-e44c83c228de	2025-03-10 10:06:25.636737+00	2025-03-10 10:06:25.636737+00	\N	aal1	\N	\N	Dart/3.7 (dart:io)	74.125.213.44	\N
4f937bb7-9197-4b7c-93fe-993ae5933591	1725d0fc-12f8-448e-877b-1eb4dd13caba	2025-03-10 20:29:16.995202+00	2025-03-10 20:29:16.995202+00	\N	aal1	\N	\N	Dart/3.7 (dart:io)	74.125.214.41	\N
726bb88c-0262-463d-942d-f62d45721295	3a81fb72-2675-4778-a62b-67f7a62ad382	2025-03-11 13:36:21.424957+00	2025-03-11 13:36:21.424957+00	\N	aal1	\N	\N	Dart/3.7 (dart:io)	74.125.214.35	\N
c308b520-1574-4dfa-80f5-b76afc55c66f	7937a338-7001-4634-8740-bfccc92a1459	2025-03-12 11:16:49.88731+00	2025-03-12 11:16:49.88731+00	\N	aal1	\N	\N	Dart/3.7 (dart:io)	74.125.210.37	\N
21690bc2-c33a-42e3-b3b4-d2fc7ee4a5e7	58ae3cbf-124e-4347-8d1d-d3a52d8b9c18	2025-03-13 20:48:05.169661+00	2025-03-13 20:48:05.169661+00	\N	aal1	\N	\N	Dart/3.7 (dart:io)	74.125.210.38	\N
aa9ce096-78c5-438c-b0eb-c82b446b4fa7	fe4b011b-07e9-4680-ad9c-3399328ea81d	2025-03-13 20:55:59.300959+00	2025-03-13 20:55:59.300959+00	\N	aal1	\N	\N	Dart/3.7 (dart:io)	74.125.210.36	\N
4f822208-c4d4-4519-a4e2-2a8f06ec4c29	5eb41f88-07fc-4cd6-ae7e-408d5e39a7d4	2025-04-17 10:35:02.638109+00	2025-04-17 10:35:02.638109+00	\N	aal1	\N	\N	Mozilla/5.0 (Macintosh; Intel Mac OS X 10_15_7) AppleWebKit/537.36 (KHTML, like Gecko) Chrome/135.0.0.0 Safari/537.36	93.38.25.41	\N
edc83f06-37d3-4e53-aa45-5ce48b789496	8010fbac-79f2-4d8f-a9ea-1f51df3495d4	2025-04-17 10:40:45.523413+00	2025-04-17 10:40:45.523413+00	\N	aal1	\N	\N	Mozilla/5.0 (Macintosh; Intel Mac OS X 10_15_7) AppleWebKit/537.36 (KHTML, like Gecko) Chrome/135.0.0.0 Safari/537.36	93.38.25.41	\N
2da7825b-e117-4873-aaa7-3b91c076cc75	a58c2d3a-ac55-46d0-a947-e4d995063a9a	2025-04-17 10:55:30.470052+00	2025-04-17 10:55:30.470052+00	\N	aal1	\N	\N	Mozilla/5.0 (Macintosh; Intel Mac OS X 10_15_7) AppleWebKit/537.36 (KHTML, like Gecko) Chrome/135.0.0.0 Safari/537.36	93.38.25.41	\N
adfb70dc-7ae9-47aa-9f4d-0beef14c5949	af66d810-32e2-422d-ad92-7b6028d7a54f	2025-04-17 11:11:46.709669+00	2025-04-17 11:11:46.709669+00	\N	aal1	\N	\N	Mozilla/5.0 (Macintosh; Intel Mac OS X 10_15_7) AppleWebKit/537.36 (KHTML, like Gecko) Chrome/135.0.0.0 Safari/537.36	93.38.25.41	\N
2fab1688-db73-491f-810d-c07e800dbb7e	03154b98-bb8d-4f28-b1fa-6ce0bf49805a	2025-04-17 11:54:34.901501+00	2025-04-17 11:54:34.901501+00	\N	aal1	\N	\N	Dart/3.7 (dart:io)	93.38.25.41	\N
748e71c8-0d7c-4f7c-86e8-b28d298db859	ee44d4fe-7263-4bb8-bfea-bdf2aa609b13	2025-04-17 11:58:05.26818+00	2025-04-17 11:58:05.26818+00	\N	aal1	\N	\N	Dart/3.7 (dart:io)	93.38.25.41	\N
ff1a2f68-6b90-452b-b4b1-a493a5fa6ec2	efc50bac-aa0e-4283-a2c0-29cee444d07e	2025-05-04 14:50:46.29766+00	2025-05-07 08:10:46.093875+00	\N	aal1	\N	2025-05-07 08:10:46.092593	Dart/3.7 (dart:io)	62.170.74.132	\N
eea5fa44-7054-4a6b-9621-12cb418e3f86	90d7bb31-7b46-4d39-a0c0-765642cc5c99	2025-04-18 09:04:52.026809+00	2025-04-19 07:55:44.366003+00	\N	aal1	\N	2025-04-19 07:55:44.365928	Dart/3.7 (dart:io)	37.77.127.12	\N
e047d301-1835-4b9a-8c3f-0df9253cd23d	ccb01df1-04e0-4762-a1ca-f177632dde2e	2025-04-19 07:55:44.507897+00	2025-04-22 08:34:30.510503+00	\N	aal1	\N	2025-04-22 08:34:30.510416	Dart/3.7 (dart:io)	37.77.112.142	\N
21c80746-c441-4ac8-9ee8-5281ee4d0dd1	ace476db-c534-49c4-adaa-bf921b64a4a3	2025-04-17 22:32:19.315412+00	2025-04-24 10:07:19.593283+00	\N	aal1	\N	2025-04-24 10:07:19.589564	Dart/3.7 (dart:io)	93.38.25.41	\N
0021be65-d343-4e13-9ef0-8ae942ca547d	a46f80f7-2c50-43b8-9032-27f234c48607	2025-04-24 11:07:59.392364+00	2025-04-24 11:07:59.392364+00	\N	aal1	\N	\N	Dart/3.7 (dart:io)	93.38.25.41	\N
7c7652ef-1470-4c5f-80c8-ec3fd71fc8e5	b6ff9f6a-94ed-42f9-8262-cd33c751c77d	2025-05-07 08:10:46.256582+00	2025-05-07 12:16:54.917132+00	\N	aal1	\N	2025-05-07 12:16:54.916053	Dart/3.7 (dart:io)	62.170.74.132	\N
642627e7-c234-4083-9e14-612549dfb34a	7cd70eee-a7a6-4bdd-ac66-76ffb791d02e	2025-04-22 08:34:30.743251+00	2025-04-24 12:58:35.251369+00	\N	aal1	\N	2025-04-24 12:58:35.251301	Dart/3.7 (dart:io)	109.53.57.109	\N
4957a23e-539e-43ce-b6ca-f449e9efbb54	edd67eb9-3efe-4101-be35-9cd44e934d6e	2025-04-24 10:07:19.638357+00	2025-04-24 13:12:56.202264+00	\N	aal1	\N	2025-04-24 13:12:56.202195	Dart/3.7 (dart:io)	93.38.25.41	\N
0cd267e5-2efc-420b-b668-e377014bef22	3a173675-31c0-4b88-ba07-250bc7e6fa69	2025-04-24 13:31:35.268883+00	2025-04-24 13:31:35.268883+00	\N	aal1	\N	\N	Dart/3.7 (dart:io)	87.11.219.80	\N
2c2bbe58-83e5-4458-975d-7965fe96a14e	243f57f2-48ca-41a1-870c-e797ba25957f	2025-05-07 12:16:55.298951+00	2025-05-07 12:16:55.298951+00	\N	aal1	\N	\N	Dart/3.7 (dart:io)	62.170.74.132	\N
c06b10a6-5a55-4205-8cb6-fa0538c81d5a	7393e963-1b6b-4299-a9c4-01e7ff2718fc	2025-04-24 12:58:35.528952+00	2025-04-28 10:38:27.473829+00	\N	aal1	\N	2025-04-28 10:38:27.47376	Dart/3.7 (dart:io)	176.32.18.227	\N
4ee1e9af-51d4-406c-8966-61b6bd7dba32	9974b9a6-f493-47d4-829c-1ee8d0260e6d	2025-04-28 10:38:27.62336+00	2025-04-29 07:01:39.09256+00	\N	aal1	\N	2025-04-29 07:01:39.091866	Dart/3.7 (dart:io)	176.32.18.227	\N
56ff6de6-cd79-498b-9974-1a157ac863b1	d8e53949-1e28-4664-a125-baca8101acc1	2025-04-30 15:48:38.724242+00	2025-04-30 16:47:59.916984+00	\N	aal1	\N	2025-04-30 16:47:59.916912	Dart/3.7 (dart:io)	93.38.25.41	\N
125bd51a-a3e9-4fc1-bf6a-3ebf08933d75	b528285a-8c4e-4e5e-b402-3072ed04802c	2025-04-30 17:05:43.737098+00	2025-04-30 17:05:43.737098+00	\N	aal1	\N	\N	Dart/3.7 (dart:io)	93.38.25.41	\N
c7645688-6990-43eb-9289-82cad980d489	31721df3-72f9-4b12-ab0d-ea63bc01b48b	2025-05-20 03:19:09.435833+00	2025-05-21 12:39:02.512274+00	\N	aal1	\N	2025-05-21 12:39:02.512207	Dart/3.7 (dart:io)	62.19.172.153	\N
4ca964e1-3a89-42c7-a8b0-f57bedd836e9	b353a85c-8e7c-4ba4-bdda-da64548f92e7	2025-04-30 17:09:54.631425+00	2025-04-30 17:09:54.631425+00	\N	aal1	\N	\N	Dart/3.7 (dart:io)	93.38.25.41	\N
326df77f-fc5c-4623-9e95-9c6524d6d8cb	80ab10e6-bf2b-4d82-9c0a-53f6f71fbdc5	2025-04-29 07:01:39.22049+00	2025-05-01 05:00:03.534823+00	\N	aal1	\N	2025-05-01 05:00:03.534755	Dart/3.7 (dart:io)	176.32.18.227	\N
2cbd4cdb-3c25-41d1-81ca-72b7c6787c97	9e88655f-7662-4ad6-92c2-1f6240306096	2025-05-01 05:00:03.807379+00	2025-05-02 07:31:39.921825+00	\N	aal1	\N	2025-05-02 07:31:39.920526	Dart/3.7 (dart:io)	176.32.18.227	\N
322c6f8f-45ee-4497-9adc-7713d9d79795	017dd4e4-0e3e-48a9-aa06-66596ccc38bd	2025-05-02 07:31:40.134289+00	2025-05-04 14:50:46.173771+00	\N	aal1	\N	2025-05-04 14:50:46.173701	Dart/3.7 (dart:io)	176.32.18.227	\N
d5633b5d-0f16-4ea6-9df0-7f819b55dba1	5de8dca2-839f-4fbd-8c7d-04a7687dccda	2025-05-11 07:46:24.894338+00	2025-05-14 06:07:23.173981+00	\N	aal1	\N	2025-05-14 06:07:23.173901	Dart/3.7 (dart:io)	176.32.18.169	\N
282e9535-ae7f-4cde-929a-ac075985c91c	e25bd5ac-6cad-4273-bd7c-ea05b3093383	2025-05-07 12:18:03.904617+00	2025-05-08 15:50:16.239736+00	\N	aal1	\N	2025-05-08 15:50:16.239667	Dart/3.7 (dart:io)	217.201.81.160	\N
117e09ed-8a98-4624-b81e-725fda9f2f9a	b5609e41-8e22-49a9-a0b2-3e31cfedcd3f	2025-05-21 07:26:40.025872+00	2025-05-21 08:26:17.361878+00	\N	aal1	\N	2025-05-21 08:26:17.361809	Dart/3.7 (dart:io)	93.38.25.41	\N
633b98c3-0c68-4026-8ae6-8a491c5bb51d	ab6e3c4f-ffa9-4373-8dd5-c853d8bdc739	2025-05-14 06:07:23.43796+00	2025-05-15 05:28:48.233223+00	\N	aal1	\N	2025-05-15 05:28:48.233139	Dart/3.7 (dart:io)	176.32.18.169	\N
aa886200-3bd0-4a85-8193-72f0988e552b	73a91e0e-d8d4-4cfa-9077-fe4842a23eb3	2025-05-15 05:28:48.522536+00	2025-05-18 07:29:53.594131+00	\N	aal1	\N	2025-05-18 07:29:53.594055	Dart/3.7 (dart:io)	109.55.151.150	\N
94b975a0-5bc9-42e7-8767-1c4082ce4707	f6294311-dd1a-4e32-b963-a92b266b5399	2025-05-08 15:50:16.32875+00	2025-05-11 07:44:52.703661+00	\N	aal1	\N	2025-05-11 07:44:52.703579	Dart/3.7 (dart:io)	37.183.186.195	\N
9adbbe58-f5ca-4cc0-8a58-1747711d6e36	0ec19e15-2b4e-48c6-8751-b1385ee5d4d4	2025-05-18 07:29:53.682205+00	2025-05-20 03:19:09.202342+00	\N	aal1	\N	2025-05-20 03:19:09.202265	Dart/3.7 (dart:io)	109.55.151.150	\N
4eec4500-b287-41e1-94a4-9eb5025c5847	e1ac855a-51c3-44df-86d8-b2e89efc2a00	2025-04-24 13:12:56.291911+00	2025-05-21 07:26:39.901274+00	\N	aal1	\N	2025-05-21 07:26:39.901204	Dart/3.7 (dart:io)	93.38.25.41	\N
275a5353-3fe4-44e3-a57e-3fb905747bd7	fce90670-35e9-479f-b2e7-96bac3ecb0ae	2025-05-21 12:39:02.817768+00	2025-05-21 15:21:18.292802+00	\N	aal1	\N	2025-05-21 15:21:18.292732	Dart/3.7 (dart:io)	62.19.172.153	\N
6ed48312-3843-41a2-9fb7-d3c78c80aafb	d20257bf-e549-46a9-9317-e742da79f13f	2025-05-26 09:35:07.863421+00	2025-05-26 09:35:07.863421+00	\N	aal1	\N	\N	Mozilla/5.0 (Macintosh; Intel Mac OS X 10_15_7) AppleWebKit/605.1.15 (KHTML, like Gecko)	93.38.25.41	\N
e4684076-78f6-4c1e-95b3-dac66a2bece7	2b990f96-2150-4505-9abb-bf2ccca820a7	2025-05-21 15:21:18.691222+00	2025-05-22 18:17:35.825082+00	\N	aal1	\N	2025-05-22 18:17:35.82501	Dart/3.7 (dart:io)	109.53.50.7	\N
e89040e3-d9d9-4b36-ab5d-566d3bd52ea9	4fb7d6fe-c824-4f37-80f8-4f56d0d15635	2025-05-22 18:17:36.076522+00	2025-05-23 19:58:03.639878+00	\N	aal1	\N	2025-05-23 19:58:03.639812	Dart/3.7 (dart:io)	62.18.6.69	\N
85d41892-1824-45af-adcd-fb58d4e0daec	60d89e0c-a9ee-41ca-8756-677ccafa9c85	2025-05-26 13:22:52.038607+00	2025-05-26 13:22:52.038607+00	\N	aal1	\N	\N	Mozilla/5.0 (Macintosh; Intel Mac OS X 10_15_7) AppleWebKit/605.1.15 (KHTML, like Gecko)	93.38.25.41	\N
6984ecc3-0378-45f2-b1cb-99342ec971ea	3dac8b5b-7aa3-43b5-95a1-e7189141bdd2	2025-05-26 15:35:18.73325+00	2025-05-26 15:35:18.73325+00	\N	aal1	\N	\N	Mozilla/5.0 (Macintosh; Intel Mac OS X 10_15_7) AppleWebKit/605.1.15 (KHTML, like Gecko)	93.38.25.41	\N
50b49deb-a335-411e-a826-318f2c9673a4	ac66a18e-02c7-4141-a854-b9631fb56852	2025-05-26 15:39:13.065753+00	2025-05-26 15:39:13.065753+00	\N	aal1	\N	\N	Mozilla/5.0 (Macintosh; Intel Mac OS X 10_15_7) AppleWebKit/605.1.15 (KHTML, like Gecko)	93.38.25.41	\N
f681ead6-1123-40bc-8a01-22eeb95404cf	8034b3be-4168-4b36-8d00-27fc04a15593	2025-05-23 19:58:04.388545+00	2025-06-02 10:22:22.524679+00	\N	aal1	\N	2025-06-02 10:22:22.5246	Dart/3.7 (dart:io)	37.77.125.224	\N
1aaed4c8-4400-426b-8b82-30da0632ccf5	470e688b-17be-41a7-a6bd-ef3827fedb29	2025-06-02 10:22:22.844094+00	2025-06-14 04:53:55.172671+00	\N	aal1	\N	2025-06-14 04:53:55.172601	Dart/3.7 (dart:io)	176.32.17.208	\N
098e5c49-869d-4053-912c-966160b4f580	ffbaed75-1976-4f50-b525-8a0e1113bb86	2025-06-14 04:53:55.484423+00	2025-06-14 04:53:55.484423+00	\N	aal1	\N	\N	Dart/3.7 (dart:io)	176.32.17.208	\N
38d7d5bd-b6ce-4040-a942-7baec7b859a6	05f9c3d8-7305-48f4-aaac-8385679dd825	2025-07-16 09:56:15.665212+00	2025-07-16 14:14:57.758546+00	\N	aal1	\N	2025-07-16 14:14:57.758468	Dart/3.7 (dart:io)	93.51.253.196	\N
05fac5d8-a8f2-4625-8f03-8910176609bf	2df6f609-59d9-4111-8afe-1c2ade4c8297	2025-07-16 14:15:00.582809+00	2025-07-17 08:03:54.086652+00	\N	aal1	\N	2025-07-17 08:03:54.086577	Dart/3.7 (dart:io)	176.32.19.7	\N
\.


--
-- Data for Name: sso_domains; Type: TABLE DATA; Schema: auth; Owner: supabase_auth_admin
--

COPY auth.sso_domains (id, sso_provider_id, domain, created_at, updated_at) FROM stdin;
\.


--
-- Data for Name: sso_providers; Type: TABLE DATA; Schema: auth; Owner: supabase_auth_admin
--

COPY auth.sso_providers (id, resource_id, created_at, updated_at, disabled) FROM stdin;
\.


--
-- Data for Name: users; Type: TABLE DATA; Schema: auth; Owner: supabase_auth_admin
--

COPY auth.users (instance_id, id, aud, role, email, encrypted_password, email_confirmed_at, invited_at, confirmation_token, confirmation_sent_at, recovery_token, recovery_sent_at, email_change_token_new, email_change, email_change_sent_at, last_sign_in_at, raw_app_meta_data, raw_user_meta_data, is_super_admin, created_at, updated_at, phone, phone_confirmed_at, phone_change, phone_change_token, phone_change_sent_at, email_change_token_current, email_change_confirm_status, banned_until, reauthentication_token, reauthentication_sent_at, is_sso_user, deleted_at, is_anonymous) FROM stdin;
00000000-0000-0000-0000-000000000000	a1622691-5487-41fd-8165-5362188d401b	authenticated	authenticated	\N		\N	\N		\N		\N			\N	2025-01-23 08:38:19.936904+00	{}	{}	\N	2025-01-23 08:38:19.914437+00	2025-01-23 09:43:34.333561+00	\N	\N			\N		0	\N		\N	f	\N	t
00000000-0000-0000-0000-000000000000	1cdcbf8a-bf67-4b80-b34c-efdc38af30bb	authenticated	authenticated	\N		\N	\N		\N		\N			\N	2025-01-23 09:43:34.483238+00	{}	{}	\N	2025-01-23 09:43:34.480126+00	2025-01-23 09:43:34.485009+00	\N	\N			\N		0	\N		\N	f	\N	t
00000000-0000-0000-0000-000000000000	71049bdf-d22b-4301-96ab-29f28246e47c	authenticated	authenticated	\N		\N	\N		\N		\N			\N	2025-01-23 10:03:06.621084+00	{}	{}	\N	2025-01-23 10:03:06.617169+00	2025-01-23 17:57:54.548428+00	\N	\N			\N		0	\N		\N	f	\N	t
00000000-0000-0000-0000-000000000000	c6aba6b3-c9d3-434e-ae26-f9cd78457b04	authenticated	authenticated	\N		\N	\N		\N		\N			\N	2025-03-07 10:53:48.318184+00	{}	{}	\N	2025-03-07 10:53:48.273343+00	2025-03-07 10:53:48.351976+00	\N	\N			\N		0	\N		\N	f	\N	t
00000000-0000-0000-0000-000000000000	5b743f48-72fc-46b9-a9b4-61e36f55c780	authenticated	authenticated	\N		\N	\N		\N		\N			\N	2025-03-07 10:54:17.621613+00	{}	{}	\N	2025-03-07 10:54:17.617566+00	2025-03-07 10:54:17.623824+00	\N	\N			\N		0	\N		\N	f	\N	t
00000000-0000-0000-0000-000000000000	3f549b1a-fe3e-4ff5-ad65-ec0842871837	authenticated	authenticated	\N		\N	\N		\N		\N			\N	2025-03-07 10:56:33.520904+00	{}	{}	\N	2025-03-07 10:56:33.517337+00	2025-03-07 10:56:33.52452+00	\N	\N			\N		0	\N		\N	f	\N	t
00000000-0000-0000-0000-000000000000	e96be654-b745-479b-a401-f692240bc932	authenticated	authenticated	\N		\N	\N		\N		\N			\N	2025-03-08 11:24:27.84801+00	{}	{}	\N	2025-03-08 11:24:27.785019+00	2025-03-08 11:24:27.885571+00	\N	\N			\N		0	\N		\N	f	\N	t
00000000-0000-0000-0000-000000000000	cf23a4b0-60c7-427c-8744-bb5f666c3a72	authenticated	authenticated	\N		\N	\N		\N		\N			\N	2025-03-08 11:31:08.631054+00	{}	{}	\N	2025-03-08 11:31:08.627286+00	2025-03-08 11:31:08.634035+00	\N	\N			\N		0	\N		\N	f	\N	t
00000000-0000-0000-0000-000000000000	9d5d4ccd-efce-4309-b636-04e9281427cd	authenticated	authenticated	\N		\N	\N		\N		\N			\N	2025-03-08 11:48:14.838016+00	{}	{}	\N	2025-03-08 11:48:14.834167+00	2025-03-08 11:48:14.84364+00	\N	\N			\N		0	\N		\N	f	\N	t
00000000-0000-0000-0000-000000000000	61bacccc-fb72-4bbe-9a49-e7a52d543bc6	authenticated	authenticated	\N		\N	\N		\N		\N			\N	2025-03-08 12:21:16.057294+00	{}	{}	\N	2025-03-08 12:21:16.052702+00	2025-03-08 12:21:16.061981+00	\N	\N			\N		0	\N		\N	f	\N	t
00000000-0000-0000-0000-000000000000	1cadade1-a1a0-4696-9a92-bb5aa41df6bc	authenticated	authenticated	\N		\N	\N		\N		\N			\N	2025-03-08 13:31:20.496647+00	{}	{}	\N	2025-03-08 13:31:20.489791+00	2025-03-08 13:31:20.499781+00	\N	\N			\N		0	\N		\N	f	\N	t
00000000-0000-0000-0000-000000000000	9f29161f-94ea-42e5-b0cf-198521c4d26e	authenticated	authenticated	\N		\N	\N		\N		\N			\N	2025-03-09 10:46:06.388647+00	{}	{}	\N	2025-03-09 10:46:06.335647+00	2025-03-09 10:46:06.429641+00	\N	\N			\N		0	\N		\N	f	\N	t
00000000-0000-0000-0000-000000000000	4f198771-5ea7-4343-8a62-e44c83c228de	authenticated	authenticated	\N		\N	\N		\N		\N			\N	2025-03-10 10:06:25.635641+00	{}	{}	\N	2025-03-10 10:06:25.593138+00	2025-03-10 10:06:25.67502+00	\N	\N			\N		0	\N		\N	f	\N	t
00000000-0000-0000-0000-000000000000	1725d0fc-12f8-448e-877b-1eb4dd13caba	authenticated	authenticated	\N		\N	\N		\N		\N			\N	2025-03-10 20:29:16.995123+00	{}	{}	\N	2025-03-10 20:29:16.989341+00	2025-03-10 20:29:17.002035+00	\N	\N			\N		0	\N		\N	f	\N	t
00000000-0000-0000-0000-000000000000	3a81fb72-2675-4778-a62b-67f7a62ad382	authenticated	authenticated	\N		\N	\N		\N		\N			\N	2025-03-11 13:36:21.420232+00	{}	{}	\N	2025-03-11 13:36:21.393026+00	2025-03-11 13:36:21.453187+00	\N	\N			\N		0	\N		\N	f	\N	t
00000000-0000-0000-0000-000000000000	7937a338-7001-4634-8740-bfccc92a1459	authenticated	authenticated	\N		\N	\N		\N		\N			\N	2025-03-12 11:16:49.885407+00	{}	{}	\N	2025-03-12 11:16:49.828611+00	2025-03-12 11:16:49.934447+00	\N	\N			\N		0	\N		\N	f	\N	t
00000000-0000-0000-0000-000000000000	58ae3cbf-124e-4347-8d1d-d3a52d8b9c18	authenticated	authenticated	\N		\N	\N		\N		\N			\N	2025-03-13 20:48:05.168029+00	{}	{}	\N	2025-03-13 20:48:05.126369+00	2025-03-13 20:48:05.212687+00	\N	\N			\N		0	\N		\N	f	\N	t
00000000-0000-0000-0000-000000000000	fe4b011b-07e9-4680-ad9c-3399328ea81d	authenticated	authenticated	\N		\N	\N		\N		\N			\N	2025-03-13 20:55:59.30026+00	{}	{}	\N	2025-03-13 20:55:59.293548+00	2025-03-13 20:55:59.308569+00	\N	\N			\N		0	\N		\N	f	\N	t
00000000-0000-0000-0000-000000000000	ccb01df1-04e0-4762-a1ca-f177632dde2e	authenticated	authenticated	\N		\N	\N		\N		\N			\N	2025-04-19 07:55:44.50731+00	{}	{}	\N	2025-04-19 07:55:44.493642+00	2025-04-22 08:34:30.505521+00	\N	\N			\N		0	\N		\N	f	\N	t
00000000-0000-0000-0000-000000000000	5eb41f88-07fc-4cd6-ae7e-408d5e39a7d4	authenticated	authenticated	\N		\N	\N		\N		\N			\N	2025-04-17 10:35:02.636817+00	{}	{}	\N	2025-04-17 10:35:02.610163+00	2025-04-17 10:35:02.657441+00	\N	\N			\N		0	\N		\N	f	\N	t
00000000-0000-0000-0000-000000000000	8010fbac-79f2-4d8f-a9ea-1f51df3495d4	authenticated	authenticated	\N		\N	\N		\N		\N			\N	2025-04-17 10:40:45.523341+00	{}	{}	\N	2025-04-17 10:40:45.518945+00	2025-04-17 10:40:45.525723+00	\N	\N			\N		0	\N		\N	f	\N	t
00000000-0000-0000-0000-000000000000	a58c2d3a-ac55-46d0-a947-e4d995063a9a	authenticated	authenticated	\N		\N	\N		\N		\N			\N	2025-04-17 10:55:30.469989+00	{}	{}	\N	2025-04-17 10:55:30.46625+00	2025-04-17 10:55:30.472309+00	\N	\N			\N		0	\N		\N	f	\N	t
00000000-0000-0000-0000-000000000000	80ab10e6-bf2b-4d82-9c0a-53f6f71fbdc5	authenticated	authenticated	\N		\N	\N		\N		\N			\N	2025-04-29 07:01:39.22041+00	{}	{}	\N	2025-04-29 07:01:39.207866+00	2025-05-01 05:00:03.531168+00	\N	\N			\N		0	\N		\N	f	\N	t
00000000-0000-0000-0000-000000000000	af66d810-32e2-422d-ad92-7b6028d7a54f	authenticated	authenticated	\N		\N	\N		\N		\N			\N	2025-04-17 11:11:46.709582+00	{}	{}	\N	2025-04-17 11:11:46.705289+00	2025-04-17 11:11:46.712659+00	\N	\N			\N		0	\N		\N	f	\N	t
00000000-0000-0000-0000-000000000000	ace476db-c534-49c4-adaa-bf921b64a4a3	authenticated	authenticated	\N		\N	\N		\N		\N			\N	2025-04-17 22:32:19.315349+00	{}	{}	\N	2025-04-17 22:32:19.309244+00	2025-04-24 10:07:19.581412+00	\N	\N			\N		0	\N		\N	f	\N	t
00000000-0000-0000-0000-000000000000	03154b98-bb8d-4f28-b1fa-6ce0bf49805a	authenticated	authenticated	\N		\N	\N		\N		\N			\N	2025-04-17 11:54:34.901427+00	{}	{}	\N	2025-04-17 11:54:34.896254+00	2025-04-17 11:54:34.905236+00	\N	\N			\N		0	\N		\N	f	\N	t
00000000-0000-0000-0000-000000000000	ee44d4fe-7263-4bb8-bfea-bdf2aa609b13	authenticated	authenticated	\N		\N	\N		\N		\N			\N	2025-04-17 11:58:05.268108+00	{}	{}	\N	2025-04-17 11:58:05.264334+00	2025-04-17 11:58:05.270567+00	\N	\N			\N		0	\N		\N	f	\N	t
00000000-0000-0000-0000-000000000000	3a173675-31c0-4b88-ba07-250bc7e6fa69	authenticated	authenticated	\N		\N	\N		\N		\N			\N	2025-04-24 13:31:35.268802+00	{}	{}	\N	2025-04-24 13:31:35.260557+00	2025-04-24 13:31:35.274611+00	\N	\N			\N		0	\N		\N	f	\N	t
00000000-0000-0000-0000-000000000000	d8e53949-1e28-4664-a125-baca8101acc1	authenticated	authenticated	\N		\N	\N		\N		\N			\N	2025-04-30 15:48:38.723023+00	{}	{}	\N	2025-04-30 15:48:38.681833+00	2025-04-30 16:47:59.912374+00	\N	\N			\N		0	\N		\N	f	\N	t
00000000-0000-0000-0000-000000000000	7393e963-1b6b-4299-a9c4-01e7ff2718fc	authenticated	authenticated	\N		\N	\N		\N		\N			\N	2025-04-24 12:58:35.528891+00	{}	{}	\N	2025-04-24 12:58:35.522921+00	2025-04-28 10:38:27.470071+00	\N	\N			\N		0	\N		\N	f	\N	t
00000000-0000-0000-0000-000000000000	90d7bb31-7b46-4d39-a0c0-765642cc5c99	authenticated	authenticated	\N		\N	\N		\N		\N			\N	2025-04-18 09:04:52.025588+00	{}	{}	\N	2025-04-18 09:04:51.968412+00	2025-04-19 07:55:44.360537+00	\N	\N			\N		0	\N		\N	f	\N	t
00000000-0000-0000-0000-000000000000	a46f80f7-2c50-43b8-9032-27f234c48607	authenticated	authenticated	\N		\N	\N		\N		\N			\N	2025-04-24 11:07:59.388489+00	{}	{}	\N	2025-04-24 11:07:59.376609+00	2025-04-24 11:07:59.400469+00	\N	\N			\N		0	\N		\N	f	\N	t
00000000-0000-0000-0000-000000000000	7cd70eee-a7a6-4bdd-ac66-76ffb791d02e	authenticated	authenticated	\N		\N	\N		\N		\N			\N	2025-04-22 08:34:30.743181+00	{}	{}	\N	2025-04-22 08:34:30.733909+00	2025-04-24 12:58:35.249479+00	\N	\N			\N		0	\N		\N	f	\N	t
00000000-0000-0000-0000-000000000000	9974b9a6-f493-47d4-829c-1ee8d0260e6d	authenticated	authenticated	\N		\N	\N		\N		\N			\N	2025-04-28 10:38:27.62329+00	{}	{}	\N	2025-04-28 10:38:27.610105+00	2025-04-29 07:01:39.086733+00	\N	\N			\N		0	\N		\N	f	\N	t
00000000-0000-0000-0000-000000000000	b528285a-8c4e-4e5e-b402-3072ed04802c	authenticated	authenticated	\N		\N	\N		\N		\N			\N	2025-04-30 17:05:43.737031+00	{}	{}	\N	2025-04-30 17:05:43.72979+00	2025-04-30 17:05:43.742995+00	\N	\N			\N		0	\N		\N	f	\N	t
00000000-0000-0000-0000-000000000000	edd67eb9-3efe-4101-be35-9cd44e934d6e	authenticated	authenticated	\N		\N	\N		\N		\N			\N	2025-04-24 10:07:19.638275+00	{}	{}	\N	2025-04-24 10:07:19.621899+00	2025-04-24 13:12:56.196554+00	\N	\N			\N		0	\N		\N	f	\N	t
00000000-0000-0000-0000-000000000000	e25bd5ac-6cad-4273-bd7c-ea05b3093383	authenticated	authenticated	\N		\N	\N		\N		\N			\N	2025-05-07 12:18:03.904541+00	{}	{}	\N	2025-05-07 12:18:03.896645+00	2025-05-08 15:50:16.236316+00	\N	\N			\N		0	\N		\N	f	\N	t
00000000-0000-0000-0000-000000000000	243f57f2-48ca-41a1-870c-e797ba25957f	authenticated	authenticated	\N		\N	\N		\N		\N			\N	2025-05-07 12:16:55.297582+00	{}	{}	\N	2025-05-07 12:16:55.292464+00	2025-05-07 12:16:55.303095+00	\N	\N			\N		0	\N		\N	f	\N	t
00000000-0000-0000-0000-000000000000	017dd4e4-0e3e-48a9-aa06-66596ccc38bd	authenticated	authenticated	\N		\N	\N		\N		\N			\N	2025-05-02 07:31:40.134211+00	{}	{}	\N	2025-05-02 07:31:40.125608+00	2025-05-04 14:50:46.170059+00	\N	\N			\N		0	\N		\N	f	\N	t
00000000-0000-0000-0000-000000000000	9e88655f-7662-4ad6-92c2-1f6240306096	authenticated	authenticated	\N		\N	\N		\N		\N			\N	2025-05-01 05:00:03.807307+00	{}	{}	\N	2025-05-01 05:00:03.795937+00	2025-05-02 07:31:39.912398+00	\N	\N			\N		0	\N		\N	f	\N	t
00000000-0000-0000-0000-000000000000	b353a85c-8e7c-4ba4-bdda-da64548f92e7	authenticated	authenticated	\N		\N	\N		\N		\N			\N	2025-04-30 17:09:54.631361+00	{}	{}	\N	2025-04-30 17:09:54.625938+00	2025-04-30 17:09:54.638189+00	\N	\N			\N		0	\N		\N	f	\N	t
00000000-0000-0000-0000-000000000000	efc50bac-aa0e-4283-a2c0-29cee444d07e	authenticated	authenticated	\N		\N	\N		\N		\N			\N	2025-05-04 14:50:46.297579+00	{}	{}	\N	2025-05-04 14:50:46.279372+00	2025-05-07 08:10:46.085785+00	\N	\N			\N		0	\N		\N	f	\N	t
00000000-0000-0000-0000-000000000000	b6ff9f6a-94ed-42f9-8262-cd33c751c77d	authenticated	authenticated	\N		\N	\N		\N		\N			\N	2025-05-07 08:10:46.256496+00	{}	{}	\N	2025-05-07 08:10:46.237768+00	2025-05-07 12:16:54.914002+00	\N	\N			\N		0	\N		\N	f	\N	t
00000000-0000-0000-0000-000000000000	f6294311-dd1a-4e32-b963-a92b266b5399	authenticated	authenticated	\N		\N	\N		\N		\N			\N	2025-05-08 15:50:16.32868+00	{}	{}	\N	2025-05-08 15:50:16.318837+00	2025-05-11 07:44:52.697293+00	\N	\N			\N		0	\N		\N	f	\N	t
00000000-0000-0000-0000-000000000000	e1ac855a-51c3-44df-86d8-b2e89efc2a00	authenticated	authenticated	\N		\N	\N		\N		\N			\N	2025-04-24 13:12:56.291847+00	{}	{}	\N	2025-04-24 13:12:56.289497+00	2025-05-21 07:26:39.897111+00	\N	\N			\N		0	\N		\N	f	\N	t
00000000-0000-0000-0000-000000000000	5de8dca2-839f-4fbd-8c7d-04a7687dccda	authenticated	authenticated	\N		\N	\N		\N		\N			\N	2025-05-11 07:46:24.894261+00	{}	{}	\N	2025-05-11 07:46:24.882653+00	2025-05-14 06:07:23.170998+00	\N	\N			\N		0	\N		\N	f	\N	t
00000000-0000-0000-0000-000000000000	ab6e3c4f-ffa9-4373-8dd5-c853d8bdc739	authenticated	authenticated	\N		\N	\N		\N		\N			\N	2025-05-14 06:07:23.437879+00	{}	{}	\N	2025-05-14 06:07:23.427366+00	2025-05-15 05:28:48.226372+00	\N	\N			\N		0	\N		\N	f	\N	t
00000000-0000-0000-0000-000000000000	73a91e0e-d8d4-4cfa-9077-fe4842a23eb3	authenticated	authenticated	\N		\N	\N		\N		\N			\N	2025-05-15 05:28:48.52247+00	{}	{}	\N	2025-05-15 05:28:48.513919+00	2025-05-18 07:29:53.590691+00	\N	\N			\N		0	\N		\N	f	\N	t
00000000-0000-0000-0000-000000000000	470e688b-17be-41a7-a6bd-ef3827fedb29	authenticated	authenticated	\N		\N	\N		\N		\N			\N	2025-06-02 10:22:22.844028+00	{}	{}	\N	2025-06-02 10:22:22.831564+00	2025-06-14 04:53:55.170819+00	\N	\N			\N		0	\N		\N	f	\N	t
00000000-0000-0000-0000-000000000000	0ec19e15-2b4e-48c6-8751-b1385ee5d4d4	authenticated	authenticated	\N		\N	\N		\N		\N			\N	2025-05-18 07:29:53.682129+00	{}	{}	\N	2025-05-18 07:29:53.668737+00	2025-05-20 03:19:09.199006+00	\N	\N			\N		0	\N		\N	f	\N	t
00000000-0000-0000-0000-000000000000	ffbaed75-1976-4f50-b525-8a0e1113bb86	authenticated	authenticated	\N		\N	\N		\N		\N			\N	2025-06-14 04:53:55.484352+00	{}	{}	\N	2025-06-14 04:53:55.473846+00	2025-06-14 04:53:55.49124+00	\N	\N			\N		0	\N		\N	f	\N	t
00000000-0000-0000-0000-000000000000	b5609e41-8e22-49a9-a0b2-3e31cfedcd3f	authenticated	authenticated	\N		\N	\N		\N		\N			\N	2025-05-21 07:26:40.025807+00	{}	{}	\N	2025-05-21 07:26:40.013658+00	2025-05-21 08:26:17.359975+00	\N	\N			\N		0	\N		\N	f	\N	t
00000000-0000-0000-0000-000000000000	31721df3-72f9-4b12-ab0d-ea63bc01b48b	authenticated	authenticated	\N		\N	\N		\N		\N			\N	2025-05-20 03:19:09.435394+00	{}	{}	\N	2025-05-20 03:19:09.424792+00	2025-05-21 12:39:02.511067+00	\N	\N			\N		0	\N		\N	f	\N	t
00000000-0000-0000-0000-000000000000	fce90670-35e9-479f-b2e7-96bac3ecb0ae	authenticated	authenticated	\N		\N	\N		\N		\N			\N	2025-05-21 12:39:02.817111+00	{}	{}	\N	2025-05-21 12:39:02.807691+00	2025-05-21 15:21:18.290958+00	\N	\N			\N		0	\N		\N	f	\N	t
00000000-0000-0000-0000-000000000000	2b990f96-2150-4505-9abb-bf2ccca820a7	authenticated	authenticated	\N		\N	\N		\N		\N			\N	2025-05-21 15:21:18.691146+00	{}	{}	\N	2025-05-21 15:21:18.685314+00	2025-05-22 18:17:35.823057+00	\N	\N			\N		0	\N		\N	f	\N	t
00000000-0000-0000-0000-000000000000	4fb7d6fe-c824-4f37-80f8-4f56d0d15635	authenticated	authenticated	\N		\N	\N		\N		\N			\N	2025-05-22 18:17:36.076448+00	{}	{}	\N	2025-05-22 18:17:36.068385+00	2025-05-23 19:58:03.638623+00	\N	\N			\N		0	\N		\N	f	\N	t
00000000-0000-0000-0000-000000000000	d20257bf-e549-46a9-9317-e742da79f13f	authenticated	authenticated	\N		\N	\N		\N		\N			\N	2025-05-26 09:35:07.861179+00	{}	{}	\N	2025-05-26 09:35:07.768835+00	2025-05-26 09:35:07.923442+00	\N	\N			\N		0	\N		\N	f	\N	t
00000000-0000-0000-0000-000000000000	60d89e0c-a9ee-41ca-8756-677ccafa9c85	authenticated	authenticated	\N		\N	\N		\N		\N			\N	2025-05-26 13:22:52.038536+00	{}	{}	\N	2025-05-26 13:22:52.018011+00	2025-05-26 13:22:52.048104+00	\N	\N			\N		0	\N		\N	f	\N	t
00000000-0000-0000-0000-000000000000	3dac8b5b-7aa3-43b5-95a1-e7189141bdd2	authenticated	authenticated	\N		\N	\N		\N		\N			\N	2025-05-26 15:35:18.733179+00	{}	{}	\N	2025-05-26 15:35:18.722573+00	2025-05-26 15:35:18.74229+00	\N	\N			\N		0	\N		\N	f	\N	t
00000000-0000-0000-0000-000000000000	ac66a18e-02c7-4141-a854-b9631fb56852	authenticated	authenticated	\N		\N	\N		\N		\N			\N	2025-05-26 15:39:13.065685+00	{}	{}	\N	2025-05-26 15:39:13.060838+00	2025-05-26 15:39:13.069208+00	\N	\N			\N		0	\N		\N	f	\N	t
00000000-0000-0000-0000-000000000000	8034b3be-4168-4b36-8d00-27fc04a15593	authenticated	authenticated	\N		\N	\N		\N		\N			\N	2025-05-23 19:58:04.388473+00	{}	{}	\N	2025-05-23 19:58:04.379224+00	2025-06-02 10:22:22.515994+00	\N	\N			\N		0	\N		\N	f	\N	t
00000000-0000-0000-0000-000000000000	05f9c3d8-7305-48f4-aaac-8385679dd825	authenticated	authenticated	\N		\N	\N		\N		\N			\N	2025-07-16 09:56:15.664049+00	{}	{}	\N	2025-07-16 09:56:15.631081+00	2025-07-16 14:14:57.757391+00	\N	\N			\N		0	\N		\N	f	\N	t
00000000-0000-0000-0000-000000000000	2df6f609-59d9-4111-8afe-1c2ade4c8297	authenticated	authenticated	\N		\N	\N		\N		\N			\N	2025-07-16 14:15:00.582724+00	{}	{}	\N	2025-07-16 14:15:00.580231+00	2025-07-17 08:03:54.080011+00	\N	\N			\N		0	\N		\N	f	\N	t
\.


--
-- Data for Name: key; Type: TABLE DATA; Schema: pgsodium; Owner: supabase_admin
--

COPY pgsodium.key (id, status, created, expires, key_type, key_id, key_context, name, associated_data, raw_key, raw_key_nonce, parent_key, comment, user_data) FROM stdin;
\.


--
-- Data for Name: artist_to_artist_to_bibliography; Type: TABLE DATA; Schema: public; Owner: postgres
--

COPY public.artist_to_artist_to_bibliography (artist_id, bibliography_id) FROM stdin;
\.


--
-- Data for Name: artist_to_artist_to_video_interview; Type: TABLE DATA; Schema: public; Owner: postgres
--

COPY public.artist_to_artist_to_video_interview (artist_id, videointerview_id) FROM stdin;
\.


--
-- Data for Name: artist_to_cinematic_work; Type: TABLE DATA; Schema: public; Owner: postgres
--

COPY public.artist_to_cinematic_work (artist_id, cinematic_work_id) FROM stdin;
484325da-8ee8-42ed-acd2-70a6822c61cc	9d1a1b1b-7372-4bb6-8045-6b76557899ec
484325da-8ee8-42ed-acd2-70a6822c61cc	ad3b9d5a-a06a-4ce8-aba1-4314c8baf5a4
484325da-8ee8-42ed-acd2-70a6822c61cc	623b685c-2ec9-4fad-9a3f-7ef6f5af1572
484325da-8ee8-42ed-acd2-70a6822c61cc	99e5f409-c8ab-4f0d-8821-44c58c27465b
484325da-8ee8-42ed-acd2-70a6822c61cc	5c34e38b-5b0d-403e-902d-e9317e94ebac
484325da-8ee8-42ed-acd2-70a6822c61cc	ea88eb3b-88a5-43f3-b836-800d34b7ed30
484325da-8ee8-42ed-acd2-70a6822c61cc	d3239df0-2759-4cb6-84d2-3555ee708a1c
484325da-8ee8-42ed-acd2-70a6822c61cc	a8661987-cd6f-4802-aa38-bb927bc26410
484325da-8ee8-42ed-acd2-70a6822c61cc	a0a7c5df-d8b4-4a4e-9a29-d103d00db51b
484325da-8ee8-42ed-acd2-70a6822c61cc	96957ebb-613e-4b33-a743-9c80cd07e817
484325da-8ee8-42ed-acd2-70a6822c61cc	fe7dec8f-ef0f-44f4-8152-03d8df298b39
484325da-8ee8-42ed-acd2-70a6822c61cc	af70f57a-460f-4c21-a61d-61f0e358430d
484325da-8ee8-42ed-acd2-70a6822c61cc	977e77e0-07bb-4694-bb29-be5a5da48d66
484325da-8ee8-42ed-acd2-70a6822c61cc	abd465ea-a6c5-4091-a098-e4c14ace2b09
484325da-8ee8-42ed-acd2-70a6822c61cc	a9ffcf2c-9b09-4452-bec3-399860711e2a
484325da-8ee8-42ed-acd2-70a6822c61cc	2cf587ab-0bf9-4532-9c03-d3deb9a461d4
484325da-8ee8-42ed-acd2-70a6822c61cc	8e19f942-1733-465a-8bc7-e7c4f3ad64a3
484325da-8ee8-42ed-acd2-70a6822c61cc	cf799e3d-f0f5-4986-a0d7-65aa8a29722f
484325da-8ee8-42ed-acd2-70a6822c61cc	b56b90fc-2d08-48bd-a84c-8040d532ca84
484325da-8ee8-42ed-acd2-70a6822c61cc	9d6dca7f-6cf4-4961-849b-f322434de704
484325da-8ee8-42ed-acd2-70a6822c61cc	5faf9e94-b959-46b0-b410-fc68fd508019
484325da-8ee8-42ed-acd2-70a6822c61cc	73295f7e-eea2-4d9d-820a-29daa6075724
484325da-8ee8-42ed-acd2-70a6822c61cc	5767cd8a-bfda-46d2-a571-a8fc4fb4e566
484325da-8ee8-42ed-acd2-70a6822c61cc	48a8fbe0-0edf-42d0-aafa-2c08684418cc
484325da-8ee8-42ed-acd2-70a6822c61cc	b1aeed81-bd21-436a-b768-31c10e604f8f
484325da-8ee8-42ed-acd2-70a6822c61cc	69116fa8-ea43-4894-8eb8-88bde3c81874
484325da-8ee8-42ed-acd2-70a6822c61cc	f3123af7-47be-4fa0-9895-2682b23a711b
484325da-8ee8-42ed-acd2-70a6822c61cc	9a0501f2-6d7c-4375-841f-9749f9230a02
484325da-8ee8-42ed-acd2-70a6822c61cc	fc97cded-cbdd-4f24-8108-7b0a37af03f8
484325da-8ee8-42ed-acd2-70a6822c61cc	52262055-52af-4c1e-b321-5e30d7e268cb
484325da-8ee8-42ed-acd2-70a6822c61cc	f8806a1f-ea74-4445-bf20-a901ae8d8236
484325da-8ee8-42ed-acd2-70a6822c61cc	9ed777ae-613e-413c-91c3-5644a37654f4
484325da-8ee8-42ed-acd2-70a6822c61cc	5c43ea75-dd81-43ae-b98b-11f08b5cc283
484325da-8ee8-42ed-acd2-70a6822c61cc	11e02efb-bf8e-409c-9871-85350172415c
484325da-8ee8-42ed-acd2-70a6822c61cc	d3d938ed-f378-4c9c-898b-4851898e357f
484325da-8ee8-42ed-acd2-70a6822c61cc	7a94d2ee-56c4-4c7d-96d2-da4ecd72c76d
484325da-8ee8-42ed-acd2-70a6822c61cc	50ed3f88-f135-48c2-87d0-4b521f188ffb
484325da-8ee8-42ed-acd2-70a6822c61cc	58d5721d-0008-4026-a9d2-abb8d36006b8
484325da-8ee8-42ed-acd2-70a6822c61cc	c78d597e-8c97-4d6c-9598-f8ac47fd90cf
484325da-8ee8-42ed-acd2-70a6822c61cc	3d4f9ef8-3fc8-4bb0-980e-098aafd6dd76
484325da-8ee8-42ed-acd2-70a6822c61cc	09491c6f-e444-4e44-a59b-49e95031e86a
484325da-8ee8-42ed-acd2-70a6822c61cc	a17c021a-9a13-4335-8b1c-67df5f72d7d2
484325da-8ee8-42ed-acd2-70a6822c61cc	87bd43ff-bf5f-4837-a775-7a1475465985
484325da-8ee8-42ed-acd2-70a6822c61cc	4428c353-6fb9-4ba6-ba3a-5373d84d96ae
484325da-8ee8-42ed-acd2-70a6822c61cc	9c42d062-d2d4-481b-82c1-c1f1812f5fad
484325da-8ee8-42ed-acd2-70a6822c61cc	702ec97f-193d-486e-b91f-d3c72759581d
484325da-8ee8-42ed-acd2-70a6822c61cc	b0a9beaa-f340-4014-b57b-369a7f923cbb
484325da-8ee8-42ed-acd2-70a6822c61cc	3574294d-228e-4499-ac49-216d58957c96
484325da-8ee8-42ed-acd2-70a6822c61cc	3bbb0842-4914-4bba-ba6c-16767aea2c72
484325da-8ee8-42ed-acd2-70a6822c61cc	60fc4913-cf96-4802-8698-8cab34efa23f
484325da-8ee8-42ed-acd2-70a6822c61cc	e6f33095-f358-4f63-973f-8bab31c897f4
484325da-8ee8-42ed-acd2-70a6822c61cc	0a8b0cf3-d69d-4f77-843c-1776fed8803a
484325da-8ee8-42ed-acd2-70a6822c61cc	29ae5695-1075-479a-b657-ba8ac185d69c
484325da-8ee8-42ed-acd2-70a6822c61cc	54d3cb4c-5456-4730-8fd5-e1e4da548334
484325da-8ee8-42ed-acd2-70a6822c61cc	87dcf261-567e-4c25-aeb1-ba2fd0ec1bad
484325da-8ee8-42ed-acd2-70a6822c61cc	3242270b-ded4-490c-a59c-6c3ec96e471b
\.


--
-- Data for Name: artist_to_custom_folder; Type: TABLE DATA; Schema: public; Owner: postgres
--

COPY public.artist_to_custom_folder (artist_id, custom_folder_id) FROM stdin;
a385db78-62ba-46cd-9182-38ae1ffd5201	069fc552-6930-4eb4-8416-a447ac561723
\.


--
-- Data for Name: artist_to_exhibition; Type: TABLE DATA; Schema: public; Owner: postgres
--

COPY public.artist_to_exhibition (artist_id, exhibition_id) FROM stdin;
\.


--
-- Data for Name: artist_to_interview; Type: TABLE DATA; Schema: public; Owner: postgres
--

COPY public.artist_to_interview (artist_id, interview_id) FROM stdin;
\.


--
-- Data for Name: artist_to_magazine; Type: TABLE DATA; Schema: public; Owner: postgres
--

COPY public.artist_to_magazine (artist_id, magazine_id) FROM stdin;
484325da-8ee8-42ed-acd2-70a6822c61cc	68ca9c32-662f-4a18-90d4-5bd50a7e167a
484325da-8ee8-42ed-acd2-70a6822c61cc	62fe75b1-f266-4c0e-849f-3791efd42277
484325da-8ee8-42ed-acd2-70a6822c61cc	d5748e50-8ce6-43a4-bb0e-700c3d0de72b
\.


--
-- Data for Name: artist_to_map_pin; Type: TABLE DATA; Schema: public; Owner: postgres
--

COPY public.artist_to_map_pin (artist_id, map_pin_id) FROM stdin;
9e7b885e-2d35-4f6d-a84b-9cd7adf7ede8	221a67bd-b13d-478c-8626-6c9f8f89d7ec
9e7b885e-2d35-4f6d-a84b-9cd7adf7ede8	8ae09653-481d-4fdf-8444-632a080c139d
9e7b885e-2d35-4f6d-a84b-9cd7adf7ede8	26ff0c03-6d03-4afe-abc7-e5e524a9542e
9e7b885e-2d35-4f6d-a84b-9cd7adf7ede8	077d09df-1c97-40d7-971f-130a70bd3e3d
9e7b885e-2d35-4f6d-a84b-9cd7adf7ede8	82328990-177b-4115-a57f-d132c4c9f25c
9e7b885e-2d35-4f6d-a84b-9cd7adf7ede8	70ffbf14-e572-4944-a8d8-ee1d5cef6458
9e7b885e-2d35-4f6d-a84b-9cd7adf7ede8	6804c739-c701-40bf-b8c4-0deab749f375
\.


--
-- Data for Name: artist_to_profession; Type: TABLE DATA; Schema: public; Owner: postgres
--

COPY public.artist_to_profession (artist_id, profession_id) FROM stdin;
484325da-8ee8-42ed-acd2-70a6822c61cc	6712ee74-bab6-413b-b0a3-9b818d2f3525
3734a962-0b45-4a54-a5d6-37faac7d49fc	a27b7b46-542b-41d0-b73b-a744bf04dc1c
9e7b885e-2d35-4f6d-a84b-9cd7adf7ede8	6916e7e0-4cfe-4b5f-aac4-bf837ca03f38
8112dd4f-7e4f-4b2b-a26c-1635cbef9847	992cc435-bef3-4115-8d89-8d808099773c
88ab75b6-a649-4941-abad-db9bb9115249	5207edae-ed2b-44f8-829a-bd87ce24b0c2
4b041291-24ca-41a6-ba52-3a8a4dcda4fd	6916e7e0-4cfe-4b5f-aac4-bf837ca03f38
f9c86f6e-0184-49ec-8315-0acd4ffeda97	89c76e34-283b-451a-a9b1-7510c198a5f9
981b751d-3ddc-4f10-a5da-eebacbbc39f3	89c76e34-283b-451a-a9b1-7510c198a5f9
4a36449e-00a1-405a-aca1-3d247fec80b7	992cc435-bef3-4115-8d89-8d808099773c
858f649a-8990-4b5c-8310-4e580952bc12	992cc435-bef3-4115-8d89-8d808099773c
e4a7fd18-ca73-4a47-b5af-29af1efef06d	992cc435-bef3-4115-8d89-8d808099773c
40fa7d19-762f-447c-ac38-2ffaad8ceba7	6916e7e0-4cfe-4b5f-aac4-bf837ca03f38
40fa7d19-762f-447c-ac38-2ffaad8ceba7	992cc435-bef3-4115-8d89-8d808099773c
40fa7d19-762f-447c-ac38-2ffaad8ceba7	6712ee74-bab6-413b-b0a3-9b818d2f3525
9383590d-2319-45aa-b6ab-9279431c1627	6712ee74-bab6-413b-b0a3-9b818d2f3525
1cb147b7-3854-4791-970b-9ebabe9b2394	6712ee74-bab6-413b-b0a3-9b818d2f3525
683a869e-82d4-4a5c-9c7a-8fb6fc359929	6712ee74-bab6-413b-b0a3-9b818d2f3525
9bbfb2ed-8905-434f-b170-ce0c883dc587	6712ee74-bab6-413b-b0a3-9b818d2f3525
b93f165b-2241-464c-9bc9-4ed33c15518e	6712ee74-bab6-413b-b0a3-9b818d2f3525
d30066a5-999e-48d7-888c-0a89274a00de	6712ee74-bab6-413b-b0a3-9b818d2f3525
061b5b5a-5ebf-4180-b0e4-ce64ffc28ca2	992cc435-bef3-4115-8d89-8d808099773c
59610c0a-4e0d-4cbb-9e13-fc40909ec028	a27b7b46-542b-41d0-b73b-a744bf04dc1c
202f9520-2cfe-4ef9-b4bc-0d07021d2f9b	89c76e34-283b-451a-a9b1-7510c198a5f9
b1549221-c7b3-4c5d-a5f8-9f56bc9fa080	89c76e34-283b-451a-a9b1-7510c198a5f9
9c98e788-c46c-4edd-9742-efa0146e3f35	d6acf9b3-3fa1-4b2a-83ed-e82f2c0d40e6
9d80de96-8938-44ab-9dec-7bb2d12eb741	5207edae-ed2b-44f8-829a-bd87ce24b0c2
aa7df1bc-350d-4fd9-a90d-040ac3581feb	992cc435-bef3-4115-8d89-8d808099773c
52919faf-4929-4690-b926-50e3f4ffcb8c	992cc435-bef3-4115-8d89-8d808099773c
794d5971-81a0-4d23-bc9d-9466bfdc07a9	992cc435-bef3-4115-8d89-8d808099773c
4af8b7b6-c08f-4e08-a485-14e3a541037a	992cc435-bef3-4115-8d89-8d808099773c
fd866a02-8813-4920-bd43-ff4ca330b2b6	992cc435-bef3-4115-8d89-8d808099773c
14ffe834-4fcc-44c4-aed5-0bae9ab9a962	992cc435-bef3-4115-8d89-8d808099773c
11d6e68e-d397-4c8f-a0a8-ddf9a8ffc3f0	992cc435-bef3-4115-8d89-8d808099773c
25ad1b90-efcd-47a5-87af-21a94784e50c	992cc435-bef3-4115-8d89-8d808099773c
b709ec8c-e9d6-4889-9ce8-46bb3108c34c	992cc435-bef3-4115-8d89-8d808099773c
9818d688-7e42-4a59-b095-5276c8d2e562	992cc435-bef3-4115-8d89-8d808099773c
c6c0a7b8-824c-49c4-a169-d057bc4de19f	992cc435-bef3-4115-8d89-8d808099773c
f2a9b8a8-51e1-4dca-ba13-3b3c07a363ee	992cc435-bef3-4115-8d89-8d808099773c
8c3b5ab7-f52b-4a82-be9c-3e819b46c5ae	992cc435-bef3-4115-8d89-8d808099773c
32851897-340c-4c2b-bb9d-f737f9c4fc0a	992cc435-bef3-4115-8d89-8d808099773c
de6c13c8-3ff2-4555-bb83-a05344ac749b	992cc435-bef3-4115-8d89-8d808099773c
37085774-1d48-45a9-80ac-0fa553f536c8	992cc435-bef3-4115-8d89-8d808099773c
843c58f0-f82d-431e-8ff5-e940e163f94d	992cc435-bef3-4115-8d89-8d808099773c
d4dbc5b4-3b3c-44ff-ae7a-ce905ecff3c0	992cc435-bef3-4115-8d89-8d808099773c
f966b222-7f89-4388-90ef-68e49d79a749	992cc435-bef3-4115-8d89-8d808099773c
adb005f3-0f8f-4942-94f3-e572dffefdff	992cc435-bef3-4115-8d89-8d808099773c
a9950458-71a5-4d29-bdda-2a93cec31e09	992cc435-bef3-4115-8d89-8d808099773c
648ed9c9-6631-4cc1-8205-53d2b392b8f9	992cc435-bef3-4115-8d89-8d808099773c
8363c452-c962-4d77-8424-16958b3fca97	992cc435-bef3-4115-8d89-8d808099773c
46cc5732-7fdd-4557-a13e-9a21f0770bd0	992cc435-bef3-4115-8d89-8d808099773c
fca372b2-ce64-425e-8542-dd85bca27224	992cc435-bef3-4115-8d89-8d808099773c
672767fa-0b2d-4bc5-8085-f99c07a0ed46	992cc435-bef3-4115-8d89-8d808099773c
68b97d32-70a3-4392-bef8-4e81b8f04a67	992cc435-bef3-4115-8d89-8d808099773c
011c599b-976c-45cb-8255-cb7f8c4e085b	992cc435-bef3-4115-8d89-8d808099773c
301b53ae-989a-4378-8c9e-1d5dbb3013af	992cc435-bef3-4115-8d89-8d808099773c
a7656243-6ec2-434d-a59c-31ad95119ec3	992cc435-bef3-4115-8d89-8d808099773c
11c15813-e8c6-4eed-9096-682722b82190	992cc435-bef3-4115-8d89-8d808099773c
8a8e18b5-8e54-4ea9-bb6f-064c1112b02e	992cc435-bef3-4115-8d89-8d808099773c
a1517470-3e43-442e-a10c-7864d867535a	992cc435-bef3-4115-8d89-8d808099773c
1a4465b3-51f1-4313-a497-9d78266db8d5	992cc435-bef3-4115-8d89-8d808099773c
730425a7-2d19-4806-978f-5d3b0a843b4b	992cc435-bef3-4115-8d89-8d808099773c
09074f82-5c99-47dc-8d9e-eb680102b0d5	992cc435-bef3-4115-8d89-8d808099773c
c6dfea37-37fd-4e59-885c-9bd79ea1d151	992cc435-bef3-4115-8d89-8d808099773c
ef8480cf-7213-4414-8383-50d3946ab0bd	992cc435-bef3-4115-8d89-8d808099773c
ac7f61ed-673f-4eeb-84cd-6aa690c0c39b	992cc435-bef3-4115-8d89-8d808099773c
ce80345a-1ccb-475d-a374-a9d0867e1cc2	992cc435-bef3-4115-8d89-8d808099773c
797bdd63-496a-4e21-b694-c667fdc5c629	992cc435-bef3-4115-8d89-8d808099773c
6e9ca340-8937-415c-afb1-9713cdb8bdfa	992cc435-bef3-4115-8d89-8d808099773c
01fcd915-c0e6-489b-b11d-621155f759c7	992cc435-bef3-4115-8d89-8d808099773c
4d285fb0-41f1-4e6b-9486-86f441abde0f	992cc435-bef3-4115-8d89-8d808099773c
148fa7f9-ded7-4de6-88e3-09cb6f7ec087	992cc435-bef3-4115-8d89-8d808099773c
6d4af0b1-761b-4d66-afce-6335f40ada3d	992cc435-bef3-4115-8d89-8d808099773c
24fb73ed-b475-41b5-89d0-7899369fe5e2	992cc435-bef3-4115-8d89-8d808099773c
402aa7a7-cdbe-4878-bfb4-de4d880db139	992cc435-bef3-4115-8d89-8d808099773c
14bdfa47-af12-4bf3-8793-3fc2edc55510	992cc435-bef3-4115-8d89-8d808099773c
206b38cb-6b80-4c70-816a-f392a2d009a1	992cc435-bef3-4115-8d89-8d808099773c
257a67c1-8a23-4483-b476-d5db5a79757f	992cc435-bef3-4115-8d89-8d808099773c
7c7d8e44-4dfc-4abb-8fed-3ea4e0caec5e	992cc435-bef3-4115-8d89-8d808099773c
e2c7c3e2-117f-4ecf-aeb2-433d03d789ee	992cc435-bef3-4115-8d89-8d808099773c
951e7a1d-ea87-434c-8f3e-65dae8662c8e	992cc435-bef3-4115-8d89-8d808099773c
58a321db-1f89-4220-8cc1-a4116d071c42	992cc435-bef3-4115-8d89-8d808099773c
d96d2444-78d9-4eb1-8f2d-f74f9de86b9c	992cc435-bef3-4115-8d89-8d808099773c
ecfc105d-412a-4259-b959-4e0daf7fc997	992cc435-bef3-4115-8d89-8d808099773c
884f4810-1137-428e-be1f-83aaa4bb4ef7	992cc435-bef3-4115-8d89-8d808099773c
121f5bc4-9a85-4e94-95e5-34a7df7c47a4	992cc435-bef3-4115-8d89-8d808099773c
2c2df7ab-6e84-4c0e-a79a-9017fd42b741	992cc435-bef3-4115-8d89-8d808099773c
0ca0527b-ee4b-46ac-9b85-269c32e2c2b0	992cc435-bef3-4115-8d89-8d808099773c
12a36ae2-9d53-49cd-9c00-c5bec74d81ed	992cc435-bef3-4115-8d89-8d808099773c
187c20b4-9d40-4fee-9c4f-887b95267d91	d6acf9b3-3fa1-4b2a-83ed-e82f2c0d40e6
ba66c463-3d73-44d6-bb2f-e4b0d4b977bc	d6acf9b3-3fa1-4b2a-83ed-e82f2c0d40e6
2dac9fa4-8bdb-4430-963d-029e2118d8e1	d6acf9b3-3fa1-4b2a-83ed-e82f2c0d40e6
715f946b-f3ac-4742-9cb6-7ac54a28ab66	d6acf9b3-3fa1-4b2a-83ed-e82f2c0d40e6
2e2a927d-2762-45a8-8966-b811092d6c2b	d6acf9b3-3fa1-4b2a-83ed-e82f2c0d40e6
a127e25f-87f1-4169-aafb-8559d91c0dd1	d6acf9b3-3fa1-4b2a-83ed-e82f2c0d40e6
974b1402-5954-416d-a30b-5be4efe001d0	d6acf9b3-3fa1-4b2a-83ed-e82f2c0d40e6
cfab5dc7-6ca4-4a3b-b9d2-01d4df31d7af	d6acf9b3-3fa1-4b2a-83ed-e82f2c0d40e6
15c81d8f-a7e1-444f-90ae-51a8d8e5b0c3	6916e7e0-4cfe-4b5f-aac4-bf837ca03f38
10590ca0-6c7f-469e-a6f8-9a7a885227f0	6916e7e0-4cfe-4b5f-aac4-bf837ca03f38
a1ab3d13-5e14-4711-bc62-34a424d1913f	6916e7e0-4cfe-4b5f-aac4-bf837ca03f38
284cdd1d-f818-48a7-ad61-70daa82c813b	6916e7e0-4cfe-4b5f-aac4-bf837ca03f38
8432417a-5fbf-4242-9504-6e8c4d4f2885	6916e7e0-4cfe-4b5f-aac4-bf837ca03f38
2173c999-dae8-4476-af9f-16528f7e7942	6916e7e0-4cfe-4b5f-aac4-bf837ca03f38
a60bfbc9-ad41-4da4-bcb8-79276d2fd1f3	6916e7e0-4cfe-4b5f-aac4-bf837ca03f38
5d62567f-ba58-4224-8b18-0658ea9a2bbc	6916e7e0-4cfe-4b5f-aac4-bf837ca03f38
712874e7-941b-4463-b2b8-ff7e6846d7e3	6916e7e0-4cfe-4b5f-aac4-bf837ca03f38
93067812-f0c3-43b2-a9df-f758ef986f75	b36c7f51-69f2-471f-95b9-946e1e6335f0
1dcd6162-ad9b-4405-96fc-199c442c79a9	b36c7f51-69f2-471f-95b9-946e1e6335f0
397b2612-5f21-4fb0-9075-a2c9e1013ee9	b36c7f51-69f2-471f-95b9-946e1e6335f0
3c3f8bc3-9bf1-437d-98f0-e2055c66b2ff	b36c7f51-69f2-471f-95b9-946e1e6335f0
43c4e957-0e81-4442-95aa-d11687b63a5f	b36c7f51-69f2-471f-95b9-946e1e6335f0
bc2011b5-9c30-460e-9016-3b42cc3ff21e	89c76e34-283b-451a-a9b1-7510c198a5f9
452a2365-a272-4885-873b-c60fa134c9a7	89c76e34-283b-451a-a9b1-7510c198a5f9
22ac1931-e425-459f-aa84-3aa3591802e6	89c76e34-283b-451a-a9b1-7510c198a5f9
03da0a1b-aed8-4f4a-8048-da53fce7d0e8	6712ee74-bab6-413b-b0a3-9b818d2f3525
b707f894-49cc-4d9c-8955-85217d3ae0d5	6712ee74-bab6-413b-b0a3-9b818d2f3525
b68305cb-8d84-44cc-8f7f-6d1a2cf26f6a	6712ee74-bab6-413b-b0a3-9b818d2f3525
64da3dba-08f4-43ab-9a31-fc6bdd998003	6712ee74-bab6-413b-b0a3-9b818d2f3525
33922465-ab8e-46ed-81e4-75552b443bf2	6712ee74-bab6-413b-b0a3-9b818d2f3525
9ac829fe-0df0-4bbb-9380-7449d06be162	6712ee74-bab6-413b-b0a3-9b818d2f3525
734e8f29-ef3d-4f94-b7a2-5d8bbfb58701	6712ee74-bab6-413b-b0a3-9b818d2f3525
07640c08-5cf7-44dc-ae2f-5720178a43b3	6712ee74-bab6-413b-b0a3-9b818d2f3525
15b708f0-46b0-41aa-9ba7-e82a7690f5b6	6916e7e0-4cfe-4b5f-aac4-bf837ca03f38
\.


--
-- Data for Name: artist_to_scene_photo; Type: TABLE DATA; Schema: public; Owner: postgres
--

COPY public.artist_to_scene_photo (artist_id, scene_photo_id) FROM stdin;
\.


--
-- Data for Name: artist_to_set_photo; Type: TABLE DATA; Schema: public; Owner: postgres
--

COPY public.artist_to_set_photo (artist_id, set_photo_id) FROM stdin;
484325da-8ee8-42ed-acd2-70a6822c61cc	d15c94df-94e6-4bfe-a25e-fc70180f0d57
484325da-8ee8-42ed-acd2-70a6822c61cc	d86657bf-dd95-44d0-ba43-8863f8a246ac
\.


--
-- Data for Name: artist_to_sketch; Type: TABLE DATA; Schema: public; Owner: postgres
--

COPY public.artist_to_sketch (artist_id, sketch_id) FROM stdin;
484325da-8ee8-42ed-acd2-70a6822c61cc	265dedcb-2a71-4201-abd4-68d825433b67
484325da-8ee8-42ed-acd2-70a6822c61cc	c50e50b7-dcc6-4c48-9840-224ee18d582b
\.


--
-- Data for Name: artist_to_tag; Type: TABLE DATA; Schema: public; Owner: postgres
--

COPY public.artist_to_tag (artist_id, tag_id) FROM stdin;
484325da-8ee8-42ed-acd2-70a6822c61cc	e5c9b39e-1f6b-4bb5-a2ab-695fba84380c
484325da-8ee8-42ed-acd2-70a6822c61cc	785ef68b-0b9c-4964-a345-eb7b764cd5e1
484325da-8ee8-42ed-acd2-70a6822c61cc	5e4f3b5b-7046-4b11-804f-99ebd22d8b8c
484325da-8ee8-42ed-acd2-70a6822c61cc	1e2b0b14-2e5b-47ce-b833-f294f3ca9637
3c4aeae9-3e68-4e7d-8104-677780a1859f	b05af53e-1860-4465-bf18-ef00d669dec7
9e7b885e-2d35-4f6d-a84b-9cd7adf7ede8	b05af53e-1860-4465-bf18-ef00d669dec7
8112dd4f-7e4f-4b2b-a26c-1635cbef9847	56ff8f40-767a-45f4-b574-364bc69ef44b
4b041291-24ca-41a6-ba52-3a8a4dcda4fd	56ff8f40-767a-45f4-b574-364bc69ef44b
4b041291-24ca-41a6-ba52-3a8a4dcda4fd	e5c9b39e-1f6b-4bb5-a2ab-695fba84380c
4b041291-24ca-41a6-ba52-3a8a4dcda4fd	1e2b0b14-2e5b-47ce-b833-f294f3ca9637
9e7b885e-2d35-4f6d-a84b-9cd7adf7ede8	56ff8f40-767a-45f4-b574-364bc69ef44b
9e7b885e-2d35-4f6d-a84b-9cd7adf7ede8	e5c9b39e-1f6b-4bb5-a2ab-695fba84380c
9e7b885e-2d35-4f6d-a84b-9cd7adf7ede8	1e2b0b14-2e5b-47ce-b833-f294f3ca9637
9c98e788-c46c-4edd-9742-efa0146e3f35	2a966d62-19f7-4526-9b89-25d636b96b07
2dac9fa4-8bdb-4430-963d-029e2118d8e1	2a966d62-19f7-4526-9b89-25d636b96b07
715f946b-f3ac-4742-9cb6-7ac54a28ab66	2a966d62-19f7-4526-9b89-25d636b96b07
eacbdd6c-fe8f-4beb-bcc8-8aa2ce7e664b	2a966d62-19f7-4526-9b89-25d636b96b07
ec338654-4182-4756-80c2-9d761337a45c	2a966d62-19f7-4526-9b89-25d636b96b07
40fa7d19-762f-447c-ac38-2ffaad8ceba7	1e2b0b14-2e5b-47ce-b833-f294f3ca9637
40fa7d19-762f-447c-ac38-2ffaad8ceba7	e5c9b39e-1f6b-4bb5-a2ab-695fba84380c
40fa7d19-762f-447c-ac38-2ffaad8ceba7	56ff8f40-767a-45f4-b574-364bc69ef44b
1cb147b7-3854-4791-970b-9ebabe9b2394	e5c9b39e-1f6b-4bb5-a2ab-695fba84380c
683a869e-82d4-4a5c-9c7a-8fb6fc359929	e5c9b39e-1f6b-4bb5-a2ab-695fba84380c
9383590d-2319-45aa-b6ab-9279431c1627	e5c9b39e-1f6b-4bb5-a2ab-695fba84380c
40fa7d19-762f-447c-ac38-2ffaad8ceba7	b05af53e-1860-4465-bf18-ef00d669dec7
9bbfb2ed-8905-434f-b170-ce0c883dc587	e5c9b39e-1f6b-4bb5-a2ab-695fba84380c
b93f165b-2241-464c-9bc9-4ed33c15518e	e5c9b39e-1f6b-4bb5-a2ab-695fba84380c
d30066a5-999e-48d7-888c-0a89274a00de	e5c9b39e-1f6b-4bb5-a2ab-695fba84380c
061b5b5a-5ebf-4180-b0e4-ce64ffc28ca2	56ff8f40-767a-45f4-b574-364bc69ef44b
4a36449e-00a1-405a-aca1-3d247fec80b7	b05af53e-1860-4465-bf18-ef00d669dec7
9d80de96-8938-44ab-9dec-7bb2d12eb741	40230d15-7fee-468e-ba68-ab097021e777
f9c86f6e-0184-49ec-8315-0acd4ffeda97	be6bcb5c-431b-4453-a034-2d497419cdbd
981b751d-3ddc-4f10-a5da-eebacbbc39f3	be6bcb5c-431b-4453-a034-2d497419cdbd
202f9520-2cfe-4ef9-b4bc-0d07021d2f9b	be6bcb5c-431b-4453-a034-2d497419cdbd
3734a962-0b45-4a54-a5d6-37faac7d49fc	be6bcb5c-431b-4453-a034-2d497419cdbd
3734a962-0b45-4a54-a5d6-37faac7d49fc	c219f344-b37f-4dcd-86f5-b90de155e475
484325da-8ee8-42ed-acd2-70a6822c61cc	be6bcb5c-431b-4453-a034-2d497419cdbd
484325da-8ee8-42ed-acd2-70a6822c61cc	c219f344-b37f-4dcd-86f5-b90de155e475
b1549221-c7b3-4c5d-a5f8-9f56bc9fa080	be6bcb5c-431b-4453-a034-2d497419cdbd
59610c0a-4e0d-4cbb-9e13-fc40909ec028	c219f344-b37f-4dcd-86f5-b90de155e475
981b751d-3ddc-4f10-a5da-eebacbbc39f3	e5c9b39e-1f6b-4bb5-a2ab-695fba84380c
aa7df1bc-350d-4fd9-a90d-040ac3581feb	56ff8f40-767a-45f4-b574-364bc69ef44b
01fcd915-c0e6-489b-b11d-621155f759c7	56ff8f40-767a-45f4-b574-364bc69ef44b
07640c08-5cf7-44dc-ae2f-5720178a43b3	e5c9b39e-1f6b-4bb5-a2ab-695fba84380c
09074f82-5c99-47dc-8d9e-eb680102b0d5	56ff8f40-767a-45f4-b574-364bc69ef44b
011c599b-976c-45cb-8255-cb7f8c4e085b	56ff8f40-767a-45f4-b574-364bc69ef44b
0ca0527b-ee4b-46ac-9b85-269c32e2c2b0	56ff8f40-767a-45f4-b574-364bc69ef44b
10590ca0-6c7f-469e-a6f8-9a7a885227f0	1e2b0b14-2e5b-47ce-b833-f294f3ca9637
11c15813-e8c6-4eed-9096-682722b82190	56ff8f40-767a-45f4-b574-364bc69ef44b
11d6e68e-d397-4c8f-a0a8-ddf9a8ffc3f0	56ff8f40-767a-45f4-b574-364bc69ef44b
121f5bc4-9a85-4e94-95e5-34a7df7c47a4	56ff8f40-767a-45f4-b574-364bc69ef44b
12a36ae2-9d53-49cd-9c00-c5bec74d81ed	56ff8f40-767a-45f4-b574-364bc69ef44b
148fa7f9-ded7-4de6-88e3-09cb6f7ec087	56ff8f40-767a-45f4-b574-364bc69ef44b
14bdfa47-af12-4bf3-8793-3fc2edc55510	56ff8f40-767a-45f4-b574-364bc69ef44b
14ffe834-4fcc-44c4-aed5-0bae9ab9a962	56ff8f40-767a-45f4-b574-364bc69ef44b
15b708f0-46b0-41aa-9ba7-e82a7690f5b6	1e2b0b14-2e5b-47ce-b833-f294f3ca9637
15c81d8f-a7e1-444f-90ae-51a8d8e5b0c3	56ff8f40-767a-45f4-b574-364bc69ef44b
1a4465b3-51f1-4313-a497-9d78266db8d5	56ff8f40-767a-45f4-b574-364bc69ef44b
1dcd6162-ad9b-4405-96fc-199c442c79a9	6fcf62d1-28cd-45ae-b0cb-b2111dbc76b6
206b38cb-6b80-4c70-816a-f392a2d009a1	56ff8f40-767a-45f4-b574-364bc69ef44b
2173c999-dae8-4476-af9f-16528f7e7942	1e2b0b14-2e5b-47ce-b833-f294f3ca9637
22ac1931-e425-459f-aa84-3aa3591802e6	be6bcb5c-431b-4453-a034-2d497419cdbd
858f649a-8990-4b5c-8310-4e580952bc12	56ff8f40-767a-45f4-b574-364bc69ef44b
4b041291-24ca-41a6-ba52-3a8a4dcda4fd	5e4f3b5b-7046-4b11-804f-99ebd22d8b8c
24fb73ed-b475-41b5-89d0-7899369fe5e2	56ff8f40-767a-45f4-b574-364bc69ef44b
257a67c1-8a23-4483-b476-d5db5a79757f	56ff8f40-767a-45f4-b574-364bc69ef44b
25ad1b90-efcd-47a5-87af-21a94784e50c	56ff8f40-767a-45f4-b574-364bc69ef44b
284cdd1d-f818-48a7-ad61-70daa82c813b	1e2b0b14-2e5b-47ce-b833-f294f3ca9637
2c2df7ab-6e84-4c0e-a79a-9017fd42b741	56ff8f40-767a-45f4-b574-364bc69ef44b
2c2df7ab-6e84-4c0e-a79a-9017fd42b741	5e4f3b5b-7046-4b11-804f-99ebd22d8b8c
2e2a927d-2762-45a8-8966-b811092d6c2b	2a966d62-19f7-4526-9b89-25d636b96b07
2e2a927d-2762-45a8-8966-b811092d6c2b	40230d15-7fee-468e-ba68-ab097021e777
301b53ae-989a-4378-8c9e-1d5dbb3013af	56ff8f40-767a-45f4-b574-364bc69ef44b
32851897-340c-4c2b-bb9d-f737f9c4fc0a	56ff8f40-767a-45f4-b574-364bc69ef44b
33922465-ab8e-46ed-81e4-75552b443bf2	e5c9b39e-1f6b-4bb5-a2ab-695fba84380c
37085774-1d48-45a9-80ac-0fa553f536c8	56ff8f40-767a-45f4-b574-364bc69ef44b
397b2612-5f21-4fb0-9075-a2c9e1013ee9	6fcf62d1-28cd-45ae-b0cb-b2111dbc76b6
3c3f8bc3-9bf1-437d-98f0-e2055c66b2ff	6fcf62d1-28cd-45ae-b0cb-b2111dbc76b6
402aa7a7-cdbe-4878-bfb4-de4d880db139	56ff8f40-767a-45f4-b574-364bc69ef44b
43c4e957-0e81-4442-95aa-d11687b63a5f	6fcf62d1-28cd-45ae-b0cb-b2111dbc76b6
93067812-f0c3-43b2-a9df-f758ef986f75	6fcf62d1-28cd-45ae-b0cb-b2111dbc76b6
452a2365-a272-4885-873b-c60fa134c9a7	785ef68b-0b9c-4964-a345-eb7b764cd5e1
452a2365-a272-4885-873b-c60fa134c9a7	be6bcb5c-431b-4453-a034-2d497419cdbd
46cc5732-7fdd-4557-a13e-9a21f0770bd0	56ff8f40-767a-45f4-b574-364bc69ef44b
4a36449e-00a1-405a-aca1-3d247fec80b7	56ff8f40-767a-45f4-b574-364bc69ef44b
3c4aeae9-3e68-4e7d-8104-677780a1859f	56ff8f40-767a-45f4-b574-364bc69ef44b
4af8b7b6-c08f-4e08-a485-14e3a541037a	56ff8f40-767a-45f4-b574-364bc69ef44b
4d285fb0-41f1-4e6b-9486-86f441abde0f	56ff8f40-767a-45f4-b574-364bc69ef44b
52919faf-4929-4690-b926-50e3f4ffcb8c	56ff8f40-767a-45f4-b574-364bc69ef44b
58a321db-1f89-4220-8cc1-a4116d071c42	56ff8f40-767a-45f4-b574-364bc69ef44b
5d62567f-ba58-4224-8b18-0658ea9a2bbc	1e2b0b14-2e5b-47ce-b833-f294f3ca9637
648ed9c9-6631-4cc1-8205-53d2b392b8f9	56ff8f40-767a-45f4-b574-364bc69ef44b
64da3dba-08f4-43ab-9a31-fc6bdd998003	e5c9b39e-1f6b-4bb5-a2ab-695fba84380c
ac7f61ed-673f-4eeb-84cd-6aa690c0c39b	56ff8f40-767a-45f4-b574-364bc69ef44b
a9950458-71a5-4d29-bdda-2a93cec31e09	56ff8f40-767a-45f4-b574-364bc69ef44b
a7656243-6ec2-434d-a59c-31ad95119ec3	56ff8f40-767a-45f4-b574-364bc69ef44b
a60bfbc9-ad41-4da4-bcb8-79276d2fd1f3	1e2b0b14-2e5b-47ce-b833-f294f3ca9637
a385db78-62ba-46cd-9182-38ae1ffd5201	ee962336-0c38-402c-9635-ec8a28cfa5b1
974b1402-5954-416d-a30b-5be4efe001d0	2a966d62-19f7-4526-9b89-25d636b96b07
88ab75b6-a649-4941-abad-db9bb9115249	40230d15-7fee-468e-ba68-ab097021e777
\.


--
-- Data for Name: artist_to_theatre_work; Type: TABLE DATA; Schema: public; Owner: postgres
--

COPY public.artist_to_theatre_work (artist_id, theatre_work_id) FROM stdin;
\.


--
-- Data for Name: artists; Type: TABLE DATA; Schema: public; Owner: postgres
--

COPY public.artists (id, first_name, last_name, profile_picture, bio, created_at, url_id, published, searchable, show_in_homepage, url, subtitle, has_subtitle) FROM stdin;
59610c0a-4e0d-4cbb-9e13-fc40909ec028	Anna	Mode	https://zlntcwuxekavvhzqhbxz.supabase.co/storage/v1/object/public/assets/images/Foto%20Artisti/I%20nostri%20artigiani/Annamode/loghetto_anna_mode.jpg	Sartoria attiva dal 1946, che dispone di un magazzino con oltre 200mila costumi, 25mila accessori e un archivio di 18mila autentici e accessori originali dal Settecento ai giorni nostri, per il noleggio o la vendita.	2024-06-10 12:51:32.61178+00	anna-mode	t	t	t	\N	\N	t
715f946b-f3ac-4742-9cb6-7ac54a28ab66	Raffaella	Giovannetti	https://zlntcwuxekavvhzqhbxz.supabase.co/storage/v1/object/public/assets/images/Foto%20Professionisti/Arredatori/Raffaella%20Giovannetti/GIOVANNETTI.jpg.webp	Arredatrice cinematografica, Raffaella Giovannetti ha collaborato con scenografi di fama internazionale come Dante Ferretti, con cui ha dato vita alle ambientazioni di pellicole di grande successo. Assistente di Francesca Lo Schiavo ha partecipato a Gangs of New York di Martin Scorsese. Nel 2013, ha lavorato con Maurizio Sabatini a La migliore offerta.\\n	2024-06-07 12:59:22.321283+00	raffaella-giovannetti	t	t	t	\N	\N	t
9bbfb2ed-8905-434f-b170-ce0c883dc587	Giorgio	Armani	https://zlntcwuxekavvhzqhbxz.supabase.co/storage/v1/object/public/assets/images/Foto%20Artisti/Costumisti/Giorgio%20Armani/ARMANI.jpg.webp	Stilista, fondatore dell'azienda omonima, Giorgio Armani dal 1980 ha disegnato i costumi di scena per diversi attori e attrici, a cominciare da Richard Gere per il film American Gigolò. Nel 1999 ha prodotto il documentario di Martin Scorsese sul cinema italiano Il mio viaggio in Italia. Armani è uno dei brand più amati anche per i red carpet.	2024-06-07 14:04:55.637723+00	\N	t	t	t	\N	\N	t
9d80de96-8938-44ab-9dec-7bb2d12eb741	David	di Donatello	https://zlntcwuxekavvhzqhbxz.supabase.co/storage/v1/object/public/assets/images/Foto%20Professionisti/I%20Premi/David%20di%20Donatello/logo-ocra250.png	n	2024-06-07 14:59:23.411074+00	\N	t	t	t	\N	\N	t
b1549221-c7b3-4c5d-a5f8-9f56bc9fa080	Fondazione	Giorgio Cini	https://zlntcwuxekavvhzqhbxz.supabase.co/storage/v1/object/public/assets/images/Foto%20Artisti/Fondazioni/Tirelli%20Trappetti/TirelliTrappetti.jpeg	n	2024-06-10 12:36:55.512914+00	\N	t	t	t	\N	\N	t
b93f165b-2241-464c-9bc9-4ed33c15518e	Roberto	Capucci	https://zlntcwuxekavvhzqhbxz.supabase.co/storage/v1/object/public/assets/images/Foto%20Artisti/Costumisti/Roberto%20Capucci/CAPUCCI.jpg.webp	Arredatrice cinematografica, Raffaella Giovannetti ha collaborato con scenografi di fama internazionale come Dante Ferretti, con cui ha dato vita alle ambientazioni di pellicole di grande successo. Assistente di Francesca Lo Schiavo ha partecipato a Gangs of\\nNew York di Martin Scorsese. Nel 2013, ha lavorato con Maurizio Sabatini a La migliore offerta.	2024-06-07 14:06:58.738441+00	\N	t	t	t	\N	\N	t
4a36449e-00a1-405a-aca1-3d247fec80b7	Lorenzo	Baraldi	https://zlntcwuxekavvhzqhbxz.supabase.co/storage/v1/object/public/assets/images/Foto%20Professionisti/Scenografi/Lorenzo%20Baraldi/image-w856.jpg.webp	Tra i più importanti scenografi del cinema italiano, Lorenzo Baraldi ha legato il suo nome a capolavori della cinematografia (come Il postino e Profumo di donna) e a una lunga collaborazione con Mario Monicelli. All'attività didattica ha affiancato un instancabile lavoro di promozione del sapere professionale, attraverso mostre e incontri.	2024-06-07 12:19:25.090868+00	lorenzo-baraldi	t	t	t	\N	\N	t
9e7b885e-2d35-4f6d-a84b-9cd7adf7ede8	Tommaso	Lagattolla	https://zlntcwuxekavvhzqhbxz.supabase.co/storage/v1/object/public/assets/images/Foto%20Artisti/ScenografiCostumisti/Tommaso%20Lagattolla/LAGATTOLLA.jpg	Dopo una lunga collaborazione con Pasquale Grossi e il Teatro Petruzzelli, Tommaso Lagattolla ha lavorato come scenografo e costumista per i grandi teatri e festival europei. Esperto di costume storico, collabora con il Museo della Moda e del Costume di Palazzo Pitti, a Firenze (Galleria degli Uffizi).	2024-06-05 13:04:05.090028+00	tommaso-lagotta	t	t	t	\N	\N	t
8112dd4f-7e4f-4b2b-a26c-1635cbef9847	Dante	Ferretti	https://zlntcwuxekavvhzqhbxz.supabase.co/storage/v1/object/public/assets/images/Foto%20Artisti/Scenografi/Dante%20Ferretti/FERRETTI.jpg	Dante Ferretti ha iniziato la sua carriera come assistente di Luigi Scaccianoce. Ha lavorato con Pier Paolo Pasolini e Federico Fellini ed è stato assi duo collaboratore di Martin Scorsese e Tim Burton. Ha curato le scene di svariate opere liriche nei più importanti teatri del mondo.	2024-06-07 08:30:34.337809+00	dante-ferretti	t	t	t	\N	\N	t
9383590d-2319-45aa-b6ab-9279431c1627	Gabriella	Pescucci	https://zlntcwuxekavvhzqhbxz.supabase.co/storage/v1/object/public/assets/images/Foto%20Artisti/Costumisti/Gabriella%20Pescucci/Gabriella_Pescucci.jpeg	Assistente di Piero Tosi, Gabriella Pescucci ha lavorato con i maggiori cineasti, da Sergio Leone e Martin Scorsese, Federico Fellini e Terry Gilliam, ora affidandosi a una puntigliosa documentazione ora partecipando alla costruzione di mondi fantastici.\\nHa collabo­rato a diverse serie cv di successo, opere liriche e ha firmato i costumi di apertura dei XX Giochi olimpici invernali Torino 2006.	2024-06-07 13:02:55.415698+00	gabriella-pescucci	t	t	t	\N	\N	t
4b041291-24ca-41a6-ba52-3a8a4dcda4fd	Danilo	Donati	https://zlntcwuxekavvhzqhbxz.supabase.co/storage/v1/object/public/assets/images/Foto%20Artisti/ScenografiCostumisti/Danilo%20Donati/DONATI.jpg.webp	Costumista e scenografo, Danilo Donati ha arricchito il panorama surreale di Federico Fellini, l'orizzonte realista di Luchino Visconti e l'universo immaginativo di Pier Paolo Pasolini, muovendosi fra teatro, cinema e televisione. Indimenticabile il suo apporto a Romeo e Giulietta di Franco Zeffirelli e a Il Casanova di Federico Fellini.	2024-06-07 09:03:55.617513+00	danilo-donati	t	t	t	\N	\N	t
683a869e-82d4-4a5c-9c7a-8fb6fc359929	Eva	Coen	https://zlntcwuxekavvhzqhbxz.supabase.co/storage/v1/object/public/assets/images/Foto%20Artisti/Costumisti/Eva%20Coen/Eva_Coen.jpeg	Dopo la laurea in Arte e la specializzazione in Arre Contemporanea, Eva Coen ha iniziato creando costumi per la danza e nel cine­ma come assistente di Lina Nerli Taviani.\\nHa firmato i costumi per il cinema indipendente e per le serie tv con grandi registi tra i quali Alexis Cahill, Emanuele Crialese, Marco Filiberti e Stefano Sollima.	2024-06-07 13:01:25.35489+00	eva-coen	t	t	t	\N	\N	t
a9950458-71a5-4d29-bdda-2a93cec31e09	Paola	Comencini	\N	E’ nata a Roma nel 1951, diplomata con il baccalauréat nel 1968, si è poi iscritta alla facoltà di Architettura. Dal 1972 ha iniziato a lavorare nel cinema come assistente scenografa e costumista: Scarfiotti, Ricceri, Ferretti. Ha collaborato per molti anni con il padre Luigi Comencini. Oltre che con le sorelle Cristina e Francesca, ha collaborato con alcuni dei più importanti registi italiani, tra i quali Michelangelo Antonioni, Daniele Luchetti, Riccardo Milani, Michele Placido, Stefano Sollima, Carlo Vanzina. Nel 2006 ha ricevuto il premio come miglior scenografia ai David di Donatello per il film Romanzo Criminale di Michele Placido. Nel 2022 firma la scenografia del fortunatissimo C’è ancora domani di Paola Cortellesi e nel 2023 la scenografia de Il tempo che ci vuole di Francesca Comencini. Nel 2024 riceve il premio Campari Passion for Film all’81. Mostra Internazionale d’Arte Cinematografica di Venezia.	2025-05-07 09:39:37.987614+00	paola-comencini	t	t	t	\N	\N	t
95f593bf-2608-4b35-851f-8d21175638ae	Anna	Beachler	https://zlntcwuxekavvhzqhbxz.supabase.co/storage/v1/object/public/assets/images/Foto%20Professionisti/Scenografi/Anna%20Beachler/BEACHLER.jpg.webp	Prima donna a curare la scenografia di un film Marvel, prima scenografa afroamericana a essere nominata dalla Academy Award e a vincere, con Black Panther, Hannah Beachler ha iniziato la sua lunga collaborazione con Ryan Coogler nel 2013 con Prossima fermata Fruit vale Station.	2024-06-10 12:28:19.421199+00	\N	t	t	t	\N	\N	t
9c98e788-c46c-4edd-9742-efa0146e3f35	Bruno	Amalfitano	https://zlntcwuxekavvhzqhbxz.supabase.co/storage/v1/object/public/assets/images/Foto%20Professionisti/Arredatori/Bruno%20Amalfitano/AMALFITANO.png.webp	Scenografo e arredatore, Bruno Amalfitano ha iniziato la carriera come assistente di Piero Gherardi, Giantito Burchiellaro e\\nDanilo Donati. È stato anche arredatore per film come Il mondo nuovo di Ettore Scola, Il giovane Mussolini di Gianluigi Cal-derone, Il mostro di Roberto Benigni e per la miniserie Fine secolo di Gianni Lepre.	2024-06-07 12:57:18.569254+00	\N	t	t	t	\N	\N	t
e4a7fd18-ca73-4a47-b5af-29af1efef06d	Franco	Zeffirelli	https://zlntcwuxekavvhzqhbxz.supabase.co/storage/v1/object/public/assets/images/Foto%20Professionisti/Scenografi/Franco%20Zeffirelli/ZEFFIRELLI.jpg.webp	Regista, sceneggiatore e scenografo, Franco Zeffirelli ha esordito come scenografo in Troilo e Cressida per la regia di Luchino Vi-sconti. Innumerevoli sono le sue produzioni operistiche nei maggiori teatri del mondo. Nel cinema ha legato il suo nome a successi come La bisbetica domata, Romeo e Giulietta, Fratello Sole e Sorella Luna e Storia di una Capinera.	2024-06-07 12:20:44.072109+00	\N	t	t	t	\N	\N	t
eacbdd6c-fe8f-4beb-bcc8-8aa2ce7e664b	Cristiana	Possenti	https://zlntcwuxekavvhzqhbxz.supabase.co/storage/v1/object/public/assets/images/Foto%20Professionisti/Arredatori/Cristiana%20Possenti/POSSENTI.png.webp	Già a lavoro a 21 anni mentre frequenta l'Accademia di Belle Arti di Roma, Cristiana Possenti è scenografa e arredatrice di film italiani e stranieri selezionati in diversi festival, tra cui Cannes e Venezia. Ha collaborato tra gli altri con Lizzani, Gregoretti, Maselli,\\nVanzina, Cipri. Docente di arredamento presso la Scuola di Cinematografia Gian Maria Volonte.	2024-06-07 12:57:40.448244+00	\N	t	t	t	\N	\N	t
ec338654-4182-4756-80c2-9d761337a45c	Gaia	Zambelli	https://zlntcwuxekavvhzqhbxz.supabase.co/storage/v1/object/public/assets/images/Foto%20Artisti/Arredatori/Gaia%20Zambelli/ZAMBELLI.jpeg.webp	Arredatrice, scenografa, art director e buyer, Gaia Zambelli ha lavorato con registi italiani e stranieri, come Giuseppe Tornatore, Alejandro Amenábar, Ferzan Ozpetek, Paolo Sorrentino, Valeria Golino. Nella sua carriera ha collaborato in serie internazionali di grande successo come Zero ZeroZero, Romulus e Vikings.\\n	2024-06-07 12:58:53.283809+00	\N	t	t	t	\N	\N	t
f9c86f6e-0184-49ec-8315-0acd4ffeda97	Fondazione	Gramsci	https://zlntcwuxekavvhzqhbxz.supabase.co/storage/v1/object/public/assets/images/Foto%20Artisti/Fondazioni/Gramsci/FondazioneGramsci.png	La Fondazione Gramsci è nata nel 1950 con l’obiettivo di raccogliere documenti sulla biografia di Antonio Gramsci e dare impulso alle ricerche sulla storia del movimento operaio.	2024-06-07 09:12:41.653359+00	\N	t	t	t	\N	\N	t
1cb147b7-3854-4791-970b-9ebabe9b2394	Carlo	Poggioli	https://zlntcwuxekavvhzqhbxz.supabase.co/storage/v1/object/public/assets/images/Foto%20Artisti/Costumisti/Carlo%20Poggioli/Carlo_Poggioli.jpeg	Dopo i primi passi alla Sartoria Tirelli, come assistente di Gabriella Pescucci, Piero Tosi e Maurizio Millenotti, Carlo Poggioli ha lavorato per anni al fianco di Ann Roth e collaborato con registi come, Fellini, Gilliam, Lee, Minghella, Sorrentino, Placido, Ma­lick e Polanski. In teatro ha debuttato con Luca Ronconi e collabora da anni con Ruggero Cappuccio.	2024-06-07 13:04:18.876954+00	carlo-poggioli	t	t	t	\N	\N	t
202f9520-2cfe-4ef9-b4bc-0d07021d2f9b	Fondazione	Tirelli Trappetti	https://zlntcwuxekavvhzqhbxz.supabase.co/storage/v1/object/public/assets/images/Foto%20Artisti/Fondazioni/Tirelli%20Trappetti/TirelliTrappetti.jpeg	n	2024-06-10 10:24:10.083573+00	fondazione-tirelli-trappetti	t	t	t	\N	\N	t
2dac9fa4-8bdb-4430-963d-029e2118d8e1	Ezio	Di Monte	https://zlntcwuxekavvhzqhbxz.supabase.co/storage/v1/object/public/assets/images/Foto%20Professionisti/Arredatori/Ezio%20Di%20Monte/D_I_MONTE.png.webp	Trai più importanti arredatori del cinema italiano, Ezio Di Monte, dopo l'impegno nel mondo delle pubblicità, ha esordito al cinema nel 1968, ne I due crociati diretto da Giuseppe Orlandini con la scenografia di Andrea Crisanti. Collaboratore assiduo di Ettore Scola e Luciano Ricceri, ha lavorato anche con grandi registi come Rossellini, Leone, Monicelli e Montaldo.	2024-06-07 12:58:30.795847+00	ezio-di-monte	t	t	t	\N	\N	t
8f8d6e6a-4af1-485b-97d0-6bc7845f3cc4	Marco	Dentici	https://zlntcwuxekavvhzqhbxz.supabase.co/storage/v1/object/public/assets/images/Foto%20Professionisti/Scenografi/Marco%20Dentici/DENTICI_1.png	Dopo l’Accademia di Belle Arti di Brera, a Milano, Marco Dentici ha svolto l’attività pittorica, alternandola a quella teatrale e televisiva. A Roma, dagli inizi degli anni Settanta, intraprende l’attività di scenografo e si occupa di grafica, pubblicità, progettazione e ristrutturazione d’interni. E stato assiduo collaboratore di Sergio Corbucci e Marco Bellocchio.	2024-06-07 13:00:19.095753+00	\N	t	t	t	\N	\N	t
858f649a-8990-4b5c-8310-4e580952bc12	Livia	Borgognoni	https://zlntcwuxekavvhzqhbxz.supabase.co/storage/v1/object/public/assets/images/Foto%20Professionisti/Scenografi/Livia%20Borgognoni/BORGOGNONI.png.webp	Scenografa, art director e arredatrice per produzioni nazionali e internazionali, Livia Borgognoni inizia come assistente di Elena Ricci Poccetto. Collaboratrice assidua di Marco Filiberti, ha lavorato con Luigi Comencini, Marco Ferreri, Carlo Lizzani, George Lucas, Francesca Archibugi, Dino Risi.	2024-06-07 12:19:46.593548+00	livia-borgognoni	t	t	t	\N	\N	t
a385db78-62ba-46cd-9182-38ae1ffd5201	ASSOCIAZIONE ITALIANA	SCENOGRAFI COSTUMISTI ARREDATORI	\N	E' l'associazione che da 47 anni rappresenta e riunisce Scenografi, Costumisti e Arredatori italiani e i relativi aiuti, assistenti e neo-laureati nelle discipline di competenza.\n\nFanno parte dell'associazione professionisti pluripremiati e premi Oscar come Piero Tosi, Dante Ferretti, Francesca Lo Schiavo, Gabriella Pescucci, Milena Canonero e Maurizio Millenotti.	2025-04-30 16:18:50.483429+00	associazione-italiana-scenografi-costumisti-arredatori	t	t	t	www.aesseci.org	\N	f
981b751d-3ddc-4f10-a5da-eebacbbc39f3	Fondazione	Zeffirelli	https://zlntcwuxekavvhzqhbxz.supabase.co/storage/v1/object/public/assets/images/Foto%20Artisti/Fondazioni/Zeffirelli/FondazioneZeffirelli.png?t=2024-06-14T08%3A45%3A22.720Z	La Collezione Zeffirelli ospita oltre 250 opere del Maestro Zeffirelli tra bozzetti di scena, disegni e figurini di costumi.\\nIl Centro, ospitato nello storico Complesso di San Firenze dal 2017, attraverso il suo Archivio, la Biblioteca delle Arti e dello Spettacolo e la Collezione Zeffirelli, è promotore d’iniziative espositive e didattiche. Le attività del Centro sono infatti volte alla divulgazione della cultura legata all’arte dello spettacolo e alla formazione di studenti nell’ambito delle discipline del Teatro di prosa, dell’Opera in musica e del Cinema. L'Archivio contiene decine di copioni e sceneggiature, centinaia di pagine di appunti, migliaia di fotografie, centinaia di schizzi, disegni e bozzetti, materiali pubblicitari, rassegne stampa, carteggi, documentazione amministrativa, letteratura grigia e audiovisivi.\\nhttps://www.fondazionefrancozeffirelli.com	2024-06-07 09:35:38.147599+00	\N	t	t	t	\N	\N	t
d30066a5-999e-48d7-888c-0a89274a00de	Milena	Canonero	https://zlntcwuxekavvhzqhbxz.supabase.co/storage/v1/object/public/assets/images/Foto%20Artisti/Costumisti/Milena%20Canonero/CANONERO.png.webp	Considerata una delle artefici del successo della cultura figurativa italiana a Hollywood, Milena Canonero è celebre per il gusto iperrealista e le magnifiche macchine sartoriali sin dal suo esordio come costumista nel 1971, in Arancia meccanica, di Stanley Kubrick. Per il teatro, ha disegnato i costumi, e talvolta anche le scene, di numerose opere liriche.	2024-06-07 14:27:43.555924+00	\N	t	t	t	\N	\N	t
061b5b5a-5ebf-4180-b0e4-ce64ffc28ca2	Gaetano	Castelli	https://zlntcwuxekavvhzqhbxz.supabase.co/storage/v1/object/public/assets/images/Foto%20Artisti/Scenografi/Gaetano%20Castelli/CASTELLI_gaetano.jpg.webp	Considerato tra i più importanti scenografi televisivi, Gaetano Castelli ha legato il suo nome alle trasmissioni Rai per più di 50 an-ni. Oltre ad aver realizzato la scenografia per il primo Telegiornale a colori, ha progettato le scene per grandi show televisivi. Dal\\n1983 lavora a Parigi come scenografo prima per il Lido e poi dal 1986 per il Moulin Rouge di cui è direttore artistico.	2024-06-07 14:30:22.692393+00	gaetano-castelli	t	t	t	\N	\N	t
3734a962-0b45-4a54-a5d6-37faac7d49fc	Tirelli	Costume	https://zlntcwuxekavvhzqhbxz.supabase.co/storage/v1/object/public/assets/images/Foto%20Artisti/I%20nostri%20artigiani/Tirelli%20Costumi/Tirelli_INostriArtigiani.png?t=2024-06-14T08%3A48%3A05.921Z	A Formello, nei pressi di Roma, sorge un edificio di 7.000 metri quadrati dove sono appesi, suddivisi per generi e per epoche, più di 15.000 abiti d’epoca autentici e oltre 300.000 costumi, i primi raccolti dalla passione di collezionista di Umberto Tirelli e incrementati in seguito dalla perseveranza di Dino Trappetti, e i secondi prodotti dalla sartoria che lo stesso Tirelli fondò. Insieme alla collezione di schizzi, bozzetti, disegni preparatori, custodita dalla ditta, questo repertorio di cinque decenni di arte scenica al servizio di teatro, cinema, opera lirica, ha pochi uguali al mondo. Fedele ai principi che hanno ispirato il suo fondatore, la Ditta è cresciuta e non ha mai cessato di alimentare la fantasia di sommi creatori di costumi tra cui Lila de Nobili, Piero Tosi, Pier Luigi Pizzi, Gabriella Pescucci, Milena Canonero, Maurizio Millenotti, Ann Roth... fino ai loro emuli di oggi come Carlo Poggioli, Alessandro Lai e Massimo Cantini Parrini…\\n\\nhttps://tirellicostumi.com	2024-06-04 22:50:26.765925+00	tirelli-costume	t	t	t	\N	\N	t
3c4aeae9-3e68-4e7d-8104-677780a1859f	A spasso con	...	https://zlntcwuxekavvhzqhbxz.supabase.co/storage/v1/object/public/assets/a%20spasso%20con/A%20spasso%20con/logo_segnaposto_S_C_.png\\n	A spasso con lo scenografo/il costumista è una rubrica di Scenografia&Costume pensata per accompagnare il lettore della rivista in una passeggiata attraverso alcuni luoghi della città scelta.\\nGli articoli usciti sulla rubrica sono corredati di un QR Code, dal quale si ha accesso alla cartina di Google Maps corrispondente. La mappa è stata marcata affinché il lettore possa seguire il percorso lungo le strade cittadine non solo virtualmente, con l’immaginazione, mentre legge, ma anche passeggiando fisicamente in città.	2024-06-03 15:05:21.502123+00	a-spasso-con	t	t	t	\N	\N	t
40fa7d19-762f-447c-ac38-2ffaad8ceba7	Cappellini&	Licheri	https://zlntcwuxekavvhzqhbxz.supabase.co/storage/v1/object/public/assets/images/Foto%20Artisti/ScenografiCostumisti/Cappellini_Licheri/Cappellini_Licheri.png	Uniti da un sodalizio quarantennale, Alida Cappellini e Giovanni Licheri lavorano per il cinema, per il teatro, curando spesso anche i costumi, e per la pubblicità.\\nIn tv collaborano da anni con Renzo Arbore. Curano anche allestimenti espositivi e per eventi e hanno firmato linee di arredi.	2024-06-07 13:05:25.05772+00	cappellini-licheri	t	t	t	\N	\N	t
484325da-8ee8-42ed-acd2-70a6822c61cc	Piero	Tosi	https://zlntcwuxekavvhzqhbxz.supabase.co/storage/v1/object/public/assets/images/Foto%20Artisti/Costumisti/Piero%20Tosi/Piero_Tosi.jpeg	Allievo all'Accademia di Belle Arti di Firenze di Ottone Rosai, Piero Tosi ha esordito in teatro nel 1947. Nel cinema, ha legato il suo nome a Luchino Visconti, con cui ha esordito nel 1951 per Bellissima. Nel corso della sua carriera ha lavorato anche con registi come Vittorio De Sica, Federico Fellini, Liliana Cavani.	2024-06-01 09:31:44.630298+00	piero-tosi	t	t	t	\N	\N	t
4af8b7b6-c08f-4e08-a485-14e3a541037a	Hannah	Beachler	\N	Prima donna a curare la scenografia di un film Marvel, prima scenografa afroamericana a essere nominata dalla Academy Award e a vincere, con Black Panther, Hannah Beachler ha iniziato la sua lunga collaborazione con Ryan Coogler nel 2013 con Prossima fermata Fruitvale Station.	2025-05-07 09:11:51.787023+00	hannah-beachler	t	t	t	\N	\N	t
52919faf-4929-4690-b926-50e3f4ffcb8c	Michel	Barthélémy	\N	César per la migliore scenografia per I fratelli Sisters e Un profeta, di Jacques Audiard, Michel Barthélémy ha iniziato la sua carriera di scenografo negli anni Ottanta coi video musicali e con le pubblicità. Ha collaborato con registi come François Ozon, Pierre\nSalvadori e Dominik Moll.	2025-05-07 09:05:56.553712+00	michel-barthélémy	t	t	t	\N	\N	t
794d5971-81a0-4d23-bc9d-9466bfdc07a9	Giancarlo	Basili	\N	Iniziata la carriera come assistente in numerose opere liriche e teatrali, Giancarlo Basili è stato a lungo collaboratore di Pier Luigi\nPizzi. Ha all’attivo numerose esperienze a teatro, al cinema e per videoclip musicali. Sono suoi i progetti di allestimento del Padiglione Italiano all’Expo di Shanghai (2010) e del Padiglione Zero all’Espo di Milano (2015).	2025-05-07 09:08:47.438208+00	\N	t	t	t	\N	\N	t
fd866a02-8813-4920-bd43-ff4ca330b2b6	Marco	Belluzzi	\N	Un approccio personale, dal carattere autoriale, segna da sempre i lavori di Marco Belluzzi, allievo, all’Accademia di Brera, di Tito\nVarisco. Spesso al fianco di Antonio Albanese e Giulio Manfredonia, lo scenografo dopo essere stato assistente di Gian Maurizio\nFercioni, ha firmato nel 1992 Puerto Escondido di Gabriele Salvatores, girato tra l’Italia e il Messico.	2025-05-07 09:14:45.083701+00	\N	t	t	t	\N	\N	t
974b1402-5954-416d-a30b-5be4efe001d0	Alessandra	Querzola	\N	Nata a Trieste, Alessandra Querzola ha studiato presso l’Istituto Statale D’Arte per la Decorazione della nave e degli interni Enrico ed Umberto Nordio della sua città e all’Accademia di Belle Arti di Venezia. Nei primi anni ’90 inizia a lavorare in produzioni internazionali in Italia e all’estero avendo l’opportunità di dedicarsi in modo specifico all’arredamento, firmando circa 36 film come set decorator. Nel 2018 è nominata all’Oscar per il film Blade Runner 2049 e per lo stesso film oltre al Bafta Film Award ha avuto altri 11 riconoscimenti.	2025-05-07 11:15:06.92374+00	alessandra-querzola	t	t	t	\N	\N	t
b709ec8c-e9d6-4889-9ce8-46bb3108c34c	Francesco	Bronzi	\N	In cinquant’anni di carriera, lo scenografo Francesco Bronzi ha collaborato con registi italiani e internazionali come Dino Risi, Jerzy Skolimowski, Giuseppe Tornatore, i fratelli Taviani e Gillo Pontecorvo. Ha lavorato per molte serie tv. Quando non è impegnato nell’ideazione degli ambienti, si interessa di pittura e di scrittura.	2025-05-07 09:20:52.010526+00	\N	t	t	t	\N	\N	t
9818d688-7e42-4a59-b095-5276c8d2e562	Giantito	Burchiellaro	\N	Arrivato a Roma da Venezia, come pittore, Giantito Burchiellaro ha iniziato a lavorare sui set dei film di Federico Fellini, con Pietro Gherardi e Luciano Ricceri. Ha collaborato con registi italiani, come Sergio Corbucci, Pasquale Festa Campanile, Steno e Marco Bellocchio, e internazionali, come Mick Davis e Grigori Chukhrai.	2025-05-07 09:22:28.744152+00	\N	t	t	t	\N	\N	t
c6c0a7b8-824c-49c4-a169-d057bc4de19f	Giulia	Busnengo	\N	Diplomata alla London International Film School, Giulia Busnengo ha mosso i primi passi al fianco di Bruno Cesari e Marco Dentici. Come arredatrice, ha lavorato a lungo con Paolo Sorrentino, partecipando a La grande bellezza, Youth e Loro. Come scenografa ha firmato il film La dea fortuna e la serie tv Le fate ignoranti, entrambi diretti da Ferzan Ozpetek.	2025-05-07 09:24:15.483497+00	\N	t	t	t	\N	\N	t
f2a9b8a8-51e1-4dca-ba13-3b3c07a363ee	Alessandro	Camera	\N	Dopo i primi passi con Luciano Damiani e William Orlandi, Alessandro Camera ha iniziato a lavorare nei più importanti teatri nazionali e internazionali. Il suo lavoro di scenografo è ricco di titoli in ambito lirico, nella prosa, nel balletto e nel musical, al fianco di registi del calibro di Gabriele Lavia, Gilbert Deflo, Arnaud Bernard e Saverio Marconi.	2025-05-07 09:25:28.243989+00	\N	t	t	t	\N	\N	t
8c3b5ab7-f52b-4a82-be9c-3e819b46c5ae	Carlo	Canè	\N	Architetto scenografo, Carlo Canè lavora in Rai dagli anni 80. Ha progettato scene per le maggiori reti (RaiUno, Rai Tre, RaiDue,\nRaiStoria) e testate giornalistiche (Tgl, Tg2, Rainews24), allestimenti di mostre e sale radiofoniche. E attivo nel circuito della\npoesia visiva” esponendo in spazi e in gallerie private nazionali e internazionali.	2025-05-07 09:27:02.965507+00	\N	t	t	t	\N	\N	t
de6c13c8-3ff2-4555-bb83-a05344ac749b	Emilio	Carcano	\N	NULL	2025-05-07 09:30:12.798455+00	\N	t	t	t	\N	\N	t
843c58f0-f82d-431e-8ff5-e940e163f94d	Mariachiara	Castelli	\N	Dopo una serie di collaborazioni, Maria Chiara Castelli è entrata nello Studio Castelli dove tutt’oggi lavora con scenografi e progettisti, coordinati da Manuel Bellucci. Dal 20 10 il passaggio da assistente a scenografa. Oltre all’interesse per la scenografia tv rimane sempre forte il rapporto con la pittura e il disegno espresso sopratutto nella realizzazione di ritratti.	2025-05-07 09:33:02.98228+00	\N	t	t	t	\N	\N	t
d4dbc5b4-3b3c-44ff-ae7a-ce905ecff3c0	Andrea	Castorina	\N	Dopo alcuni anni come assistente presso lo studio dell’artista Adrian Tranquilli, Andrea Castorina si è diplomato in pittura all’Accademia di Belle Arti di Roma. Dal 2004 lavora come scenografo per produzioni cinematografiche e teatrali. Ha iniziato a collaborare con Marco Bellocchio nel 2015, nel film Sangue del mio sangue.	2025-05-07 09:34:42.304109+00	\N	t	t	t	\N	\N	t
f966b222-7f89-4388-90ef-68e49d79a749	Stefania	Cella	\N	NULL	2025-05-07 09:36:40.660462+00	\N	t	t	t	\N	\N	t
adb005f3-0f8f-4942-94f3-e572dffefdff	Alessandro	Chiti	\N	Scenografo teatrale, Alessandro Chiti in 40 anni di attività ha lavorato con numerosi registi e attori tra cui: Proietti, Albertazzi, Gassman. Ha al suo attivo l’ideazione di circa 400 scenografie. Il suo eclettismo, associato a creatività e inventiva, spazia tra testi moderni, classici, musical e lirica. Ha ricevuto numerosi riconoscimenti e premi.	2025-05-07 09:37:58.804689+00	\N	t	t	t	\N	\N	t
ef8480cf-7213-4414-8383-50d3946ab0bd	Paki	Meduri	\N	Laureato in Architettura, Paki Meduri ha iniziato a lavorare come disegnatore-arredatore, partecipando alla ristrutturazione di prestigiose abitazioni romane e internazionali, avvicinandosi al mondo cinematografico agli inizi degli anni 2000. Dal 2014 firma le scenografie di numerosi film e di fortunate serie tv come Gomorra, Suburra, Zerozerozero e Dijango.	2025-05-07 10:19:44.508541+00	\N	t	t	t	\N	\N	t
14ffe834-4fcc-44c4-aed5-0bae9ab9a962	Riccardo	Bocchini	\N	NULL	2025-05-07 09:16:26.282189+00	riccardo-bocchini	t	t	t	\N	\N	t
25ad1b90-efcd-47a5-87af-21a94784e50c	Tommaso	Bordone	\N	NULL	2025-05-07 09:19:11.167154+00	tommaso-bordone	t	t	t	\N	\N	t
32851897-340c-4c2b-bb9d-f737f9c4fc0a	Dimitri	Capuani	\N	Dopo l’Accademia di Belle Arti di Roma e il Centro Sperimentale di Cinematografia, Dimitri Capuani ha lavorato come disegnatore al fianco di Franco Zeffirelli per alcune opere liriche, e come assistente di Dante Ferretti a molti film internazionali. Dal 2015 collabora con Matteo Garrone. Ha firmato, tra gli altri, Land, del regista iraniano Babak Jalali.	2025-05-07 09:28:43.090284+00	dimitri-capuani	t	t	t	\N	\N	t
37085774-1d48-45a9-80ac-0fa553f536c8	Gianni	Carluccio	\N	NULL	2025-05-07 09:31:40.994923+00	gianni-carluccio	t	t	t	\N	\N	t
8363c452-c962-4d77-8424-16958b3fca97	Andrea	Crisanti	\N	Scenografo cinematografico e teatrale, Andrea Crisanti nei primi anni della sua carriera è stato stretto collaboratore di Francesco Rosi, di Sergio Corbucci, di Marco Bellocchio, di Giuseppe Tornatore, di Michelangelo Antonioni e di Andrej Tarkovskij. E stato docente di scenografia al Centro Sperimentale di Cinematografia.	2025-05-07 09:42:02.521593+00	\N	t	t	t	\N	\N	t
648ed9c9-6631-4cc1-8205-53d2b392b8f9	Claudio	Cosentino	\N	Dopo aver collaborato come aiuto scenografo in diverse produzioni cinematografiche, Claudio Cosentino ha iniziato a lavorare su numerosi set di film destinati al mercato orientale. InItalia ha partecipato alla realizzazione di molte fiction. Da anni è impegnato nell’utilizzo della computer grafica nella realizzazione dei bozzetti e dei modellini dei set.	2025-05-07 09:40:53.755375+00	claudio-cosentino	t	t	t	\N	\N	t
fca372b2-ce64-425e-8542-dd85bca27224	Ludovica	Ferrario	\N	Laureata in Architettura, dopo anni di lavoro con i più importanti registi italiani come art director e scenografa, Ludovica Ferrario ha lavorato con registi del calibro di Wim Wenders e Abbas Kiarostami. Negli ultimi anni ha collaborato con Paolo Sorrentino, prima come art director ne La grande bellezza, poi come scenografa in Youth – La giovinezza, The Young Pope e The New Pope.	2025-05-07 09:52:38.024334+00	\N	t	t	t	\N	\N	t
672767fa-0b2d-4bc5-8085-f99c07a0ed46	Guido	Fiorato	\N	Dopo una lunga gavetta al Teatro della Tosse, al fianco di Emanuele Luzzati, Guido Fiorato ha iniziato la sua attività di scenografo come assistente di Hayden Griffin e Carlo Diappi nelle produzioni del Teatro Stabile di Genova. Ha lavorato a lungo presso il Deut-sches Schauspielhaus, ad Amburgo, e con lo Stabile di Genova. Insegna all’Accademia Ligustica di Belle Arti.	2025-05-07 09:55:05.28714+00	\N	t	t	t	\N	\N	t
68b97d32-70a3-4392-bef8-4e81b8f04a67	Nino	Formica	\N	A lungo al fianco di Mario Chiari, Nino Formica muove i primi passi come scenografo sui set dei film dei fratelli Vanzina. Nel corso degli anni sviluppa esperienze nel cinema e nel settore televisivo tra varietà e fiction. Ha collaborato con noti registi come Pasquale Festa Campanile, Mauro Bolognini, Giuseppe Ferrara, Giorgio Capitani e Ficarra e Picone.	2025-05-07 10:03:26.2029+00	\N	t	t	t	\N	\N	t
a7656243-6ec2-434d-a59c-31ad95119ec3	Ezio	Frigerio	\N	Considerato uno dei più grandi scenografi del Novecento, Ezio Frigerio nella sua carriera ha realizzato più di 300 spettacoli. Collaboratore di fiducia di grandi artisti, primo tra tutti Giorgio Strehler con cui ebbe un lungo sodalizio, ha trascorso la vita a disegnare e costruire imponenti squarci scenici e magnifiche stanze.	2025-05-07 10:08:22.210351+00	ezio-frigeri	t	t	t	\N	\N	t
8a8e18b5-8e54-4ea9-bb6f-064c1112b02e	Carmine	Guarino	\N	Dopo l’Accademia di Belle Arti di Napoli, dove ha studiato scenografia con Antonio Capuano, Carmine Guarino ha esordito sul set come suo aiuto in Luna Rossa, del 2001. Arredatore delle prime due stagioni di Gomorra la serie e scenografo della terza e quarta, nonché di tutti i film di Edoardo De Angelis, ha mosso i primi passi con Teatri Uniti e Paolo Sorrentino.	2025-05-07 10:11:14.562867+00	\N	t	t	t	\N	\N	t
a1517470-3e43-442e-a10c-7864d867535a	Cinzia	Lo Fazio	\N	Assistente di Luciano Ricceri dal 1980, Cinzia Lo Fazio è stata al fianco del grande scenografo per 20 anni, lavorando con lui a svariati film di Ettore Scola e spettacoli teatrali per la regia di Giuliano Montaldo. Tante le collaborazioni con professionisti come Mauro Carosi, Michael Hanan, Jannis Kounellis oltre a firmare come art director in importanti produzioni internazionali.	2025-05-07 10:12:37.086867+00	\N	t	t	t	\N	\N	t
730425a7-2d19-4806-978f-5d3b0a843b4b	Emanuele	Luzzati	\N	Illustratore, costumista e scenografo, Emanuele Luzzati è famoso per il suo grande talento e la sua creatività, riconosciuta e premiata a livello internazionale. Ha lasciato in eredità circa 500 scenografie per teatri di prosa, opera e danza, numerosi libri illustrati dedicati ai bambini, pannelli e arazzi realizzati anche con arredi urbani, navali e altri importanti cantieri.	2025-05-07 10:15:30.063957+00	\N	t	t	t	\N	\N	t
c6dfea37-37fd-4e59-885c-9bd79ea1d151	Francesco	Mari	\N	Dopo gli studi allo IED e i primi lavori con Alida Cappellini e Giovanni Licheri, Francesco Mari è stato l’arredatore al fianco di Emanuela Trixie Zitkowsky, del Grande Fratello nel 2007. Ha iniziato a collaborare per Extreme Maleover e ha lavorato a Masterchef. Nel 2021 ha curato lo studio di LOL: chi ride è fuori e della nuova edizione del reality show Celebrit Hunted: Caccia all’uomo.	2025-05-07 10:18:28.415188+00	\N	t	t	t	\N	\N	t
011c599b-976c-45cb-8255-cb7f8c4e085b	Emita	Frigato	\N	null	2025-05-07 10:04:53.129563+00	emita-frigato	t	t	t	\N	\N	t
11c15813-e8c6-4eed-9096-682722b82190	Mario	Garbuglia	\N	Tra i maggiori scenografi della seconda metà del Novecento, Mario Garbuglia ha esordito nel 1950, con Donne senza nome, diretto da Géravon Radványi. Negli anni, ha collaborato con registi come Luchino Visconti, Mario Monicelli, Luigi Zampa, Roger Vadim, dimostrando notevoli doti sia nella ricostruzione filologica di ambienti del passato sia nella realizzazione di spazi immaginari.	2025-05-07 10:09:35.701893+00	mario-garbuglia	t	t	t	\N	\N	t
1a4465b3-51f1-4313-a497-9d78266db8d5	Renato	Lori	\N	Scenografo, arredatore, regista di cortometraggi, Renato Lori si è formato all’Accademia di Belle Arti di Napoli, di cui oggi è diret-tore, e al laboratorio di scenografia del Teatro San Carlo. Ha lavorato per cinema, tv e soprattutto teatro, dove ha firmato le scenografie di oltre 70 spettacoli collaborando con registi come Mauro Bolognini, Tato Russo e Toni Servillo.	2025-05-07 10:14:09.946164+00	renato-lori	t	t	t	\N	\N	t
301b53ae-989a-4378-8c9e-1d5dbb3013af	Francesco	Frigeri	\N	Lo scenografo Francesco Frigeri è stato a lungo assistente di Mario Chiari, ricostruendo al suo fianco l’epoca napoleonica de La Certosa di Parma, nel 1982. Non ci resta che piangere, del 1984, di Massimo Troisi e Roberto Benigni, rappresenta il passaggio alla maturità professionale. Dal 2012 è docente del corso di scenografia del Centro Sperimentale di Cinematografia.	2025-05-07 10:06:38.225758+00	francesco-frigeri	t	t	t	\N	\N	t
46cc5732-7fdd-4557-a13e-9a21f0770bd0	Eugenia	Di Napoli	\N	Diplomata all’Accademia di Belle Arti di Roma, Eugenia Di Napoli negli anni ’90 ha lavorato in televisione collaborando con Tunnel e Pippo Chennedy Show. Ha firmato la scenografia di diversi film per la regia di Gabriele Muccino e di molti videoclip musicali e spot tv. Negli ultimi anni, all’attività di scenografa affianca quella di artista.	2025-05-07 09:44:44.368575+00	eugenia-di-napoli	t	t	t	\N	\N	t
ce80345a-1ccb-475d-a374-a9d0867e1cc2	Giancarlo	Muselli	\N	Architetto e scenografo, Giancarlo Muselli ha iniziato la sua attività come ricercatore e progettista e a partire dagli anni ’90 lavora come scenografo per il cinema e il teatro. Ha collaborato con diversi registi, in particolare con Mario Martone, per il quale ha firmato numerose scenografie cinematografiche fin dall’esordio nel 1991 con Morte di un matematico napoletano.	2025-05-07 10:22:09.7167+00	\N	t	t	t	\N	\N	t
797bdd63-496a-4e21-b694-c667fdc5c629	Lucia	Nigri	\N	Attiva come architetto e scenografo in ambito pubblico e privato, ha firmato numerosi progetti (Rai, Mediaset, Sky, TV2000, Cinecittà Spa) e dal 2003 al 2018 anche come Studio Tondoquadro. Docente di scenografia ai corsi ASC e al Centro Sperimentale di Cinematografia. Cultore della Materia e Professore all’Università La Sapienza, ha scritto 3 libri e numerosi articoli per riviste specializzate.	2025-05-07 10:23:31.393341+00	\N	t	t	t	\N	\N	t
6e9ca340-8937-415c-afb1-9713cdb8bdfa	Stefano Maria	Ortolani	\N	Durante gli studi di Architettura, Stefano Maria Ortolani ha iniziato a lavorare al fianco di Mario Garbuglia, di Visconti e Patroni Griffi. Ha lavorato soprattutto nel cinema americano collaborando tra gli altri con Anderson, Soderbergh, Abrams, Inarritu, Sofia Coppola. Ha firmato la scenografia di The Last Planet, di Terrence Malick.	2025-05-07 10:24:45.963517+00	\N	t	t	t	\N	\N	t
4d285fb0-41f1-4e6b-9486-86f441abde0f	Giuliano	Pannuti	\N	Dopo l’Accademia Albertina di Belle Arti di Torino e aver frequentato a Roma il Centro Sperimentale di Cinematografia, Giuliano Pannuti ha iniziato a lavorare su set prestigiosi, per registi come Lina Wertmüller, Ferzan Orpetek, Francesco Nuti e Terry Gilliam. Come scenografo, ha firmato film, tra gli altri, di Pupi Avati, Neri Parenti, Carlo Verdone e Mimmo Calopresti.	2025-05-07 10:27:05.967557+00	giuliano-pannuti	t	t	t	\N	\N	t
58a321db-1f89-4220-8cc1-a4116d071c42	Andrea	Simonetti	\N	Dopo i primi passi sui set di Fellini, come assistente scenografo di Piero Gherardi, Luciano Ricceri è stato assiduo collaboratore di\nEttore Scola e di Giuliano Montaldo, sia al cinema che a teatro. Ha lavorato per grandi serie tv come Odissea, Eneide, Marco Polo, Quo Vadis e Il commissario Montalbano.	2025-05-07 10:45:04.886764+00	andrea-simonetti	t	t	t	\N	\N	t
6d4af0b1-761b-4d66-afce-6335f40ada3d	Laura	Pozzaglio	\N	Dopo la Facoltà di Architettura del Politecnico di Milano e l’Accademia di Brera, Laura Pozzaglio ha iniziato a lavorare nello spet-tacolo, nel cinema e nella pubblicità. Da oltre 25 anni collabora, come production designer e art director, con i migliori registi e professionisti, italiani e internazionali.	2025-05-07 10:29:44.140548+00	\N	t	t	t	\N	\N	t
ac7f61ed-673f-4eeb-84cd-6aa690c0c39b	Francesca	Montinaro	\N	Artista visiva transmediale e scenografa dai mondi progettuali trasversali, Francesca Montinaro ha re-interpretato il ruolo della scenografia in tv; scenografa di grandi eventi celebrativi internazionali, ma anche autrice di opere d’arte esposte in venue nazionali e internazionali come la Galleria Nazionale di Roma, il Parlamento Italiano e ICA Dallas (USA).	2025-05-07 10:21:01.986094+00	francesca-montinaro	t	t	t	\N	\N	t
7c7d8e44-4dfc-4abb-8fed-3ea4e0caec5e	Ferdinando	Scarfiotti	\N	Scenografo teatrale e cinematografico, Ferdinando Scarfiotti è stato stretto collaboratore di registi come Luchino Visconti, con cui ha lavorato anche a teatro, lirico e di prosa, e Bernardo Bertolucci. Nel cinema ha conquistato fama internazionale lavorando con Paul Schrader e Billy Wilder e aggiudicandosi un Oscar nel 1988 per L’ultimo imperatore di Bertolucci.	2025-05-07 10:40:47.195368+00	\N	t	t	t	\N	\N	t
e2c7c3e2-117f-4ecf-aeb2-433d03d789ee	Enrico	Serafini	\N	Architetto, scenografo e costumista, Enrico Serafini alterna la sua attività nello spettacolo con interventi in architettura e arredamento d’interni. Ha lavorato come scenografo in molti film e serie televisive, collaborando con registe come Roberta Torre e Cinzia TH Torrini e registi come Francesco Nuti e Vittorio Sindoni, anche come costumista.	2025-05-07 10:42:11.79325+00	\N	t	t	t	\N	\N	t
951e7a1d-ea87-434c-8f3e-65dae8662c8e	Luca	Servino	\N	n	2025-05-07 10:43:50.697684+00	\N	t	t	t	\N	\N	t
d96d2444-78d9-4eb1-8f2d-f74f9de86b9c	Luca	Tranchino	\N	Scenografo e art director, Luca Tranchino ha lavorato per film e serie tv al fianco di scenografi, come Dante Ferretti, Wolf Croc-ger, Laurence Bennett e registi, come Martin Scorsese, Woody Allen, Antony Minghella, Paul Haggis, Lasse Hallström. Nel 2016 ha disegnato le scenografie per la serie tv Prison Break e nel 2020 per la serie storica Domina.	2025-05-07 10:46:25.492281+00	\N	t	t	t	\N	\N	t
ecfc105d-412a-4259-b959-4e0daf7fc997	Alessandro	Vannucci	\N	Dopo tanto teatro, come assistente di Uberto Bertacca, Alessandro Vannucci è passato al cinema come aluto di Davide Bassan. Ha collaborato con registi come Ken Loach, Abbas Kiarostami, Jan Sardi, Francesca Archibugi, Antonello Grimaldi, Susanna Nicchiarelli, Rolando Ravello, Sidney Sibillia, Gipi, Matteo Rovere, Paolo Virzi.	2025-05-07 10:48:06.994681+00	\N	t	t	t	\N	\N	t
148fa7f9-ded7-4de6-88e3-09cb6f7ec087	Elena	Ricci Poccetto	\N	Pioniera delle scenografe nostrane, Elena Ricci è da tutti conosciuta come la “Poccetto” soprannome toscano come la sua famiglia d’origine. Nella sua carriera, ha firmato la scenografia di film, pubblicità e spettacoli teatrali.	2025-05-07 10:28:32.795354+00	elena-ricci poccetto	t	t	t	\N	\N	t
14bdfa47-af12-4bf3-8793-3fc2edc55510	Luciano	Ricceri	\N	Dopo i primi passi sui set di Fellini, come assistente scenografo di Piero Gherardi, Luciano Ricceri è stato assiduo collaboratore di\nEttore Scola e di Giuliano Montaldo, sia al cinema che a teatro. Ha lavorato per grandi serie tv come Odissea, Eneide, Marco Polo, Quo Vadis e Il commissario Montalbano.	2025-05-07 10:37:19.626005+00	luciano-ricceri	t	t	t	\N	\N	t
206b38cb-6b80-4c70-816a-f392a2d009a1	Nicola	Rubertelli	\N	Attivo dagli anni ’60 per l’allestimento di scenografie sia in ambito teatrale sia in ambito televisivo, Nicola Rubertelli è stato per quasi 20 anni direttore degli allestimenti scenici del Teatro di San Carlo di Napoli. Negli anni 2000 è stato consulente di scenotecnica per progetti di ristrutturazione di edifici teatrali.	2025-05-07 10:38:24.804447+00	nicola-rubertelli	t	t	t	\N	\N	t
24fb73ed-b475-41b5-89d0-7899369fe5e2	Jean	Rabasse	\N	Scenografo parigino, Jean Rabasse ha lavorato in vari campi, creando scenografie per film e progettando balletti, opere e produzioni circensi. Nel 1992 ha realizzato le scenografie per la cerimonia di apertura dei Giochi Olimpici di Albertville. Ha vinto due Cé-sar, per La città perduta e per Vatel.	2025-05-07 10:31:24.783601+00	jean-rabasse	t	t	t	\N	\N	t
257a67c1-8a23-4483-b476-d5db5a79757f	Pierluigi	Samaritani	\N	Iniziata la camriera giovanissimo, Pierluigi Samaritani ha lavorato accanto ad alcuni dei più grandi nomi del teatro, dell’opera e del balletto, come Lila de Nobili, Gian Carlo Menotti, Franco Zeffirelli e Rudol’f Nureev. Ha collaborato a lungo con il Festival dei due Mondi e a Spoleto è stato indetto un premio a suo nome, per la miglior scenografia della stagione lirica.	2025-05-07 10:39:42.221194+00	pierluigi-samaritani	t	t	t	\N	\N	t
402aa7a7-cdbe-4878-bfb4-de4d880db139	Carlo	Rescigno	\N	Dopo l’Accademia di Belle Arti a Napoli, Carlo Rescigno conosce al Centro Sperimentale di Cinematografia i suoi maestri Vincenzo Del Prato, Piero Tosi e Andrea Crisanti, con cui collabora per 20 anni. Ha lavorato con registi come Francesco Rosi, Pasquale Squitieri, Sergio Citti, Ferzan Ozpetek, Pappi Corsicato e Mario Martone. Dal 20 1 2 collabora con Francesco Frigeri.	2025-05-07 10:34:33.095925+00	carlo-rescigno	t	t	t	\N	\N	t
884f4810-1137-428e-be1f-83aaa4bb4ef7	Patrice	Vermette	\N	Scenografo e art director canadese, Patrice Vermette è un assiduo collaboratore dei due registi Jean-Mare Vallée e di Denis Ville-neuve, con cui ha vinto un Oscar per la miglior scenografia di Dune, 2022. Tra i suoi lavori, i film 1981, La Cité, Café de Flore e The Young Victoria.	2025-05-07 10:50:02.180728+00	\N	t	t	t	\N	\N	t
ba66c463-3d73-44d6-bb2f-e4b0d4b977bc	Laura	Casalini	\N	Assistente scenografa dal 1981, Laura Casalini ha iniziato la sua camera come arredatrice nel 1994. Ha collaborato, tra gli altri, con Lorenzo Baraldi, Andrea Crisanti e Marco Dentici. Tra i tanti film, Il postino di Radford, Habemus Papam di Nanni Moretti, Vincere di Marco Bellocchio, The Young Pope di Paolo Sorrentino e Capri-Revolution di Mario Martone.	2025-05-07 11:07:57.54078+00	\N	t	t	t	\N	\N	t
c6959b69-4763-4aa8-8487-5d45171c9e99	Ezio	Di Monte	\N	Tra i più importanti arredatori del cinema italiano, Ezio Di Monte, dopo l’impegno nel mondo delle pubblicità, ha esordito al cinema nel 1968, ne I due crociati diretto da Giuseppe Orlandini con la scenografia di Andrea Crisanti. Collaboratore assiduo di Ettore Scola e Luciano Ricceri, ha lavorato anche con grandi registi come Rossellini, Leone, Monicelli e Montaldo.	2025-05-07 11:09:19.814252+00	\N	t	t	t	\N	\N	t
800b3e5a-5b25-46df-a2ce-a8a2b3d1579b	Raffaella	Giovannetti	\N	Arredatrice cinematografica, Raffaella Giovannetti ha collaborato con scenografi di fama internazionale come Dante Ferretti, con\ncui ha dato vita alle ambientazioni di pellicole di grande successo. Assistente di Francesca Lo Schiavo ha partecipato a Gangs of New York di Martin Scorsese. Nel 2013, ha lavorato con Maurizio Sabatini a La migliore offerta.	2025-05-07 11:10:29.106247+00	\N	t	t	t	\N	\N	t
a127e25f-87f1-4169-aafb-8559d91c0dd1	Cristiana	Possenti	\N	Già a lavoro a 21 anni mentre frequenta l’Accademia di Belle Arti di Roma, Cristiana Possenti è scenografa e arredatrice di film ita­liani e stranieri selezionati in diversi festival, tra cui Cannes e Venezia, Ha collaborato tra gli altri con Lizzani, Gregoretti, Maselli, Vanzina, CiprL Docente di arredamento presso la Scuola di Cinematografia Gian Maria Volontè.	2025-05-07 11:12:43.956026+00	\N	t	t	t	\N	\N	t
d379c2b0-678a-4877-aab4-6d71432118fd	Alessandra	Querzola	\N	Nata a Trieste, Alessandra Querzola ha studiato presso l’Istituto Statale D’Arte per la Decorazione della nave e degli interni Enrico ed Umberto Nordio della sua città e all’Accademia di Belle Arti di Venezia. Nei primi anni ’90 inizia a lavorare in produzioni internazionali in Italia e all’estero avendo l’opportunità di dedicarsi in modo specifico all’arredamento, firmando circa 36 film come set decorator. Nel 2018 è nominata all’Oscar per il film Blade Runner 2049 e per lo stesso film oltre al Bafta Film Award ha avuto altri 11 riconoscimenti.	2025-05-07 11:14:02.923153+00	\N	t	t	t	\N	\N	t
cfab5dc7-6ca4-4a3b-b9d2-01d4df31d7af	Gaia	Zambelli	\N	Arredatrice, scenografa, art director e buyer, Gaia Zam belli ha lavorato con registi italiani e stranieri, come Giuseppe Tornatore, Alejandro Amenábar, Ferzan Ozpetek, Paolo Sorrentino, Valeria Golino. Nella sua carriera ha collaborato in serie internazionali di grande successo come ZeroZeroZero, Romulus e Vikings.	2025-05-07 11:16:22.374867+00	\N	t	t	t	\N	\N	t
a1ab3d13-5e14-4711-bc62-34a424d1913f	Hugo	De Ana	\N	n	2025-05-07 11:21:57.67219+00	\N	t	t	t	\N	\N	t
0ca0527b-ee4b-46ac-9b85-269c32e2c2b0	Tonino	Zera	\N	Laureato in Architettura, Tonino Zera muove i primi passi nel cinema corne assistente di Elio Balletti. Esordisce come scenografo per il film Condominio.Negli anni ha collaborato con i maggiori registi italiani, come i fratelli Vanzina, Tornatore, Vizl, Muccino e Cavani e con registi internazionali, come Lee, Mendes e Hopper.	2025-05-07 10:56:56.563414+00	tonino-zera	t	t	t	\N	\N	t
10590ca0-6c7f-469e-a6f8-9a7a885227f0	Alessandro	Ciammarughi	\N	Allievo di Pier Luigi Samaritani, lo scenografo e costumista Alessandro Ciammarughi ha lavorato per anni con celebri registi come Menotti, Fassini e Cobelli. Ha debuttato disegnando i costumi per Il Naso di Sostakovic al Festival dei due Mondi nel 1995. Assidue le sue collaborazioni con Stefano Vizioli, Jun Aguni e Andrea De Rosa.	2025-05-07 11:21:12.243595+00	alessandro-ciammarughi	t	t	t	\N	\N	t
121f5bc4-9a85-4e94-95e5-34a7df7c47a4	Inbal	Weinberg 	\N	Nata in Israele e residente a New York, Inbal Weinberg si è laureata alla Tisch School of the Arts della NYU nel 2003. Ha firmato la scenografia di film come Suspiria di Luca Guadagnino, Tre manifesti a Ebbing, Missouri, di Martin McDonagh e La figlia oscura di Maggie Gyllenhaal. E co-fondatrice del Production Designers Collective.	2025-05-07 10:51:56.114124+00	inbal-weinberg	t	t	t	\N	\N	t
12a36ae2-9d53-49cd-9c00-c5bec74d81ed	Emanuela Trixie	Zitkowsky	\N	Laureata in Scenografia all’Accademia di Belle Arti di Roma, Emanuela Trixie Zitkowsky cura sin dal 2000 le scenografie delle case del Grande fratello e in seguito anche per la versione VIP. Ha lavorato con importanti trasmissioni tv anche per la Rai, per due edizioni del Festival di Sanremo e per Superquark.	2025-05-07 10:58:18.250444+00	emanuela trixie-zitkowsky	t	t	t	\N	\N	t
15c81d8f-a7e1-444f-90ae-51a8d8e5b0c3	Giancarlo	Bartolini Salimbeni 	\N	Nato a Firenze, Giancarlo Bartolini Salimbeni ha accompagnato alla passione per il disegno e la pittura una lunga carriera come illustratore nell’editoria per ragazzi e poi come scenografo e costumista per il teatro lirico, il cinema e la televisione.	2025-05-07 11:19:42.198178+00	giancarlo-bartolini salimbeni	t	t	t	\N	\N	t
187c20b4-9d40-4fee-9c4f-887b95267d91	Bruno	Amalfitano	\N	Scenografo e arredatore, Bruno Amalfitano ha iniziato la carriera come assistente di Piero Gherardi, Giantito Burchiellaro e Danilo Donati. E’ stato anche arredatore per film come Il mondo nuovo di Ettore Scola, Il giovane Mussolini di Gianluigi Calderone, Il mostro di Roberto Benigni e per la miniserie Fine secolo di Gianni Lepre.	2025-05-07 11:06:23.861016+00	bruno-amalfitano	t	t	t	\N	\N	t
2c2df7ab-6e84-4c0e-a79a-9017fd42b741	Franco	Zeffirelli	\N	Regista, sceneggiatore e scenografo, Franco Zeffirelli ha esordito come scenografo in Troilo e Cressida per la regia di Luchino Visconti. Innumerevoli sono le sue produzioni operistiche nei maggiori teatri del mondo. Nel cinema ha legato il suo nome a successi come La bisbetica domata, Romeo e Giulietta, Fratello Sole e Sorella Luna e Storia di una Capinera.	2025-05-07 10:54:49.602584+00	franco-zeffirelli	t	t	t	\N	\N	t
2e2a927d-2762-45a8-8966-b811092d6c2b	Francesca	Lo Schiavo	\N	Dopo il debutto nel 1981 nei film La pelle di Liliana Cavani e Storie di ordinaria follia di Marco Ferreri, Francesca Lo Schiavo ha vinto tre Oscar (su sette candidature conquistate), per The Aviator di Martin Scorsese, Sweeney Todd di Tim Burton e per Hugo Cabret sempre di Scorsese insieme a Dante Ferretti, del quale è collaboratrice fissa.	2025-05-07 11:11:41.160649+00	Francesca-lo-schiavo	t	t	t	\N	\N	t
5d62567f-ba58-4224-8b18-0658ea9a2bbc	Titina	Rota	\N	n	2025-05-07 11:32:45.216106+00	titina-rota	t	t	t	\N	\N	t
a60bfbc9-ad41-4da4-bcb8-79276d2fd1f3	Stefano	Poda	\N	Regista teatrale, scenografo, coreografo, costumista e light-designer, Stefano Poda dal 1994 ha realizzato più di 100 spettacoli in\ntutto il mondo, fra i quali numerose coproduzioni presso le maggiori case d’opera internazionali. Il suo approccio si fonda su\nun’impronta visionarla, in bilico tra immagini antiche e arte contemporanea.	2025-05-07 11:31:39.69317+00	stefano-poda	t	t	t	\N	\N	t
8432417a-5fbf-4242-9504-6e8c4d4f2885	Enrico	Job	\N	Artista poliedrico, capace di spaziare dalla pittura alla scultura, fino alla regia e alla scrittura, Enrico Job è stato compagno di lavoro e di vita di Lina Wertmüller. All’Accademia di Brera, è stato allievo di Luciano Damiani, che lo ha introdotto alla Scala e al Piccolo di Milano. Nel corso della sua lunga carriera ha lavorato, tra gli altri, con Luca Ronconi, Francesco Rosi e Mario Missiroli.	2025-05-07 11:26:00.35266+00	\N	t	t	t	\N	\N	t
e693e8de-7b11-4726-aa10-9e3e0fd5a365	Pierluigi	Pizzi	\N	Scenografo, regista e costumista, Pier Luigi Pizzi è presente dal 1951 nei più importanti teatri e festival del mondo. Lungo il suo sodalizio con Giorgio De Lullo e la Compagnia dei giovani e la collaborazione con Luca Ronconi. Nel cinema, ha collaborato fra gli altri con Mauro Bolognini, Giuliano Montaldo, Vittorio De Sica e Federico Fellini.	2025-05-07 11:28:07.279515+00	\N	t	t	t	\N	\N	t
f0cbfac9-2b88-4a1e-a593-7389903f5687	Stefano	Poda	\N	Regista teatrale, scenografo, coreografo, costumista e light-designer, Stefano Poda dal 1994 ha realizzato più di 100 spettacoli in\ntutto il mondo, fra i quali numerose coproduzioni presso le maggiori case d’opera internazionali. Il suo approccio si fonda su\nun’impronta visionarla, in bilico tra immagini antiche e arte contemporanea.	2025-05-07 11:30:39.554625+00	\N	t	t	t	\N	\N	t
712874e7-941b-4463-b2b8-ff7e6846d7e3	Mischa	Scandella	\N	Scenografo e costumista veneziano Mario Scandella, detto Mischa dal 1946 in poi, ha lavorato con i maggiori registi dell’epoca e\nal allestimento di opere di tantissimi autori, controntandosi anche con un repertorio strettamente contemporaneo. Passando al\nteatro musicale della lirica e della danza, ha prodotto scene per i maggiori enti lirici italiani.	2025-05-07 11:36:59.546359+00	\N	t	t	t	\N	\N	t
ef7ae058-49f8-4f2d-9b35-f24c020a2562	Academy Museum of Motion Pictures	Academy Museum of Motion Pictures	\N	Inaugurato il 30 settembre 2021, l’Academy Museum of Motion Pictures è stato progettato da Renzo Piano, in collaborazione con Gensler e SPF, che si è occupato del restauro dell’ex edificio May Company costruito nel 1938. I quattro piani sono nati per celebrare il cinema, la sua storla e i suoi protagonisti.	2025-05-07 11:40:26.646481+00	\N	t	t	t	\N	\N	t
bc2011b5-9c30-460e-9016-3b42cc3ff21e	Fondazione Giorgio	Cini onlus	\N	La Fondazione Giorgio Cini viene istituita il 20 aprile 1951 per iniziativa di Vittorio Cini, in memoria del figlio Giorgio, con lo scopo di promuovere il ripristino del complesso monumentale dell’Isola di San Giorgio Maggiore – disegnato, tra gli altri, da Palladio e Longhena – gravemente degradata dopo quasi centocinquanta anni di occupazione militare e di reinserirla nella vita di Venezia per farne un centro internazionale di attività culturali, di ricerca e di incontri di grande rilievo.	2025-05-07 11:52:49.096829+00	\N	t	t	t	\N	\N	t
1dcd6162-ad9b-4405-96fc-199c442c79a9	Padiglioni	Italia	\N	Dopo il Padiglione Italia realizzato a Shanghai, nel 2010, è sempre allo scenografo Giancarlo Basiliche è toccato l’allestimento del Padiglione Zero a Expo Milano, nel 2015. Nel 2020, invece, il progetto del Padiglione Italia per l’Esposizione Universale a Dubai è toccato agli architetti Carlo Ratti, Italo Rota, Matteo Gatto e a F&M Ingegneria.	2025-05-07 11:42:28.736188+00	padiglioni-italia	t	t	t	\N	\N	t
2173c999-dae8-4476-af9f-16528f7e7942	Pierluigi	Pizzi	\N	Scenografo, regista e costumista, Pier Luigi Pizzi è presente dal 1951 nei più importanti teatri e festival del mondo. Lungo il suo sodalizio con Giorgio De Lullo e la Compagnia dei giovani e la collaborazione con Luca Ronconi. Nel cinema, ha collaborato fra gli altri con Mauro Bolognini, Giuliano Montaldo, Vittorio De Sica e Federico Fellini.	2025-05-07 11:29:40.785168+00	pierluigi-pizzi	t	t	t	\N	\N	t
284cdd1d-f818-48a7-ad61-70daa82c813b	Bruno	Garofalo	\N	Regista, scenografo e costumista, Bruno Garofalo dal 1968 ha realizzato per Eduardo De Filippo scene e costumi per 14 allestimenti. Nell’arco della sua carriera lavorato tra gli altri con il Teatro alla Scala, il San Carlo, il Festival dei Due Mondi e il Teatro Stabile di Roma per il quale è stato direttore degli allestimenti dal 78 all’80.	2025-05-07 11:24:37.42432+00	bruno-garofalo	t	t	t	\N	\N	t
397b2612-5f21-4fb0-9075-a2c9e1013ee9	Gigi Proietti 	Globe Theatre Silvano Toti	\N	Inaugurato nel 2003, il Silvano Toti Globe Theatre, dal 2020 dedicato a Gigi Proietti che ne è stato ideatore e direttore artistico, è un teatro elisabettano nel cuore di Villa Borghese. E uno spazio che, grazie alle particolari caratteristiche architettoniche e all’essenzialità delle scene, rappresenta la sede ideale delle opere del teatro rinascimentale inglese.	2025-05-07 11:45:20.144076+00	gigi-proietti-globe-theatre-silvano-toti	t	t	t	\N	\N	t
3c3f8bc3-9bf1-437d-98f0-e2055c66b2ff	Sfilate	Moda	\N	Scenografi e Art Director prestati alla moda, commistioni tra set e passerelle, sfilate che fanno del set design uno dei punti di forza: è così per Chanel da quando nel 2005 Karl Lagerfeld ha iniziato a presentare le sue collezioni al Grand Palais di Parigi. E così per Dior, da quando alla guida c’è Maria Grazia Chiuri. Ed è così per Alessandro Michele, talentuoso direttore creativo di Gucci.	2025-05-07 11:47:26.628753+00	sfilate-moda	t	t	t	\N	\N	t
43c4e957-0e81-4442-95aa-d11687b63a5f	Tir, il Teatro	in Rivoluzione		Nell’estate del 2020, Davide Livermore ha dato vita a TIR, il Teatro in Rivoluzione del Teatro Nazionale di Genova in collaborazione con la Fondazione Teatro Carlo Felice: un camion-opera su cui il regista ha messo in scena Bastiano e Bastiana, di Mozart. Tanti gli illustri precedenti, come la Barraca di Federico Garcla Lorca e il Camion di Carlo Quartucci.	2025-05-07 11:49:47.197802+00	tir-il-teatro-in-rivoluzione	t	t	t	\N	\N	t
93067812-f0c3-43b2-a9df-f758ef986f75	Academy Museum 	of Motion Pictures 	\N	Inaugurato il 30 settembre 2021, l’Academy Museum of Motion Pictures è stato progettato da Renzo Piano, in collaborazione con Gensler e SPF, che si è occupato del restauro dell’ex edificio May Company costruito nel 1938. I quattro piani sono nati per celebrare il cinema, la sua storla e i suoi protagonisti.	2025-05-07 11:41:17.363162+00	academy-museum-of-motion-pictures 	t	t	t	\N	\N	t
64da3dba-08f4-43ab-9a31-fc6bdd998003	Catherine 	Buyse	\N	Dopo l’Accademia di Belle Arti di Anversa, Catherine Buyse ha completato gli studi in fashion design presso l’Istituto Marangoni di Milano. Dopo 12 anni nel mondo della moda, è seguito l’impegno come costumista a teatro, al cinema e per serie tv, in diverse produzioni nazionali e internazionali.	2025-05-07 12:12:46.141775+00	catherine-buyse	t	t	t	\N	\N	t
b707f894-49cc-4d9c-8955-85217d3ae0d5	Silvia	Aymonino	\N	Iniziata la carriera giovanissima presso la Sartoria Tirelli, Silvia Aymonino è stata per anni assistente di Hugo DeAna. Dal 1996 fir­ma i costumi per l’opera e per la prosa collaborando con i più vari teatri, nazionali e internazionali. È stata anche Costume e/o War­drobe Supervisor. in varie cerimonie olimpiche e per l’Universiade a Napoli.	2025-05-07 12:00:24.304152+00	\N	t	t	t	\N	\N	t
b68305cb-8d84-44cc-8f7f-6d1a2cf26f6a	Sabrina	Beretta	\N	Mossi i primi passi come costumista teatrale durante gli anni universitari, dopo la laurea in Storia del Costume all’Università di Bo­logna, Sabrina Beretta ha continuato a lavorare per il teatro e poi in televisione e al cinema. Tra una produzione e l’altra è anche per­sonal stylist di alcune celebrità del cinema italiano.	2025-05-07 12:04:23.70769+00	\N	t	t	t	\N	\N	t
d6f9e026-27e4-4583-830d-1e6cad651bc4	Catherine 	Buyse	\N	Dopo l’Accademia di Belle Arti di Anversa, Catherine Buyse ha completato gli studi in fashion design presso l’Istituto Marangoni di Milano. Dopo 12 anni nel mondo della moda, è seguito l’impegno come costumista a teatro, al cinema e per serie tv, in diverse produzioni nazionali e internazionali.	2025-05-07 12:10:23.606818+00	\N	t	t	t	\N	\N	t
f17b4b07-c5ab-4767-84fc-bf3446ac5208	Giovanna	Buzzi	\N	Dopo il Laboratorio di Prato con Luca Ronconi e gli anni alla Sartoria Tirelli, Giovanna Buzzi è stata a lungo assistente di Pier Luigi Pizzi. Al lavoro per i costumi teatrali ha alternato quello per i grandi eventi, come la Cerimonia di Chiusura dei Giochi Olimpici Invernali di Torino o la Féte des Vignerons 2019.	2025-05-07 12:14:18.784047+00	\N	t	t	t	\N	\N	t
c718343d-f405-4ec3-ac1f-02b639e82ba5	Giovanna	Buzzi	\N	Dopo il Laboratorio di Prato con Luca Ronconi e gli anni alla Sartoria Tirelli, Giovanna Buzzi è stata a lungo assistente di Pier Luigi Pizzi. Al lavoro per i costumi teatrali ha alternato quello per i grandi eventi, come la Cerimonia di Chiusura dei Giochi Olimpici Invernali di Torino o la Féte des Vignerons 2019.	2025-05-07 12:16:06.253004+00	\N	t	t	t	\N	\N	t
f778f1d4-4f76-4623-940e-7ed70b336de4	Isabelle	Caillaud	\N	Formata nelle più importanti scuole di moda europee, a Londra, Milano e Roma, lsabelle Caillaud ha approfondito, in particolare, lo studio del tessuto. Fashion stylist e costume designer, lavora a Roma, a Milano e nel mondo, come costumista cinematografica e teatrale e come personal stylist.	2025-05-07 12:25:32.803411+00	\N	t	t	t	\N	\N	t
9ac829fe-0df0-4bbb-9380-7449d06be162	Isabelle	Caillaud	\N	Formata nelle più importanti scuole di moda europee, a Londra, Milano e Roma, lsabelle Caillaud ha approfondito, in particolare, lo studio del tessuto. Fashion stylist e costume designer, lavora a Roma, a Milano e nel mondo, come costumista cinematografica e teatrale e come personal stylist.	2025-05-07 12:26:42.402149+00	\N	t	t	t	\N	\N	t
c5166779-cf03-4019-98f8-7ff193da4577	Milena	Canonero	\N	Considerata una delle artefici del successo della cultura figurativa italiana a Hollywood, Milena Canonero è celebre per il gusto iperrealista e le magnifiche macchine sartoriali sin dal suo esordio come costumista nel 1971, in Arancia meccanica, di Stanley Ku­brick. Per il teatro, ha disegnato i costumi, e talvolta anche le scene, di numerose opere liriche.	2025-05-07 12:28:14.151842+00	\N	t	t	t	\N	\N	t
734e8f29-ef3d-4f94-b7a2-5d8bbfb58701	Milena	Canonero	\N	Considerata una delle artefici del successo della cultura figurativa italiana a Hollywood, Milena Canonero è celebre per il gusto iperrealista e le magnifiche macchine sartoriali sin dal suo esordio come costumista nel 1971, in Arancia meccanica, di Stanley Ku­brick. Per il teatro, ha disegnato i costumi, e talvolta anche le scene, di numerose opere liriche.	2025-05-07 12:31:26.059174+00	\N	t	t	t	\N	\N	t
01fcd915-c0e6-489b-b11d-621155f759c7	Margherita	Palli	\N	Legata da un sodalizio trentennale con Luca Ronconi, Margherita Palli ha lavorato in svariati teatri in Italia e nel mondo. Con Ronconi e l’architetto Italo Rota ha realizzato anche allestimenti e mostre d’arte. Ha progettato scenografie anche per registi come\nBarzini, Branciaroli, Martone, Sokurov e per i coreografi Yang Jiang e Daniel Ezralos.	2025-05-07 10:25:57.544868+00	margherita-palli	t	t	t	\N	\N	t
03da0a1b-aed8-4f4a-8048-da53fce7d0e8	Giorgio	Armani	\N	Stilista, fondatore dell’azienda omonima, Giorgio Armani dal 1980 ha disegnato i costumi di scena per diversi attori e attrici, a cominciare da Richard Gere per il film American Gigolò. Nel 1999 ha prodotto il documentario di Martin Scorsese sul cinema italiano Il mio viaggio in Italia. Armani è uno dei brand più amati anche per i red carpet.	2025-05-07 11:59:10.20114+00	giorgio-armani	t	t	t	\N	\N	t
07640c08-5cf7-44dc-ae2f-5720178a43b3	Massimo	Cantini Parrini	\N	Dopo la laurea all’Università degli studi di Firenze e il Centro Sperimentale di Cinematografia dove diviene allievo di Piero Tosi, Massimo Cantini Parrini entra alla Sartoria Tirelli e diviene assistente di Gabriella Pescucci. Ha lavorato tra gli altri, con Matteo Garrone, i fratelli D’Innocenzo, Susanna Nicchiarelli e Joe Wright.	2025-05-07 12:33:06.6042+00	massimo-cantini parrini	t	t	t	\N	\N	t
09074f82-5c99-47dc-8d9e-eb680102b0d5	Noemi	Marchica	\N	Aiuto scenografa nella seconda e terza stagione della serie tv L’ispettore Coliandro, Noemi Marchica ha iniziato a firmare come scenografa in molti video musicali e in due stagioni di Rer. Collabora con i Manetti Bros dal 2011, per L’arrivo di Wang, fino al primo capitolo di Diabolik. Ha firmato le scene della serie tv Prisma.	2025-05-07 10:16:49.544754+00	noemi-marchica	t	t	t	\N	\N	t
11d6e68e-d397-4c8f-a0a8-ddf9a8ffc3f0	Paolo	Bonfini	\N	Scenografo di riferimento dei primi 4 film di Matteo Garrone, da Estate romana a Reality, Paolo Bonfini tra i tanti lavori ha collaborato con Emanuele Crialese, ha affrontato la ricostruzione storica con Paolo Benvenuti, nel film Segreti di Stato, e alla ricerca di nuove strade di sperimentazione scenografica ha lavorato a La terra dell’abbastanza dei fratelli D’Innocenzo.	2025-05-07 09:17:54.344745+00	paolo-bonfini	t	t	t	\N	\N	t
33922465-ab8e-46ed-81e4-75552b443bf2	Giovanna	Buzzi	\N	Dopo il Laboratorio di Prato con Luca Ronconi e gli anni alla Sartoria Tirelli, Giovanna Buzzi è stata a lungo assistente di Pier Luigi Pizzi. Al lavoro per i costumi teatrali ha alternato quello per i grandi eventi, come la Cerimonia di Chiusura dei Giochi Olimpici Invernali di Torino o la Féte des Vignerons 2019.	2025-05-07 12:21:28.055109+00	giovanna-buzzi	t	t	t	\N	\N	t
15b708f0-46b0-41aa-9ba7-e82a7690f5b6	Mischa	Scandella	\N	Scenografo e costumista veneziano Mario Scandella, detto Mischa dal 1946 in poi, ha lavorato con i maggiori registi dell’epoca e\nal allestimento di opere di tantissimi autori, controntandosi anche con un repertorio strettamente contemporaneo. Passando al\nteatro musicale della lirica e della danza, ha prodotto scene per i maggiori enti lirici italiani.	2025-05-07 11:37:47.368727+00	mischa-scandella	t	t	t	\N	\N	t
88ab75b6-a649-4941-abad-db9bb9115249	Premio	Oscar	https://zlntcwuxekavvhzqhbxz.supabase.co/storage/v1/object/public/assets/images/Foto%20Professionisti/I%20Premi/Premio%20Oscar/Premio_Oscar.jpg	L'Academy Award, conosciuto anche come premio Oscar o semplicemente Oscar, è il premio cinematografico più prestigioso e antico al mondo.\\n\\nGLI OSCAR ITALIANI \\n\\nSCENOGRAFI/PRODUCTION DESIGNERS\\nGianni Quaranta per Camera con vista (1987)\\nFerdinando Scarfiotti, Bruno Cesari per L'ultimo imperatore (1988)\\nLuciana Arrighi per Casa Howard (1993)\\nDante Ferretti per Gangs of New York (2005)\\nDante Ferretti per Sweeney Todd - Il diabolico barbiere di\\nFleet Street (2008)\\nDante Ferretti per Hugo Cabret (2012)\\n\\nARREDATORI/SET DECORATORS\\nElio Altamura per Camera con vista (1987)\\nOsvaldo Desideri per L'ultimo imperatore (1988)\\nFrancesca Lo Schiavo per Gangs of New York (2005)\\nFrancesca Lo Schiavo per Sweeney Todd - Il diabolico barbiere di Fleet Street (2008)\\nFrancesca Lo Schiavo per Hugo Cabret (2012)\\n\\nCOSTUMISTI/COSTUME DESIGNERS\\nPiero Gherardi per La dolce vita (1962)\\nPiero Gherardi per 8½ (1964)\\nVittorio Nino Novarese per Cleopatra (1964)\\nDanilo Donati per Romeo e Giulietta (1969)\\nVittorio Nino Novarese per Cromwell (1971)\\nMilena Canonero per Barry Lyndon (1976)\\nDanilo Donati per Il Casanova di Federico Fellini (1977)\\nMilena Canonero per Momenti di gloria (1982)\\nFranca Squarciapino per Cyrano de Bergerac (1991)\\nGabriella Pescucci per L'età dell'innocenza (1994)\\nMilena Canonero per Marie Antoinette (2007)\\nPiero Tosi, Oscar onorario (2014)\\nMilena Canonero per Grand Budapest Hotel (2015)	2024-06-07 08:40:24.897087+00	premio-oscar	t	t	t	\N	\N	t
22ac1931-e425-459f-aa84-3aa3591802e6	Fondazione	Zeffirelli	\N	La Collezione Zeffirelli ospita oltre 300 opere del Maestro Zeffirelli tra bozzetti di scena, disegni e figurini di costumi.\nIl percorso espositivo si snoda cronologicamente attraverso il Teatro di prosa, l’Opera in musica e il Cinema.	2025-05-07 11:57:46.055467+00	fondazione-zeffirelli	t	t	t	\N	\N	t
aa7df1bc-350d-4fd9-a90d-040ac3581feb	Tiziana	Amicuzi	\N	Artista poliedrica, laureata in Architettura, Tiziana Amicuzi è da sempre interessata ai rapporti tra new media, cinema e televisione. Esperta di nuove tecnologie per lo spettacolo, progetta installazioni immersive e ambienti interattivi per aree museali e spettacoli dal vivo.\nOltre ad aver partecipato ad alcune produzioni internazionali, ha firmato scenografie per fashion film e web series, l’arredamento del Grande Fratello Vip 7 e Grande Fratello VIP/NIP 8. E’ autrice e progettista di percorsi ludico partecipativi e installazioni in ambito pubblico e sociale. Ideatrice di EDASC, l’enciclopedia digitale dei mestieri del cinema e dello spettacolo, presentata all’Italian Pavilion della 81 Biennale di Cinema di Venezia, è membro del Direttivo dell’ASC Associazione Italiana Scenografi Costumisti Arredatori.	2025-05-07 08:30:46.332764+00	tiziana-amicuzi	t	t	t	\N	\N	t
452a2365-a272-4885-873b-c60fa134c9a7	Fondazione	Gramsci	\N	a Fondazione Gramsci è nata nel 1950 con l’obiettivo di raccogliere documenti sulla biografia di Antonio Gramsci e dare impulso alle ricerche sulla storia del movimento operaio. Nel 1954 ha assunto il nome di Istituto Gramsci. È stata il principale organo culturale e di ricerca del Partito comunista italiano con sezioni di lavoro dedicate a storia, filosofia, economia, pedagogia, diritto e, in seguito, medicina sociale, ecologia, bioetica. Nel 1982 è divenuta Fondazione Istituto Gramsci ed è ritornata alla sua denominazione originaria nel 2016.	2025-05-07 11:55:41.066176+00	fondazione-gramsci	t	t	t	\N	\N	t
\.


--
-- Data for Name: bibliography; Type: TABLE DATA; Schema: public; Owner: postgres
--

COPY public.bibliography (id, title, description, created_at) FROM stdin;
\.


--
-- Data for Name: cinematic_works; Type: TABLE DATA; Schema: public; Owner: postgres
--

COPY public.cinematic_works (title, year, description, created_at, id) FROM stdin;
Godzilla	2004	Made by me	2024-04-03 15:00:29.892745+00	7a34c6ba-7ae7-4c1d-a489-b585a750d1ce
Bellissima	1951	Regia di Luchino Visconti	2024-06-01 17:00:35.188452+00	9d1a1b1b-7372-4bb6-8045-6b76557899ec
Amore Selvaggio	1953	Regia di Giuseppe Bennati	2024-06-01 17:00:56.979382+00	ad3b9d5a-a06a-4ce8-aba1-4314c8baf5a4
Senso	1954	Regia di Luchino Visconti	2024-06-01 17:01:18.867383+00	623b685c-2ec9-4fad-9a3f-7ef6f5af1572
L’arte di arrangiarsi	1954	Regia di Luigi Zampa	2024-06-01 17:01:35.79578+00	99e5f409-c8ab-4f0d-8821-44c58c27465b
Il padrone sono me	1955	Regia di Franco Brusati	2024-06-01 17:01:53.331641+00	5c34e38b-5b0d-403e-902d-e9317e94ebac
Suor Letizia	1956	Regia Mario Camerini	2024-06-01 17:03:09.098139+00	ea88eb3b-88a5-43f3-b836-800d34b7ed30
Le notti bianche	1957	Regia di Luchino Visconti	2024-06-01 17:03:28.844168+00	d3239df0-2759-4cb6-84d2-3555ee708a1c
Marisa la civetta	1957	Regia di Mauro Bolognini	2024-06-01 17:03:48.588041+00	a8661987-cd6f-4802-aa38-bb927bc26410
Vacanze a Ischia	1957	Regia di Mario Camerini	2024-06-01 17:04:05.113099+00	a0a7c5df-d8b4-4a4e-9a29-d103d00db51b
Giovani mariti	1958	Regia di Mauro Bolognini	2024-06-01 17:04:27.476845+00	96957ebb-613e-4b33-a743-9c80cd07e817
Policarpo, ufficiale di scrittura	1959	Regia di Mario Soldati	2024-06-01 17:04:46.581339+00	fe7dec8f-ef0f-44f4-8152-03d8df298b39
Arrangiatevi!	1959	Regia di Mauro Bolognini	2024-06-01 17:05:02.736912+00	af70f57a-460f-4c21-a61d-61f0e358430d
Il bell’Antonio	1960	Regia di Mauro Bolognini	2024-06-01 17:05:18.890815+00	977e77e0-07bb-4694-bb29-be5a5da48d66
Rocco e i suoi fratelli	1960	Regia di Luchino Visconti	2024-06-01 17:05:39.749797+00	abd465ea-a6c5-4091-a098-e4c14ace2b09
La contessa azzurra	1960	Regia di Claudio Gora	2024-06-01 17:05:52.623574+00	a9ffcf2c-9b09-4452-bec3-399860711e2a
Un amore a Roma	1960	Regia di Dino Risi	2024-06-01 17:06:09.421482+00	2cf587ab-0bf9-4532-9c03-d3deb9a461d4
La Viaccia	1961	Regia di Mauro Bolognini	2024-06-01 17:06:38.999006+00	8e19f942-1733-465a-8bc7-e7c4f3ad64a3
A cavallo della tigre	1961	Regia di Luigi Comencini	2024-06-01 17:06:51.570797+00	cf799e3d-f0f5-4986-a0d7-65aa8a29722f
Senilità	1962	Regia di Mauro Bolognini	2024-06-01 17:07:07.765002+00	b56b90fc-2d08-48bd-a84c-8040d532ca84
Il gattopardo	1963	Regia di Luchino Visconti	2024-06-01 17:07:27.301974+00	9d6dca7f-6cf4-4961-849b-f322434de704
Adultero lui, adultera lei	1963	Regia di Raffaello Matarazzo	2024-06-01 17:07:50.689404+00	5faf9e94-b959-46b0-b410-fc68fd508019
I compagni	1963	Regia di Mario Monicelli	2024-06-01 17:09:39.514793+00	73295f7e-eea2-4d9d-820a-29daa6075724
Ieri, oggi, domani	1963	Regia di Vittorio De Sica	2024-06-01 17:09:55.608443+00	5767cd8a-bfda-46d2-a571-a8fc4fb4e566
La visita	1963	Regia di Antonio Pietrangeli	2024-06-01 17:10:23.686298+00	48a8fbe0-0edf-42d0-aafa-2c08684418cc
La donna scimmia	1964	Regia di Marco Ferreri	2024-06-01 17:10:40.990501+00	b1aeed81-bd21-436a-b768-31c10e604f8f
La donna è una cosa meravigliosa	1964	registi vari	2024-06-01 17:11:14.7543+00	69116fa8-ea43-4894-8eb8-88bde3c81874
Caccia alla volpa	1966	Regia di Vittorio De Sica	2024-06-01 17:11:31.652675+00	f3123af7-47be-4fa0-9895-2682b23a711b
Le streghe	1967	Registi vari	2024-06-01 17:11:49.186619+00	9a0501f2-6d7c-4375-841f-9749f9230a02
Lo straniero	1967	Regia di Luchino Visconti	2024-06-01 17:12:07.628346+00	fc97cded-cbdd-4f24-8108-7b0a37af03f8
Matchless	1967	Regia di Alberto Lattuada	2024-06-01 17:12:23.671784+00	52262055-52af-4c1e-b321-5e30d7e268cb
Arabella	1967	Regia di Mauro Bolognini	2024-06-01 17:12:42.047841+00	f8806a1f-ea74-4445-bf20-a901ae8d8236
Questi fantasmi	1967	Regia di Renato Castellani	2024-06-01 17:12:56.307737+00	9ed777ae-613e-413c-91c3-5644a37654f4
La caduta degli Dei	1969	Regia di Luchino Visconti	2024-06-01 17:13:14.80164+00	5c43ea75-dd81-43ae-b98b-11f08b5cc283
Medea	1969	Regia di Pier Paolo Pasolini	2024-06-01 17:13:30.185219+00	11e02efb-bf8e-409c-9871-85350172415c
Ciao Gulliver	1970	Regia di Carlo Tuzii	2024-06-01 17:14:18.06929+00	d3d938ed-f378-4c9c-898b-4851898e357f
Bubù	1971	Regia di Mauro Bolognini	2024-06-01 17:14:34.959058+00	7a94d2ee-56c4-4c7d-96d2-da4ecd72c76d
Morte a Venezia	1971	Regia di Luchino Visconti	2024-06-01 17:15:00.017018+00	50ed3f88-f135-48c2-87d0-4b521f188ffb
Ludwig	1973	Regia di Luchino Visconti	2024-06-01 17:15:14.554052+00	58d5721d-0008-4026-a9d2-abb8d36006b8
Vogliamo i colonnelli	1973	Regia di Mario Monicelli	2024-06-01 17:15:29.305417+00	c78d597e-8c97-4d6c-9598-f8ac47fd90cf
Il portiere di notte	1974	Regia di Liliana Cavani	2024-06-01 17:15:46.866189+00	3d4f9ef8-3fc8-4bb0-980e-098aafd6dd76
Libera, amore mio!	1975	Regia di Mauro Bolognini	2024-06-01 17:16:08.034547+00	09491c6f-e444-4e44-a59b-49e95031e86a
L’età della pace	1975	Regia di Fabio Carpi	2024-06-01 17:16:28.905107+00	a17c021a-9a13-4335-8b1c-67df5f72d7d2
Per le antiche scale	1975	Regia di Mauro Bolognini	2024-06-01 17:16:44.817003+00	87bd43ff-bf5f-4837-a775-7a1475465985
L’innocente	1976	Regia di Luchino Visconti	2024-06-01 17:16:59.425071+00	4428c353-6fb9-4ba6-ba3a-5373d84d96ae
Al di là del bene e del male	1977	Regia di Liliana Cavani	2024-06-01 17:17:16.88702+00	9c42d062-d2d4-481b-82c1-c1f1812f5fad
Il vizietto	1978	Édouard Molinaro	2024-06-01 17:17:34.187625+00	702ec97f-193d-486e-b91f-d3c72759581d
Il malato immaginario	1979	Regia di Tonino Cervi	2024-06-01 17:17:49.956415+00	b0a9beaa-f340-4014-b57b-369a7f923cbb
La storia vera della signora delle camelie	1981	Regia di Mauro Bolognini	2024-06-01 17:18:09.947549+00	3574294d-228e-4499-ac49-216d58957c96
La pelle	1981	Regia di Liliana Cavani	2024-06-01 17:18:23.775444+00	3bbb0842-4914-4bba-ba6c-16767aea2c72
La festa perduta	1981	Regia di Pier Giuseppe Murgia	2024-06-01 17:18:39.136179+00	60fc4913-cf96-4802-8698-8cab34efa23f
Oltre la porta	1982	Regia di Liliana Cavani	2024-06-01 17:18:56.374041+00	e6f33095-f358-4f63-973f-8bab31c897f4
La traviata	1982	Regia di Franco Zeffirelli	2024-06-01 17:20:24.070053+00	0a8b0cf3-d69d-4f77-843c-1776fed8803a
Matrimonio con vizietto (Il vizietto III)	1985	Regia di Georges Lautner	2024-06-01 17:20:44.012867+00	29ae5695-1075-479a-b657-ba8ac185d69c
Storia di una capinera	1993	Regia di Franzo Zeffirelli	2024-06-01 17:21:01.147753+00	54d3cb4c-5456-4730-8fd5-e1e4da548334
Un bel dì vedremo	1997	Regia di Tonino Valerii	2024-06-01 17:21:41.182055+00	87dcf261-567e-4c25-aeb1-ba2fd0ec1bad
Le chiavi di casa	2004	Regia di Gianni Amelio	2024-06-01 17:21:56.572667+00	3242270b-ded4-490c-a59c-6c3ec96e471b
\.


--
-- Data for Name: credits; Type: TABLE DATA; Schema: public; Owner: postgres
--

COPY public.credits (id, content, created_at) FROM stdin;
6f1523da-57b2-4b11-8320-17e302960b1d	<div style="color: white; display: flex; flex-direction: column; align-items: center;">\n<img src="https://zlntcwuxekavvhzqhbxz.supabase.co/storage/v1/object/public/assets/Credits%20Page/logo%20EDASC-red%202.png" alt="Logo ASC"/>\n<br/><br/>\n<span style="color:red"><b>Ideazione & Direzione Artistica</b></span>\n<br/>\nTiziana <b>Amicuzi</b>  Francesca Romana <b>Buffetti</b>\n<br/>\n<span style="color:red"><b>Supervisione Artistica</b></span>\n<br/>\nCarlo <b>Poggioli</b>\n<br/>\n<span style="color:red"><b>Relazioni Esterne & Progettazione</b></span>\n<br/>\nTina <b>Napoli</b>\n<br/>\n<span style="color:red"><b>UX/UI Design & Progettazione Grafica</b></span>\n<br/>\nIrene <b>Gambelli</b>\n<br/>\n<span style="color:red"><b>Logo EDASC</b></span>\n<br/>\nTiziana <b>Amicuzi</b>\n<br/>\n<span style="color:red">Sviluppatori Web</span>\nAndrea <b>Buttarelli ONDA TETA srl</b>\n<br/><br/>\n<img src="https://zlntcwuxekavvhzqhbxz.supabase.co/storage/v1/object/public/assets/Credits%20Page/Logo-TOCC-%201.png" alt="Loghi Finanziato dall'Unione Europea - NextGenerationEU e MiC - Ministero della Cultura"/>\n<br/><br/>\n<h2>Scenografia<span style="color:red">&</span>Costume</h2>\n<br/>\n<span style="color:red"><b>Direttrice Responsabile</b></span>\n<br/>\nFrancesca Romana <b>Buffetti</b>\n<br/>\n<span style="color:red"><b>Comitato Editoriale</b></span>\n<br/>\nTiziana <b>Amicuzi</b> Livia <b>Borgognoni</b> Carlo <b>Canè</b>\nAlida <b>Cappellini</b> Eva <b>Coen</b> Giovanni <b>Licheri</b>\nLucia <b>Nigri</b> Carlo <b>Poggioli</b>\n<br/>\n<span style="color:red"><b>Redazione</b></span>\n<br/>\nEleonora <b>D'Uffizi</b> Matteo <b>Recanatesi</b>\nAdriano <b>Stabile</b> Valentina <b>Venturi</b>\nPatrizia <b>Vitrugno</b>\n<br/>\n<span style="color:red"><b>Progetto e realizzazione grafica</b></span>\n<br/>\nFrancesco <b>Mastantuoni</b>\n<br/><br/>\n---------------------------------------\n<br/><br/>\nIn <b>HOME PAGE</b>\n<span style="color:red">bozzetto</span> della Venusia di Giantito <b>Burchiellaro</b> per il <i>Casanova</i> di Fellini \n</div>	2025-04-17 11:08:58.662922+00
\.


--
-- Data for Name: custom_folders; Type: TABLE DATA; Schema: public; Owner: postgres
--

COPY public.custom_folders (id, name, content, created_at) FROM stdin;
069fc552-6930-4eb4-8416-a447ac561723	Prova	Questo contenuto è di <b>prova</b>.	2025-04-30 16:40:20.15005+00
\.


--
-- Data for Name: exhibitions; Type: TABLE DATA; Schema: public; Owner: postgres
--

COPY public.exhibitions (id, url, created_at) FROM stdin;
\.


--
-- Data for Name: interviews; Type: TABLE DATA; Schema: public; Owner: postgres
--

COPY public.interviews (id, url, created_at) FROM stdin;
\.


--
-- Data for Name: magazines; Type: TABLE DATA; Schema: public; Owner: postgres
--

COPY public.magazines (id, image_url, title, date, link_url, created_at, pdf_url) FROM stdin;
62fe75b1-f266-4c0e-849f-3791efd42277	https://zlntcwuxekavvhzqhbxz.supabase.co/storage/v1/object/public/assets/images/Riviste/Rivista_11_Pagina.jpeg?t=2024-06-05T15%3A48%3A21.016Z	Rivista n°11	2017-05-01	\\N	2024-06-05 15:52:20.417373+00	https://zlntcwuxekavvhzqhbxz.supabase.co/storage/v1/object/public/assets/PDF/Piero%20Tosi/rivista_n.11_PieroTosi.pdf?t=2024-06-05T15%3A45%3A41.004Z
68ca9c32-662f-4a18-90d4-5bd50a7e167a	https://zlntcwuxekavvhzqhbxz.supabase.co/storage/v1/object/public/assets/images/Riviste/Rivista_5_Pagina.jpeg	Rivista n°5	2013-12-01	\N	2024-06-01 09:38:58.68385+00	https://zlntcwuxekavvhzqhbxz.supabase.co/storage/v1/object/public/assets/PDF/Piero%20Tosi/Rivista_n.5_PieroTosi.pdf
d5748e50-8ce6-43a4-bb0e-700c3d0de72b	https://zlntcwuxekavvhzqhbxz.supabase.co/storage/v1/object/public/assets/images/Riviste/Rivista_15_Pagina.jpeg	Rivista n°15	2019-12-01	\\N	2024-06-05 16:19:42.91975+00	https://zlntcwuxekavvhzqhbxz.supabase.co/storage/v1/object/public/assets/PDF/Piero%20Tosi/rivista_n.15_PieroTosi.pdf?t=2024-06-05T16%3A13%3A16.778Z
e6a37f45-b9fa-498a-9701-4cdd5758b6e3	https://zlntcwuxekavvhzqhbxz.supabase.co/storage/v1/object/public/assets/images/Riviste/Rivista_10_Pagina.jpg	Rivista n.10	2016-11-01	\\N	2024-06-05 13:15:32.462211+00	https://zlntcwuxekavvhzqhbxz.supabase.co/storage/v1/object/public/assets/PDF/Tommaso%20Lagattolla/rivista_n._10_TommasoLagattolla.pdf
5719d353-332c-48a6-a077-1047f45898fa	https://zlntcwuxekavvhzqhbxz.supabase.co/storage/v1/object/public/assets/images/94131d6a8e052958c8f76372302adc83.jpeg	Magazine n.-1	2024-03-04	\N	2024-03-04 06:37:50.890573+00	
\.


--
-- Data for Name: map_pin; Type: TABLE DATA; Schema: public; Owner: postgres
--

COPY public.map_pin (id, created_at, latitude, longitude, title, description, image) FROM stdin;
6804c739-c701-40bf-b8c4-0deab749f375	2024-06-05 13:31:27.163279+00	41.12371616212911	16.872673513407104	Ifigenia in Tauride, opera teatrale (1986)	A Bari il regista Ronconi rappresentò quella «Ifigenia in Tauride» di Piccinni che poi avrebbe portato nel Théâtre du Châteletdi Parigi. Scene e costumi di Carlo Drappi. Direzione d'orchestra Donato Renzetti. Orchestra e coro del Teatro Petruzzelli di Bari. Allestimento: Teatro Petruzzelli di Bari. Protagonisti cantanti italiani e francesi come con Silvia Baleani (Ifigenia), René Massis (Oreste), Aldo Bertolo (Pilade) e Alberto Noli (Thoas). I personaggi si sono mossi in un ambiente caratterizzato da grandi blocchi di pietra, con aperture strette e alte come ancora si vedono a Micene; in mezzo il mare, e nel mare ora un altare, ora uno scoglio con la neve infranta di Oreste, ora un'immensa statua. I costumi propongono una grecità vista attraverso uno sguardo settecentesco, elegante e proba.               \\nTragedia lirica di Alphonse Du Congé Dubreuil, Pierre-Louis Ginguené\\nPrima rappresentazione\\nTeatro Petruzzelli, Bari\\n6 dicembre 1986	\\N
221a67bd-b13d-478c-8626-6c9f8f89d7ec	2024-06-03 13:59:37.502269+00	41.117395263578665	16.872117735224023	A spasso con Tommaso Lagattolla	Lo scenografocostumista Tommaso Lagattolla ci accompagna alla scoperta della sua Bari.\\nda Scenografia&Costume n.27  Dicembre 2023 https://productionandcostumedesignmag.com	https://zlntcwuxekavvhzqhbxz.supabase.co/storage/v1/object/public/assets/a%20spasso%20con/Bari%20Tommaso%20Lagattolla/Bari_Lagattolla.jpeg
26ff0c03-6d03-4afe-abc7-e5e524a9542e	2024-06-03 15:47:30.484771+00	41.123552496245125	16.87270241802933	Polvere di stelle (film 1973)	da Polvere di Stelle (1973) regia Alberto Sordi con Monica Vitti e Alberto Sordi. \\nPremi: David di Donatello alla migliore attrice protagonista | Scenografia: Mario Garbuglia. Costumi: Bruna Parmesan.  \\nLa rivista Scenografia&Costume n.11 e n.20 ha dedicato due bellissimi articoli in ricordo del Maestro Garbuglia. https://productionandcostumedesignmag.com	https://zlntcwuxekavvhzqhbxz.supabase.co/storage/v1/object/public/assets/a%20spasso%20con/Bari%20Tommaso%20Lagattolla/polvere-di-stelle.jpg
82328990-177b-4115-a57f-d132c4c9f25c	2024-06-05 12:34:02.197659+00	41.13659724552263	16.871432991317082	Pinocchio, film (2019)	Diretto da Matteo Garrone con Roberto Benigni, Federico Ielapi, Rocco Papaleo, Massimo Ceccherini, Marine Vacth e il compianto Gigi Proietti. Il film ha vinto molti riconoscimenti tra cui il David di Donatello alla scenografia e ai costumi. Le riprese si sono svolte in diverse città d’Italia, comprese alcune scene ‘di strada’ a Bari. Scenografia Dimitri Capuani. Costumi: Massimo Cantini Parrini. La rivista Scenografia&Costume n.16 ha dedicato un articolo allo scenografo, all'arredatrice Alessia Anfuso e alla pittrice Arianna Pascazi. https://productionandcostumedesignmag.com	https://zlntcwuxekavvhzqhbxz.supabase.co/storage/v1/object/public/assets/a%20spasso%20con/Bari%20Tommaso%20Lagattolla/Pinocchio_Garrone.jpeg
8ae09653-481d-4fdf-8444-632a080c139d	2024-06-05 12:06:53.907532+00	41.12930611060087	16.869136527144125	La vita davanti a sé, film (2020)	La vita davanti a sé (2020) di Edoardo Ponti con Sophia Loren. La pellicola è l'adattamento cinematografico del romanzo omonimo del 1975 scritto da Romain Gary, già portato sul grande schermo col film del 1977. PREMI: 2021 - Premio Oscar: Candidatura per la migliore canzone (musiche di Diane Warren, testo di Diane Warren e Laura Pausini)\\n2021 - Golden Globe: Migliore canzone originale a Diane Warren, Laura Pausini e Niccolò Agliardi\\nCandidatura per il miglior film in lingua straniera 2021 - David di Donatello: Migliore attrice protagonista a Sophia Loren. Candidatura per la migliore canzone originale 2021 - Nastro d'argento: Nastro di platino '75 a Sophia Loren.\\nMigliore canzone originale. Candidatura per il miglior regista a Edoardo Ponti. Candidatura per la migliore scenografia a Maurizio Sabatini | Scenografia: Maurizio Sabatini. Costumi: Ursula Patzak. La rivista Scenografia&Costume n.19 e n.21 ha dedicato due articoli alla pluripremiata costumista. https://productionandcostumedesignmag.com	https://zlntcwuxekavvhzqhbxz.supabase.co/storage/v1/object/public/assets/a%20spasso%20con/Bari%20Tommaso%20Lagattolla/La_vita_davanti_a_se.jpg
077d09df-1c97-40d7-971f-130a70bd3e3d	2024-06-05 09:40:24.576275+00	41.12371616212911	16.872673513407104	Il giovane Toscanini (1988), regia di Franco Zeffirelli con Liz Taylor, Franco Nero e Philippe Noiret	Scenografia di Andrea Crisanti. Costumi di Tom Rand. Da notare che tutte le scene ambientate nel teatro in Brasile sono state girate all'interno del teatro Petruzzelli di Bari, che dopo alcuni anni sarà distrutto dalle fiamme, e il film resterà come testimonianza del teatro barese originario. Zeffirelli, che si trova a suo agio a Bari e che gradisce molto l’adorato pollo, tra l’altro, era reduce da un “Otello” girato non molto lontano, a Barletta, con Placido Domingo e Katia Ricciarelli protagonisti principali; il tenore messicano, poiché la sua terra è stata scossa da un terribile terremoto nel settembre 1985, vuole tenere al Petruzzelli un concerto in onore della sua gente. La rivista Scenografia&Costume n.15 ha dedicato un omaggio al grande regista e la n.24 ha dedicato un bellissimo articolo in ricordo del Maestro Crisanti. https://productionandcostumedesignmag.com	https://zlntcwuxekavvhzqhbxz.supabase.co/storage/v1/object/public/assets/a%20spasso%20con/Bari%20Tommaso%20Lagattolla/Il_giovane_toscanini.jpg
70ffbf14-e572-4944-a8d8-ee1d5cef6458	2024-06-05 11:54:03.213722+00	41.1280747505726	16.866354984538003	Bari. 12 registi per 12 città (1989)	L'episodio Bari, di Lina Wertmüller è un film documentario del 1989. Dodici grandi registi italiani presentano le dodici città italiane che ospitano le partite della 14ª Coppa del Mondo di calcio Italia90. Tra le location il Castello Svevo, il Teatro Petruzzelli, la Cattedrale, il Palazzo del Sedile, la Fiera del Levante, il lungomare.\\nIn occasione di Italia '90 la regista Lina Wertmüller ha curato il segmento dedicato alla città di Bari (sede di alcuni incontri, compresa la finale per il terzo e quarto posto disputato da Inghilterra e Italia). Nel film si vede la città di Trani: un gruppo di ragazzi gioca a pallone nella piazza davanti alla celebre Cattedrale. Da notare che la mascotte del campionato mondiale di calcio compare negli spot Barilla e Mulino Bianco della serie «scelti per mangiare sano», proprio con uno spezzone di questo filmato.	https://zlntcwuxekavvhzqhbxz.supabase.co/storage/v1/object/public/assets/a%20spasso%20con/Bari%20Tommaso%20Lagattolla/12_registri_per_12_citta_7.jpg
\.


--
-- Data for Name: page_to_tag; Type: TABLE DATA; Schema: public; Owner: postgres
--

COPY public.page_to_tag (page_id, tag_id) FROM stdin;
\.


--
-- Data for Name: pages; Type: TABLE DATA; Schema: public; Owner: postgres
--

COPY public.pages (id, title, description, color, profile_picture, primary_image, secondary_image, created_at) FROM stdin;
\.


--
-- Data for Name: professions; Type: TABLE DATA; Schema: public; Owner: postgres
--

COPY public.professions (name, created_at, id, color) FROM stdin;
Fondazioni	2024-06-04 22:54:44.483376+00	89c76e34-283b-451a-a9b1-7510c198a5f9	#e9a0c0
Gli spazi	2024-06-04 22:54:23.941117+00	b36c7f51-69f2-471f-95b9-946e1e6335f0	#844e94
I Premi	2024-06-04 22:53:41.018248+00	5207edae-ed2b-44f8-829a-bd87ce24b0c2	#d8a740
I nostri artigiani	2024-06-04 22:52:47.438836+00	a27b7b46-542b-41d0-b73b-a744bf04dc1c	#e9a0c0
Scenografi Costumisti	2024-03-01 11:24:53.009677+00	6916e7e0-4cfe-4b5f-aac4-bf837ca03f38	#dc8942
Costumisti	2024-03-01 11:24:12.467687+00	6712ee74-bab6-413b-b0a3-9b818d2f3525	#0186b3
Arredatori	2024-03-01 11:24:33.22947+00	d6acf9b3-3fa1-4b2a-83ed-e82f2c0d40e6	#37856e
Scenografi	2024-03-01 11:24:22.904087+00	992cc435-bef3-4115-8d89-8d808099773c	#ab372a
\.


--
-- Data for Name: scene_photos; Type: TABLE DATA; Schema: public; Owner: postgres
--

COPY public.scene_photos (id, url, created_at) FROM stdin;
d15c94df-94e6-4bfe-a25e-fc70180f0d57	https://zlntcwuxekavvhzqhbxz.supabase.co/storage/v1/object/public/assets/images/Foto%20Artisti/Costumisti/Piero%20Tosi/Foto%20dal%20set/Rocco_e_i_suoi_fratelli_foto_di_G._B._Poletto.jpg	2024-06-14 09:10:16.86587+00
d86657bf-dd95-44d0-ba43-8863f8a246ac	https://zlntcwuxekavvhzqhbxz.supabase.co/storage/v1/object/public/assets/images/Foto%20Artisti/Costumisti/Piero%20Tosi/Foto%20dal%20set/Medea_fotogramma.tif?t=2024-06-14T09%3A14%3A12.678Z	2024-06-14 09:14:31.489871+00
\.


--
-- Data for Name: set_photos; Type: TABLE DATA; Schema: public; Owner: postgres
--

COPY public.set_photos (id, url, created_at) FROM stdin;
d15c94df-94e6-4bfe-a25e-fc70180f0d57	https://zlntcwuxekavvhzqhbxz.supabase.co/storage/v1/object/public/assets/images/Foto%20Artisti/Costumisti/Piero%20Tosi/Foto%20dal%20set/Rocco_e_i_suoi_fratelli_foto_di_G._B._Poletto.jpg	2024-06-14 09:10:16.86587+00
d86657bf-dd95-44d0-ba43-8863f8a246ac	https://zlntcwuxekavvhzqhbxz.supabase.co/storage/v1/object/public/assets/images/Foto%20Artisti/Costumisti/Piero%20Tosi/Foto%20dal%20set/Medea_fotogramma.tif?t=2024-06-14T09%3A14%3A12.678Z	2024-06-14 09:14:31.489871+00
\.


--
-- Data for Name: settings; Type: TABLE DATA; Schema: public; Owner: postgres
--

COPY public.settings (id, created_at, show_logos_page, url, credits_page, logos_page) FROM stdin;
f5842f2c-eb33-4182-add9-ca0824e80eb3	2025-04-24 10:12:07.988489+00	t	https://prova.com/	<div style="color: white; display: flex; flex-direction: column; align-items: center;">\n<img src="https://zlntcwuxekavvhzqhbxz.supabase.co/storage/v1/object/public/assets/Credits%20Page/logo%20EDASC-red%202.png" alt="Logo ASC"/>\n<br/><br/>\n<span style="color:red"><b>Ideazione & Direzione Artistica</b></span>\n<br/>\nTiziana <b>Amicuzi</b>  Francesca Romana <b>Buffetti</b>\n<br/>\n<span style="color:red"><b>Supervisione Artistica</b></span>\n<br/>\nCarlo <b>Poggioli</b>\n<br/>\n<span style="color:red"><b>Relazioni Esterne & Progettazione</b></span>\n<br/>\nTina <b>Napoli</b>\n<br/>\n<span style="color:red"><b>UX/UI Design & Progettazione Grafica</b></span>\n<br/>\nIrene <b>Gambelli</b>\n<br/>\n<span style="color:red"><b>Logo EDASC</b></span>\n<br/>\nTiziana <b>Amicuzi</b>\n<br/>\n<span style="color:red">Sviluppatori Web</span>\nAndrea <b>Buttarelli ONDA TETA srl</b>\n<br/><br/>\n<img src="https://zlntcwuxekavvhzqhbxz.supabase.co/storage/v1/object/public/assets/Credits%20Page/Logo-TOCC-%201.png" alt="Loghi Finanziato dall'Unione Europea - NextGenerationEU e MiC - Ministero della Cultura"/>\n<br/><br/>\n<h2>Scenografia<span style="color:red">&</span>Costume</h2>\n<br/>\n<span style="color:red"><b>Direttrice Responsabile</b></span>\n<br/>\nFrancesca Romana <b>Buffetti</b>\n<br/>\n<span style="color:red"><b>Comitato Editoriale</b></span>\n<br/>\nTiziana <b>Amicuzi</b> Livia <b>Borgognoni</b> Carlo <b>Canè</b>\nAlida <b>Cappellini</b> Eva <b>Coen</b> Giovanni <b>Licheri</b>\nLucia <b>Nigri</b> Carlo <b>Poggioli</b>\n<br/>\n<span style="color:red"><b>Redazione</b></span>\n<br/>\nEleonora <b>D'Uffizi</b> Matteo <b>Recanatesi</b>\nAdriano <b>Stabile</b> Valentina <b>Venturi</b>\nPatrizia <b>Vitrugno</b>\n<br/>\n<span style="color:red"><b>Progetto e realizzazione grafica</b></span>\n<br/>\nFrancesco <b>Mastantuoni</b>\n<br/><br/>\n---------------------------------------\n<br/><br/>\nIn <b>HOME PAGE</b>\n<span style="color:red">bozzetto</span> della Venusia di Giantito <b>Burchiellaro</b> per il <i>Casanova</i> di Fellini \n</div>	<h1>prova</h1>
\.


--
-- Data for Name: sketches; Type: TABLE DATA; Schema: public; Owner: postgres
--

COPY public.sketches (id, url, created_at) FROM stdin;
82ac9ae1-9712-4fcd-aa8f-57d273b701b0	https://images.pexels.com/photos/196645/pexels-photo-196645.jpeg?auto=compress&cs=tinysrgb&w=1260&h=750&dpr=2	2024-04-03 14:56:31.959457+00
1b798391-d83e-4062-8511-3b4d983905f5	https://images.pexels.com/photos/4123731/pexels-photo-4123731.jpeg?auto=compress&cs=tinysrgb&w=1260&h=750&dpr=2	2024-04-03 14:58:12.245572+00
c50e50b7-dcc6-4c48-9840-224ee18d582b	https://zlntcwuxekavvhzqhbxz.supabase.co/storage/v1/object/public/assets/images/Foto%20Artisti/Costumisti/Piero%20Tosi/Bozzetti/la_caduta_degli_dei_2.tif	2024-06-14 09:13:18.578304+00
265dedcb-2a71-4201-abd4-68d825433b67	https://zlntcwuxekavvhzqhbxz.supabase.co/storage/v1/object/public/assets/images/Foto%20Artisti/Costumisti/Piero%20Tosi/Bozzetti/il_gatto_pardo_cludia_cardinale.jpg?t=2024-06-14T09%3A12%3A45.532Z	2024-06-14 08:58:30.758773+00
\.


--
-- Data for Name: tags; Type: TABLE DATA; Schema: public; Owner: postgres
--

COPY public.tags (id, name, created_at, color, text_color) FROM stdin;
f7d9eafc-4e53-4af3-9e0a-dcbf0cd04cd3	Prova	2024-04-03 11:05:42.478426+00	#4357e2	\N
56ff8f40-767a-45f4-b574-364bc69ef44b	Scenografi	2024-04-08 09:33:08.185541+00	#ab372a	\N
e5c9b39e-1f6b-4bb5-a2ab-695fba84380c	Costumisti	2024-06-05 16:25:21.940203+00	#0186b3	\N
1e2b0b14-2e5b-47ce-b833-f294f3ca9637	Scenografi Costumisti	2024-06-05 16:26:14.121015+00	#dc8942	\N
40230d15-7fee-468e-ba68-ab097021e777	I Premi	2024-06-05 16:26:38.504367+00	#d8a740	\N
c219f344-b37f-4dcd-86f5-b90de155e475	I nostri artigiani	2024-06-05 16:27:08.509888+00	#e9a0c0	\N
2a966d62-19f7-4526-9b89-25d636b96b07	Arredatori	2024-06-05 16:27:39.906355+00	#37b56e	\N
be6bcb5c-431b-4453-a034-2d497419cdbd	Fondazioni	2024-06-05 16:28:37.489556+00	#e9a0c0	\N
6fcf62d1-28cd-45ae-b0cb-b2111dbc76b6	Gli spazi	2024-06-05 16:29:20.354015+00	#844e94	\N
b05af53e-1860-4465-bf18-ef00d669dec7	A spasso con	2024-06-05 16:30:16.126128+00	#c1284c	\N
ee962336-0c38-402c-9635-ec8a28cfa5b1	ASC	2024-06-05 16:30:59.455339+00	#ab372a	\N
785ef68b-0b9c-4964-a345-eb7b764cd5e1	Fondazione Gramsci	2024-06-05 16:32:53.733219+00	#e9a0c0	\N
5e4f3b5b-7046-4b11-804f-99ebd22d8b8c	Fondazione Zeffirelli	2024-06-05 16:33:12.648669+00	#e9a0c0	\N
cf7710f2-17f1-4a51-9d0b-92dd1f81507c	Scenografia&Costume	2024-06-05 16:30:35.472018+00	#AB372A	#000000
\.


--
-- Data for Name: theatre_performances; Type: TABLE DATA; Schema: public; Owner: postgres
--

COPY public.theatre_performances (id, title, created_at) FROM stdin;
\.


--
-- Data for Name: videointerviews; Type: TABLE DATA; Schema: public; Owner: postgres
--

COPY public.videointerviews (id, url, created_at) FROM stdin;
\.


--
-- Data for Name: schema_migrations; Type: TABLE DATA; Schema: realtime; Owner: supabase_admin
--

COPY realtime.schema_migrations (version, inserted_at) FROM stdin;
20211116024918	2025-01-20 15:56:52
20211116045059	2025-01-20 15:56:52
20211116050929	2025-01-20 15:56:53
20211116051442	2025-01-20 15:56:53
20211116212300	2025-01-20 15:56:53
20211116213355	2025-01-20 15:56:53
20211116213934	2025-01-20 15:56:53
20211116214523	2025-01-20 15:56:54
20211122062447	2025-01-20 15:56:54
20211124070109	2025-01-20 15:56:54
20211202204204	2025-01-20 15:56:54
20211202204605	2025-01-20 15:56:54
20211210212804	2025-01-20 15:56:55
20211228014915	2025-01-20 15:56:55
20220107221237	2025-01-20 15:56:55
20220228202821	2025-01-20 15:56:55
20220312004840	2025-01-20 15:56:56
20220603231003	2025-01-20 15:56:56
20220603232444	2025-01-20 15:56:56
20220615214548	2025-01-20 15:56:56
20220712093339	2025-01-20 15:56:57
20220908172859	2025-01-20 15:56:57
20220916233421	2025-01-20 15:56:57
20230119133233	2025-01-20 15:56:57
20230128025114	2025-01-20 15:56:57
20230128025212	2025-01-20 15:56:57
20230227211149	2025-01-20 15:56:58
20230228184745	2025-01-20 15:56:58
20230308225145	2025-01-20 15:56:58
20230328144023	2025-01-20 15:56:58
20231018144023	2025-01-20 15:56:58
20231204144023	2025-01-20 15:56:59
20231204144024	2025-01-20 15:56:59
20231204144025	2025-01-20 15:56:59
20240108234812	2025-01-20 15:56:59
20240109165339	2025-01-20 15:56:59
20240227174441	2025-01-20 15:57:00
20240311171622	2025-01-20 15:57:00
20240321100241	2025-01-20 15:57:00
20240401105812	2025-01-20 15:57:01
20240418121054	2025-01-20 15:57:01
20240523004032	2025-01-20 15:57:02
20240618124746	2025-01-20 15:57:02
20240801235015	2025-01-20 15:57:02
20240805133720	2025-01-20 15:57:02
20240827160934	2025-01-20 15:57:03
20240919163303	2025-01-20 15:57:03
20240919163305	2025-01-20 15:57:03
20241019105805	2025-01-20 15:57:03
20241030150047	2025-01-20 15:57:04
20241108114728	2025-01-20 15:57:04
20241121104152	2025-01-20 15:57:04
20241130184212	2025-01-20 15:57:05
20241220035512	2025-01-20 15:57:05
20241220123912	2025-01-20 15:57:05
20241224161212	2025-01-20 15:57:05
20250107150512	2025-01-20 15:57:05
20250110162412	2025-01-20 15:57:06
20250123174212	2025-01-30 15:22:31
20250128220012	2025-01-30 15:22:31
20250506224012	2025-06-03 13:56:07
20250523164012	2025-06-03 13:56:07
20250714121412	2025-09-10 23:44:45
\.


--
-- Data for Name: subscription; Type: TABLE DATA; Schema: realtime; Owner: supabase_admin
--

COPY realtime.subscription (id, subscription_id, entity, filters, claims, created_at) FROM stdin;
\.


--
-- Data for Name: buckets; Type: TABLE DATA; Schema: storage; Owner: supabase_storage_admin
--

COPY storage.buckets (id, name, owner, created_at, updated_at, public, avif_autodetection, file_size_limit, allowed_mime_types, owner_id) FROM stdin;
assets	assets	\N	2025-01-20 17:16:54.310844+00	2025-01-20 17:16:54.310844+00	t	f	\N	\N	\N
\.


--
-- Data for Name: migrations; Type: TABLE DATA; Schema: storage; Owner: supabase_storage_admin
--

COPY storage.migrations (id, name, hash, executed_at) FROM stdin;
0	create-migrations-table	e18db593bcde2aca2a408c4d1100f6abba2195df	2025-01-20 15:56:52.926203
1	initialmigration	6ab16121fbaa08bbd11b712d05f358f9b555d777	2025-01-20 15:56:52.932339
2	storage-schema	5c7968fd083fcea04050c1b7f6253c9771b99011	2025-01-20 15:56:52.936629
3	pathtoken-column	2cb1b0004b817b29d5b0a971af16bafeede4b70d	2025-01-20 15:56:52.956974
4	add-migrations-rls	427c5b63fe1c5937495d9c635c263ee7a5905058	2025-01-20 15:56:52.986249
5	add-size-functions	79e081a1455b63666c1294a440f8ad4b1e6a7f84	2025-01-20 15:56:52.99123
6	change-column-name-in-get-size	f93f62afdf6613ee5e7e815b30d02dc990201044	2025-01-20 15:56:52.996688
7	add-rls-to-buckets	e7e7f86adbc51049f341dfe8d30256c1abca17aa	2025-01-20 15:56:53.002832
8	add-public-to-buckets	fd670db39ed65f9d08b01db09d6202503ca2bab3	2025-01-20 15:56:53.007651
9	fix-search-function	3a0af29f42e35a4d101c259ed955b67e1bee6825	2025-01-20 15:56:53.012787
10	search-files-search-function	68dc14822daad0ffac3746a502234f486182ef6e	2025-01-20 15:56:53.020308
11	add-trigger-to-auto-update-updated_at-column	7425bdb14366d1739fa8a18c83100636d74dcaa2	2025-01-20 15:56:53.026122
12	add-automatic-avif-detection-flag	8e92e1266eb29518b6a4c5313ab8f29dd0d08df9	2025-01-20 15:56:53.0332
13	add-bucket-custom-limits	cce962054138135cd9a8c4bcd531598684b25e7d	2025-01-20 15:56:53.044683
14	use-bytes-for-max-size	941c41b346f9802b411f06f30e972ad4744dad27	2025-01-20 15:56:53.050135
15	add-can-insert-object-function	934146bc38ead475f4ef4b555c524ee5d66799e5	2025-01-20 15:56:53.082237
16	add-version	76debf38d3fd07dcfc747ca49096457d95b1221b	2025-01-20 15:56:53.088271
17	drop-owner-foreign-key	f1cbb288f1b7a4c1eb8c38504b80ae2a0153d101	2025-01-20 15:56:53.093844
18	add_owner_id_column_deprecate_owner	e7a511b379110b08e2f214be852c35414749fe66	2025-01-20 15:56:53.101226
19	alter-default-value-objects-id	02e5e22a78626187e00d173dc45f58fa66a4f043	2025-01-20 15:56:53.114556
20	list-objects-with-delimiter	cd694ae708e51ba82bf012bba00caf4f3b6393b7	2025-01-20 15:56:53.120246
21	s3-multipart-uploads	8c804d4a566c40cd1e4cc5b3725a664a9303657f	2025-01-20 15:56:53.132548
22	s3-multipart-uploads-big-ints	9737dc258d2397953c9953d9b86920b8be0cdb73	2025-01-20 15:56:53.16742
23	optimize-search-function	9d7e604cddc4b56a5422dc68c9313f4a1b6f132c	2025-01-20 15:56:53.194473
24	operation-function	8312e37c2bf9e76bbe841aa5fda889206d2bf8aa	2025-01-20 15:56:53.200047
26	objects-prefixes	ef3f7871121cdc47a65308e6702519e853422ae2	2025-03-23 13:50:31.553466
27	search-v2	33b8f2a7ae53105f028e13e9fcda9dc4f356b4a2	2025-03-23 13:50:31.596284
28	object-bucket-name-sorting	8f385d71c72f7b9f6388e22f6e393e3b78bf8617	2025-03-23 13:50:31.61657
29	create-prefixes	8416491709bbd2b9f849405d5a9584b4f78509fb	2025-03-23 13:50:31.6292
30	update-object-levels	f5899485e3c9d05891d177787d10c8cb47bae08a	2025-03-23 13:50:31.638777
31	objects-level-index	33f1fef7ec7fea08bb892222f4f0f5d79bab5eb8	2025-03-23 13:50:31.798706
32	backward-compatible-index-on-objects	2d51eeb437a96868b36fcdfb1ddefdf13bef1647	2025-03-23 13:50:31.815965
33	backward-compatible-index-on-prefixes	fe473390e1b8c407434c0e470655945b110507bf	2025-03-23 13:50:31.827037
34	optimize-search-function-v1	82b0e469a00e8ebce495e29bfa70a0797f7ebd2c	2025-03-23 13:50:31.829143
35	add-insert-trigger-prefixes	63bb9fd05deb3dc5e9fa66c83e82b152f0caf589	2025-03-23 13:50:31.835989
25	custom-metadata	d974c6057c3db1c1f847afa0e291e6165693b990	2025-01-20 15:56:53.205522
\.


--
-- Data for Name: objects; Type: TABLE DATA; Schema: storage; Owner: supabase_storage_admin
--

COPY storage.objects (id, bucket_id, name, owner, created_at, updated_at, last_accessed_at, metadata, version, owner_id, user_metadata, level) FROM stdin;
307c5420-bb9a-4910-b1bd-ab298c316017	assets	PDF/Piero Tosi/Rivista_n.5_PieroTosi.pdf	\N	2025-01-20 17:18:24.877465+00	2025-03-23 13:50:31.631348+00	2025-01-20 17:18:24.877465+00	{"eTag": "\\"f1bdadfa1018aeba01528786a0e71e4d-1\\"", "size": 767835, "mimetype": "application/pdf", "cacheControl": "max-age=3600", "lastModified": "2025-01-20T17:18:25.000Z", "contentLength": 767835, "httpStatusCode": 200}	fb85a62e-4130-43d7-94e1-344e8a89a8a5	\N	\N	3
2329050f-238f-4ae7-ac12-56ae76ac9094	assets	PDF/Piero Tosi/rivista_n.11_PieroTosi.pdf	\N	2025-01-20 17:18:22.34419+00	2025-03-23 13:50:31.631348+00	2025-01-20 17:18:22.34419+00	{"eTag": "\\"68b30d0fa0a22ef728037e125f150330-1\\"", "size": 1509449, "mimetype": "application/pdf", "cacheControl": "max-age=3600", "lastModified": "2025-01-20T17:18:22.000Z", "contentLength": 1509449, "httpStatusCode": 200}	5e5d521a-233b-4540-a979-3d3fe26b75d4	\N	\N	3
2bbea67a-0d1e-4ff4-9da8-d588fff98e68	assets	PDF/Piero Tosi/rivista_n.15_PieroTosi.pdf	\N	2025-01-20 17:18:24.818727+00	2025-03-23 13:50:31.631348+00	2025-01-20 17:18:24.818727+00	{"eTag": "\\"d1099620edf675051e5487d9de29c622-2\\"", "size": 7428410, "mimetype": "application/pdf", "cacheControl": "max-age=3600", "lastModified": "2025-01-20T17:18:03.000Z", "contentLength": 7428410, "httpStatusCode": 200}	f7a4dbf1-53cb-4599-bbbe-d677b45d59ea	\N	\N	3
891ffcfe-e37a-4a38-8922-9d8577d32418	assets	PDF/Tommaso Lagattolla/rivista_n._10_TommasoLagattolla.pdf	\N	2025-01-20 17:18:22.32133+00	2025-03-23 13:50:31.631348+00	2025-01-20 17:18:22.32133+00	{"eTag": "\\"b7b81cc9077a5b35739216b02e67d00f-1\\"", "size": 3697808, "mimetype": "application/pdf", "cacheControl": "max-age=3600", "lastModified": "2025-01-20T17:18:22.000Z", "contentLength": 3697808, "httpStatusCode": 200}	188c1774-508c-4622-8b38-808d98e399b5	\N	\N	3
4d762451-dc42-4e31-9104-a3b10da873ed	assets	a spasso con/A spasso con/logo_segnaposto_S_C_.png	\N	2025-01-20 17:17:55.095054+00	2025-03-23 13:50:31.631348+00	2025-01-20 17:17:55.095054+00	{"eTag": "\\"4f0e435a17a28fde1dfed9ef3df62ea2-1\\"", "size": 163846, "mimetype": "image/png", "cacheControl": "max-age=3600", "lastModified": "2025-01-20T17:17:55.000Z", "contentLength": 163846, "httpStatusCode": 200}	f214837e-47b7-435e-82eb-0b66d8e8bcc2	\N	\N	3
78bda051-290f-4e4b-a7a6-01920713cfc2	assets	a spasso con/Bari Tommaso Lagattolla/12_registri_per_12_citta_7.jpg	\N	2025-01-20 17:17:54.90968+00	2025-03-23 13:50:31.631348+00	2025-01-20 17:17:54.90968+00	{"eTag": "\\"4e9b604b81ff5fa8fefbdf7ab3ae8a06-1\\"", "size": 71949, "mimetype": "image/jpeg", "cacheControl": "max-age=3600", "lastModified": "2025-01-20T17:17:55.000Z", "contentLength": 71949, "httpStatusCode": 200}	b6ec53e7-f268-4d29-8640-8bf98a90c56d	\N	\N	3
98867aa4-9e8f-4a9f-81ca-02eb37d9ebb8	assets	a spasso con/Bari Tommaso Lagattolla/Bari_Lagattolla.jpeg	\N	2025-01-20 17:17:59.844823+00	2025-03-23 13:50:31.631348+00	2025-01-20 17:17:59.844823+00	{"eTag": "\\"fca602bcff27ab2698373940b2757346-1\\"", "size": 3908566, "mimetype": "image/jpeg", "cacheControl": "max-age=3600", "lastModified": "2025-01-20T17:18:00.000Z", "contentLength": 3908566, "httpStatusCode": 200}	5137c01e-15f3-465b-ba39-746053cc3d6f	\N	\N	3
d8e965e1-b4f1-4c40-aafc-2ad401a3c7bd	assets	a spasso con/Bari Tommaso Lagattolla/Il_giovane_toscanini.jpg	\N	2025-01-20 17:17:49.68265+00	2025-03-23 13:50:31.631348+00	2025-01-20 17:17:49.68265+00	{"eTag": "\\"b9e064e8c71e55748465cdb97358d651-1\\"", "size": 28366, "mimetype": "image/jpeg", "cacheControl": "max-age=3600", "lastModified": "2025-01-20T17:17:50.000Z", "contentLength": 28366, "httpStatusCode": 200}	5d072480-bbf2-4781-932e-026657239fd9	\N	\N	3
3a537325-a6f6-40fe-9033-a646162f7e21	assets	a spasso con/Bari Tommaso Lagattolla/La_vita_davanti_a_se.jpg	\N	2025-01-20 17:18:01.596405+00	2025-03-23 13:50:31.631348+00	2025-01-20 17:18:01.596405+00	{"eTag": "\\"590b7775edab105804b14c46cc00d78f-1\\"", "size": 4465133, "mimetype": "image/jpeg", "cacheControl": "max-age=3600", "lastModified": "2025-01-20T17:18:02.000Z", "contentLength": 4465133, "httpStatusCode": 200}	1653e567-3c72-4513-aedc-647794283a35	\N	\N	3
58a8156b-daf2-45ce-9829-06e0182baa53	assets	a spasso con/Bari Tommaso Lagattolla/Le_indagini_di_Lolita_Lobosco.jpg	\N	2025-01-20 17:18:01.578968+00	2025-03-23 13:50:31.631348+00	2025-01-20 17:18:01.578968+00	{"eTag": "\\"7d9bf48e5daea8ab746b5b8e1c54842f-1\\"", "size": 233553, "mimetype": "image/jpeg", "cacheControl": "max-age=3600", "lastModified": "2025-01-20T17:18:02.000Z", "contentLength": 233553, "httpStatusCode": 200}	d4586060-edb8-4f5e-820a-84d9a621323f	\N	\N	3
5f48bc59-a6a9-4bf3-b265-295283be2c76	assets	a spasso con/Bari Tommaso Lagattolla/Pinocchio_Garrone.jpeg	\N	2025-01-20 17:17:47.149306+00	2025-03-23 13:50:31.631348+00	2025-01-20 17:17:47.149306+00	{"eTag": "\\"0e9b073db385bbe84a452ed091d6e9b8-1\\"", "size": 8246, "mimetype": "image/jpeg", "cacheControl": "max-age=3600", "lastModified": "2025-01-20T17:17:47.000Z", "contentLength": 8246, "httpStatusCode": 200}	a2f8c64a-1f56-4faa-a034-09677a142ee8	\N	\N	3
523e02b6-50fd-4125-ae21-46a9b7a057fc	assets	a spasso con/Bari Tommaso Lagattolla/polvere-di-stelle.jpg	\N	2025-01-20 17:17:48.414276+00	2025-03-23 13:50:31.631348+00	2025-01-20 17:17:48.414276+00	{"eTag": "\\"29dfa6876f68169628ef6dbca9a7caa5-1\\"", "size": 14991, "mimetype": "image/jpeg", "cacheControl": "max-age=3600", "lastModified": "2025-01-20T17:17:49.000Z", "contentLength": 14991, "httpStatusCode": 200}	62e95694-3ceb-45d4-bb97-e3d994a845cd	\N	\N	3
683f3a24-430e-4b9d-8047-0ab0a0bd811d	assets	images/94131d6a8e052958c8f76372302adc83.jpeg	\N	2025-01-20 17:17:58.506965+00	2025-03-23 13:50:31.631348+00	2025-01-20 17:17:58.506965+00	{"eTag": "\\"7c08b55ad4d8c8d00f0a61a00f7ef318-1\\"", "size": 270715, "mimetype": "image/jpeg", "cacheControl": "max-age=3600", "lastModified": "2025-01-20T17:17:59.000Z", "contentLength": 270715, "httpStatusCode": 200}	08717a5b-6ad0-4e71-abd0-f3b50ee44c92	\N	\N	2
4b8a815c-15dd-48c5-a3af-8d6a40389d60	assets	images/Foto Artisti/Arredatori/Bruno Amalfitano/AMALFITANO.png.webp	\N	2025-01-20 17:18:26.586294+00	2025-03-23 13:50:31.631348+00	2025-01-20 17:18:26.586294+00	{"eTag": "\\"6ab9eaf66e1e6c53273d224361272e37-1\\"", "size": 89432, "mimetype": "image/webp", "cacheControl": "max-age=3600", "lastModified": "2025-01-20T17:18:27.000Z", "contentLength": 89432, "httpStatusCode": 200}	32840727-c223-4c73-adee-4d3897fba207	\N	\N	5
bea71a38-95d5-4fdd-b358-b2e78e458de7	assets	images/Foto Artisti/Arredatori/Cristiana Possenti/POSSENTI.png.webp	\N	2025-01-20 17:18:26.536444+00	2025-03-23 13:50:31.631348+00	2025-01-20 17:18:26.536444+00	{"eTag": "\\"8a9ebead8f03d7ab3b75c440ea710e14-1\\"", "size": 94604, "mimetype": "image/webp", "cacheControl": "max-age=3600", "lastModified": "2025-01-20T17:18:27.000Z", "contentLength": 94604, "httpStatusCode": 200}	11d9cca2-9543-4ce0-b445-d23ade7554f2	\N	\N	5
e56d5fd0-dc8c-4882-9161-22276c176110	assets	images/Foto Artisti/Arredatori/Ezio Di Monte/D_I_MONTE.png.webp	\N	2025-01-20 17:18:26.764455+00	2025-03-23 13:50:31.631348+00	2025-01-20 17:18:26.764455+00	{"eTag": "\\"1d2909edc28769e40b723abef4086ce4-1\\"", "size": 70030, "mimetype": "image/webp", "cacheControl": "max-age=3600", "lastModified": "2025-01-20T17:18:27.000Z", "contentLength": 70030, "httpStatusCode": 200}	52a086aa-7466-4f05-8ad3-96f7316f2510	\N	\N	5
58cd63a3-d649-47ba-b005-0a8c29e8b636	assets	images/Foto Artisti/Arredatori/Francesca Lo Schiavo/francesca-lo-schiavo.jpg.webp	\N	2025-01-20 17:18:26.545684+00	2025-03-23 13:50:31.631348+00	2025-01-20 17:18:26.545684+00	{"eTag": "\\"c7f0e2e607c9cb061f9fe353089565a8-1\\"", "size": 39274, "mimetype": "image/webp", "cacheControl": "max-age=3600", "lastModified": "2025-01-20T17:18:27.000Z", "contentLength": 39274, "httpStatusCode": 200}	24313f0d-03d7-4341-9489-5b9bbe2a7f0a	\N	\N	5
dfc9e493-ac7b-44b4-b8bf-76f59722329b	assets	images/Foto Artisti/Arredatori/Gaia Zambelli/ZAMBELLI.jpeg.webp	\N	2025-01-20 17:18:25.696824+00	2025-03-23 13:50:31.631348+00	2025-01-20 17:18:25.696824+00	{"eTag": "\\"7e85225858f31dd56d611fa26c574cf1-1\\"", "size": 11002, "mimetype": "image/webp", "cacheControl": "max-age=3600", "lastModified": "2025-01-20T17:18:26.000Z", "contentLength": 11002, "httpStatusCode": 200}	80dacb36-a397-4849-81f6-7237a2513333	\N	\N	5
38d9d0cb-1218-4f47-aacd-1eb2a6640097	assets	images/Foto Artisti/Arredatori/Laura Casalini/CASALINI.png.webp	\N	2025-01-20 17:18:28.28659+00	2025-03-23 13:50:31.631348+00	2025-01-20 17:18:28.28659+00	{"eTag": "\\"3103e0c7a004b5f3f23e3947186b87ae-1\\"", "size": 95848, "mimetype": "image/webp", "cacheControl": "max-age=3600", "lastModified": "2025-01-20T17:18:28.000Z", "contentLength": 95848, "httpStatusCode": 200}	4536c2e2-7090-464c-ad67-339e97141b04	\N	\N	5
4c6d87c5-0b70-448a-9cf0-2a3cc985f130	assets	images/Foto Artisti/Arredatori/Raffaella Giovannetti/GIOVANNETTI.jpg.webp	\N	2025-01-20 17:18:26.563883+00	2025-03-23 13:50:31.631348+00	2025-01-20 17:18:26.563883+00	{"eTag": "\\"696ba86c8bb89d134bd770ced88cf9d1-1\\"", "size": 38728, "mimetype": "image/webp", "cacheControl": "max-age=3600", "lastModified": "2025-01-20T17:18:27.000Z", "contentLength": 38728, "httpStatusCode": 200}	cf691562-387d-4cd1-a1e8-3466759f7ce4	\N	\N	5
5efe5e5e-2b67-4662-9131-c80d1042b783	assets	images/Foto Artisti/Costumisti/Carlo Poggioli/Carlo_Poggioli.jpeg	\N	2025-01-20 17:18:30.496673+00	2025-03-23 13:50:31.631348+00	2025-01-20 17:18:30.496673+00	{"eTag": "\\"98f3c007f56a5cb4a3300adb9fb75f30-1\\"", "size": 96663, "mimetype": "image/jpeg", "cacheControl": "max-age=3600", "lastModified": "2025-01-20T17:18:31.000Z", "contentLength": 96663, "httpStatusCode": 200}	de0052a7-c3e9-4ee4-9583-7307647c46b6	\N	\N	5
51c2637f-b70f-442f-8710-d3ebf12bf26a	assets	images/Foto Artisti/Costumisti/Eva Coen/Eva_Coen.jpeg	\N	2025-01-20 17:18:30.43186+00	2025-03-23 13:50:31.631348+00	2025-01-20 17:18:30.43186+00	{"eTag": "\\"6ecb9d5a711210259e19e27a63157a39-1\\"", "size": 54756, "mimetype": "image/jpeg", "cacheControl": "max-age=3600", "lastModified": "2025-01-20T17:18:31.000Z", "contentLength": 54756, "httpStatusCode": 200}	032a9e25-8dfe-4914-90f5-bc6e07e62af3	\N	\N	5
3e832991-232c-48a5-8790-051c96f9e328	assets	images/Foto Artisti/Costumisti/Gabriella Pescucci/Gabriella_Pescucci.jpeg	\N	2025-01-20 17:18:30.356062+00	2025-03-23 13:50:31.631348+00	2025-01-20 17:18:30.356062+00	{"eTag": "\\"f2ef9ef617f2f13f025e4b58e35e0904-1\\"", "size": 38230, "mimetype": "image/jpeg", "cacheControl": "max-age=3600", "lastModified": "2025-01-20T17:18:30.000Z", "contentLength": 38230, "httpStatusCode": 200}	699eb76d-0aef-4428-a381-6fae1aa09fce	\N	\N	5
461db313-3c07-4c17-bd9b-24e0076e26bd	assets	images/Foto Artisti/Costumisti/Giorgio Armani/ARMANI.jpg.webp	\N	2025-01-20 17:18:28.856491+00	2025-03-23 13:50:31.631348+00	2025-01-20 17:18:28.856491+00	{"eTag": "\\"7ebd2c4da1c8cf4a347ee05411b98b60-1\\"", "size": 6188, "mimetype": "image/webp", "cacheControl": "max-age=3600", "lastModified": "2025-01-20T17:18:29.000Z", "contentLength": 6188, "httpStatusCode": 200}	dacae84b-b79b-4f47-9bd8-ccae7fe01305	\N	\N	5
58842484-0fa1-4736-b936-04e221cbd776	assets	images/Foto Artisti/Costumisti/Milena Canonero/CANONERO.png.webp	\N	2025-01-20 17:18:30.52352+00	2025-03-23 13:50:31.631348+00	2025-01-20 17:18:30.52352+00	{"eTag": "\\"19a7949b97bdb05e0e0efc03523a2d09-1\\"", "size": 80126, "mimetype": "image/webp", "cacheControl": "max-age=3600", "lastModified": "2025-01-20T17:18:31.000Z", "contentLength": 80126, "httpStatusCode": 200}	0a513ca7-7062-46dc-8590-e27a0ec63be4	\N	\N	5
b0ebf46e-f919-41e0-b8d0-1203d17985a2	assets	images/Foto Artisti/Costumisti/Piero Tosi/Bozzetti/il_gatto_pardo_cludia_cardinale.jpg	\N	2025-01-20 17:19:08.891304+00	2025-03-23 13:50:31.631348+00	2025-01-20 17:19:08.891304+00	{"eTag": "\\"ce43973abf2c8558e7c466fb2506b403-1\\"", "size": 233930, "mimetype": "image/jpeg", "cacheControl": "max-age=3600", "lastModified": "2025-01-20T17:19:09.000Z", "contentLength": 233930, "httpStatusCode": 200}	f33da3af-c898-48c9-b54e-200ba0a39ebe	\N	\N	6
a22a7724-ddc9-4ebc-877a-c1f587963a12	assets	images/Foto Artisti/Costumisti/Piero Tosi/Bozzetti/la_caduta_degli_dei_2.tif	\N	2025-01-20 17:19:09.065993+00	2025-03-23 13:50:31.631348+00	2025-01-20 17:19:09.065993+00	{"eTag": "\\"36bf5afc72151860c08c1322bccac223-1\\"", "size": 4159884, "mimetype": "image/tiff", "cacheControl": "max-age=3600", "lastModified": "2025-01-20T17:19:09.000Z", "contentLength": 4159884, "httpStatusCode": 200}	edae303c-29a5-4048-b412-f7e17cd68835	\N	\N	6
63785c58-138f-49fb-a101-21c915189cd8	assets	images/Foto Artisti/Costumisti/Piero Tosi/Foto dal set/Rocco_e_i_suoi_fratelli_foto_di_G._B._Poletto.jpg	\N	2025-01-20 17:18:52.759935+00	2025-03-23 13:50:31.631348+00	2025-01-20 17:18:52.759935+00	{"eTag": "\\"20d02fd1c3319a2322a19a3e13cdd3ef-1\\"", "size": 964598, "mimetype": "image/jpeg", "cacheControl": "max-age=3600", "lastModified": "2025-01-20T17:18:53.000Z", "contentLength": 964598, "httpStatusCode": 200}	8c8effc2-edae-476c-beeb-b86f6b27a904	\N	\N	6
a569b7cf-66ca-4771-a4c5-93201aa6f8dd	assets	images/Foto Artisti/Costumisti/Piero Tosi/Piero_Tosi.jpeg	\N	2025-01-20 17:18:30.020648+00	2025-03-23 13:50:31.631348+00	2025-01-20 17:18:30.020648+00	{"eTag": "\\"43ae38bcb8070257f19ccd0c854b5767-1\\"", "size": 533347, "mimetype": "image/jpeg", "cacheControl": "max-age=3600", "lastModified": "2025-01-20T17:18:30.000Z", "contentLength": 533347, "httpStatusCode": 200}	66953d49-a2c3-4f1e-9e70-409195c83018	\N	\N	5
8f8bd9e0-bd22-451b-b26b-e602a0d69da2	assets	images/Foto Artisti/Costumisti/Roberto Capucci/CAPUCCI.jpg.webp	\N	2025-01-20 17:18:28.953059+00	2025-03-23 13:50:31.631348+00	2025-01-20 17:18:28.953059+00	{"eTag": "\\"8d6c1a06fc8c1f959e0cc6d92250334d-1\\"", "size": 10102, "mimetype": "image/webp", "cacheControl": "max-age=3600", "lastModified": "2025-01-20T17:18:29.000Z", "contentLength": 10102, "httpStatusCode": 200}	115837c2-88af-4bd5-af00-8ffed1a8f940	\N	\N	5
cdff8a5d-2f77-4b94-8ac8-3eb48913b77c	assets	images/Foto Artisti/Fondazioni/Giorgio Cini/GiorgioCini.png	\N	2025-01-20 17:18:04.038417+00	2025-03-23 13:50:31.631348+00	2025-01-20 17:18:04.038417+00	{"eTag": "\\"40fc3e89676e211cedb8a9fb421de7be-1\\"", "size": 92157, "mimetype": "image/png", "cacheControl": "max-age=3600", "lastModified": "2025-01-20T17:18:04.000Z", "contentLength": 92157, "httpStatusCode": 200}	239d962f-3c9b-452c-824f-5d7d1ceb4c5a	\N	\N	5
890df85c-a02b-42d6-8a1c-c5d057d78838	assets	images/Foto Artisti/Fondazioni/Gramsci/FondazioneGramsci.png	\N	2025-01-20 17:18:05.945415+00	2025-03-23 13:50:31.631348+00	2025-01-20 17:18:05.945415+00	{"eTag": "\\"52d58a8883144bf2a0d4cb7cfc1c4a2c-1\\"", "size": 66746, "mimetype": "image/png", "cacheControl": "max-age=3600", "lastModified": "2025-01-20T17:18:06.000Z", "contentLength": 66746, "httpStatusCode": 200}	92fa1f2f-d478-42e3-8f72-ddacd16b9441	\N	\N	5
c6e99a3a-7159-44c7-b9cb-72ad8bb1b1ef	assets	images/Foto Artisti/Fondazioni/Tirelli Trappetti/TirelliTrappetti.jpeg	\N	2025-01-20 17:18:25.711927+00	2025-03-23 13:50:31.631348+00	2025-01-20 17:18:25.711927+00	{"eTag": "\\"d9e727f0987b786699b823fe1a328dfc-1\\"", "size": 3115, "mimetype": "image/jpeg", "cacheControl": "max-age=3600", "lastModified": "2025-01-20T17:18:26.000Z", "contentLength": 3115, "httpStatusCode": 200}	abbd9d66-e4f6-4b5d-9e62-cdc7a84a6fe2	\N	\N	5
4a9ed0d0-710a-4f08-90ec-6e06a5007819	assets	images/Foto Artisti/Fondazioni/Zeffirelli/FondazioneZeffirelli.png	\N	2025-01-20 17:18:02.437785+00	2025-03-23 13:50:31.631348+00	2025-01-20 17:18:02.437785+00	{"eTag": "\\"267f56d4ce1965c3baf4846b5a116273-1\\"", "size": 7322, "mimetype": "image/png", "cacheControl": "max-age=3600", "lastModified": "2025-01-20T17:18:03.000Z", "contentLength": 7322, "httpStatusCode": 200}	c9545c1a-50d0-409e-b28b-7a84a1e10d6a	\N	\N	5
6fa8c4de-5b7a-4cf4-95e8-5e00d90b2f32	assets	images/Foto Artisti/I Premi/David di Donatello/logo-ocra250.png	\N	2025-01-20 17:18:29.748855+00	2025-03-23 13:50:31.631348+00	2025-01-20 17:18:29.748855+00	{"eTag": "\\"97f5d1c7d93d44d4b63d353aea00b2ff-1\\"", "size": 14032, "mimetype": "image/png", "cacheControl": "max-age=3600", "lastModified": "2025-01-20T17:18:30.000Z", "contentLength": 14032, "httpStatusCode": 200}	2c6b9767-41ff-4503-af22-fb5460db20b6	\N	\N	5
3b2d503a-5958-4d4b-9327-e9a59bb29772	assets	images/Foto Artisti/I Premi/Premio Oscar/Premio_Oscar.jpg	\N	2025-01-20 17:18:31.643452+00	2025-03-23 13:50:31.631348+00	2025-01-20 17:18:31.643452+00	{"eTag": "\\"b585e7aace02166340f3d947cc0c0cf4-1\\"", "size": 195300, "mimetype": "image/jpeg", "cacheControl": "max-age=3600", "lastModified": "2025-01-20T17:18:32.000Z", "contentLength": 195300, "httpStatusCode": 200}	c13f7da6-44eb-4332-8beb-12cfb450f988	\N	\N	5
859ee1d4-9863-4644-9927-bdf121a651a1	assets	images/Foto Artisti/I nostri artigiani/Annamode/loghetto_anna_mode.jpg	\N	2025-01-20 17:18:32.792569+00	2025-03-23 13:50:31.631348+00	2025-01-20 17:18:32.792569+00	{"eTag": "\\"3a1b5cd28e7bf997c021a44c9dcd1e03-1\\"", "size": 18450, "mimetype": "image/jpeg", "cacheControl": "max-age=3600", "lastModified": "2025-01-20T17:18:33.000Z", "contentLength": 18450, "httpStatusCode": 200}	25b7a64a-52fc-4d68-afc9-4f2802f61cd7	\N	\N	5
c0f4c062-80d2-43d5-a318-21a75112aaec	assets	images/Foto Artisti/I nostri artigiani/Tirelli Costumi/Tirelli_INostriArtigiani.png	\N	2025-01-20 17:18:36.185903+00	2025-03-23 13:50:31.631348+00	2025-01-20 17:18:36.185903+00	{"eTag": "\\"d5b33e755b8d1a7118ff7770a2d666cf-1\\"", "size": 47214, "mimetype": "image/png", "cacheControl": "max-age=3600", "lastModified": "2025-01-20T17:18:36.000Z", "contentLength": 47214, "httpStatusCode": 200}	6287651d-5550-4c6b-a18f-fb51677dc6a8	\N	\N	5
ec8e6e5f-7e9c-41ab-aeb0-1a8a9a059761	assets	images/Foto Artisti/Scenografi/Anna Beachler/BEACHLER.jpg.webp	\N	2025-01-20 17:18:32.554206+00	2025-03-23 13:50:31.631348+00	2025-01-20 17:18:32.554206+00	{"eTag": "\\"7a49d0c5dfd9be78d26b66b6d310db77-1\\"", "size": 13302, "mimetype": "image/webp", "cacheControl": "max-age=3600", "lastModified": "2025-01-20T17:18:33.000Z", "contentLength": 13302, "httpStatusCode": 200}	d7e732f6-8619-4c20-813f-017a8fb11674	\N	\N	5
5e680b9b-d1ef-41f0-a7f7-9050de797e68	assets	images/Foto Artisti/Scenografi/Dante Ferretti/FERRETTI.jpg	\N	2025-01-20 17:18:32.770635+00	2025-03-23 13:50:31.631348+00	2025-01-20 17:18:32.770635+00	{"eTag": "\\"e3c12a3f5ff4bdfb21d0a41cfa9dcb71-1\\"", "size": 54067, "mimetype": "image/jpeg", "cacheControl": "max-age=3600", "lastModified": "2025-01-20T17:18:33.000Z", "contentLength": 54067, "httpStatusCode": 200}	d00f8172-4a33-455d-82ec-becf816428fa	\N	\N	5
71908f4c-9465-450e-83b6-225f2383128d	assets	images/Foto Artisti/Scenografi/Franco Zeffirelli/ZEFFIRELLI.jpg.webp	\N	2025-01-20 17:18:32.768669+00	2025-03-23 13:50:31.631348+00	2025-01-20 17:18:32.768669+00	{"eTag": "\\"fb6c439d790a8f458ca6126cde2c6340-1\\"", "size": 16688, "mimetype": "image/webp", "cacheControl": "max-age=3600", "lastModified": "2025-01-20T17:18:33.000Z", "contentLength": 16688, "httpStatusCode": 200}	d76c1574-ba08-4647-b2f9-4d87a5178820	\N	\N	5
587bdf99-2078-4795-9fec-6e4950e2e180	assets	images/Foto Artisti/Scenografi/Gaetano Castelli/CASTELLI_gaetano.jpg.webp	\N	2025-01-20 17:18:40.591598+00	2025-03-23 13:50:31.631348+00	2025-01-20 17:18:40.591598+00	{"eTag": "\\"6ba8a116240fddc4fcab806d5c3ca219-1\\"", "size": 59388, "mimetype": "image/webp", "cacheControl": "max-age=3600", "lastModified": "2025-01-20T17:18:40.000Z", "contentLength": 59388, "httpStatusCode": 200}	1e90c795-13c0-48e0-8d55-3e56111cc155	\N	\N	5
7e4b31f0-2530-4f3c-a1b7-6035f50bd3e4	assets	images/Foto Artisti/Scenografi/Livia Borgognoni/BORGOGNONI.png.webp	\N	2025-01-20 17:18:41.44646+00	2025-03-23 13:50:31.631348+00	2025-01-20 17:18:41.44646+00	{"eTag": "\\"d34782793c2a6105f0a28894e407c40a-1\\"", "size": 76576, "mimetype": "image/webp", "cacheControl": "max-age=3600", "lastModified": "2025-01-20T17:18:42.000Z", "contentLength": 76576, "httpStatusCode": 200}	c3684cae-a468-44cb-8b96-a9f6b8a23c31	\N	\N	5
cbf15579-d745-4239-b68f-59b4bc14272e	assets	images/Foto Artisti/Scenografi/Lorenzo Baraldi/image-w856.jpg.webp	\N	2025-01-20 17:18:33.526184+00	2025-03-23 13:50:31.631348+00	2025-01-20 17:18:33.526184+00	{"eTag": "\\"3e005ee3aba85fe2421717030364fef9-1\\"", "size": 147184, "mimetype": "image/webp", "cacheControl": "max-age=3600", "lastModified": "2025-01-20T17:18:34.000Z", "contentLength": 147184, "httpStatusCode": 200}	1f0401e6-5c76-4c06-9c50-484d6fbe5ca3	\N	\N	5
4bc56b2e-f713-485e-ae19-31f32f0cadac	assets	images/Foto Artisti/Scenografi/Marco Dentici/DENTICI_1.png	\N	2025-01-20 17:18:52.632062+00	2025-03-23 13:50:31.631348+00	2025-01-20 17:18:52.632062+00	{"eTag": "\\"56cae8ae5b214ac3959ba97b898a487a-1\\"", "size": 257805, "mimetype": "image/png", "cacheControl": "max-age=3600", "lastModified": "2025-01-20T17:18:53.000Z", "contentLength": 257805, "httpStatusCode": 200}	c73c956a-a849-4b32-9a00-6412da6186dd	\N	\N	5
0dd0cdd2-41ba-44d6-82e4-64dbf283a7ee	assets	images/Foto Artisti/ScenografiCostumisti/Cappellini_Licheri/Cappellini_Licheri.png	\N	2025-01-20 17:18:27.908258+00	2025-03-23 13:50:31.631348+00	2025-01-20 17:18:27.908258+00	{"eTag": "\\"cd66019a040ab3737f3ed4921a1ae48b-1\\"", "size": 300593, "mimetype": "image/png", "cacheControl": "max-age=3600", "lastModified": "2025-01-20T17:18:28.000Z", "contentLength": 300593, "httpStatusCode": 200}	5cfefd27-c333-47a0-a8c3-808e3da0d73d	\N	\N	5
28b69c71-1cc3-4881-b84f-53c5542827df	assets	images/Foto Artisti/ScenografiCostumisti/Danilo Donati/DONATI.jpg.webp	\N	2025-01-20 17:18:30.360411+00	2025-03-23 13:50:31.631348+00	2025-01-20 17:18:30.360411+00	{"eTag": "\\"6283e3bf64a4bc608e2f3b57ed347a5e-1\\"", "size": 32248, "mimetype": "image/webp", "cacheControl": "max-age=3600", "lastModified": "2025-01-20T17:18:31.000Z", "contentLength": 32248, "httpStatusCode": 200}	dc3f94fc-9da2-42d2-9ccc-927f585bc3a6	\N	\N	5
cf2bee15-4e02-4b8d-84dc-64dcf5913a2e	assets	images/Foto Artisti/ScenografiCostumisti/Tommaso Lagattolla/LAGATTOLLA.jpg	\N	2025-01-20 17:18:27.766046+00	2025-03-23 13:50:31.631348+00	2025-01-20 17:18:27.766046+00	{"eTag": "\\"b150fa47277cacb5a2fbe216b6e9ddc7-1\\"", "size": 21517, "mimetype": "image/jpeg", "cacheControl": "max-age=3600", "lastModified": "2025-01-20T17:18:28.000Z", "contentLength": 21517, "httpStatusCode": 200}	849fed25-4b3e-4e50-8694-db746d06552a	\N	\N	5
808920f0-93f9-4c76-8d60-c32b953cca25	assets	images/Riviste/Rivista_10_Pagina.jpg	\N	2025-01-20 17:18:05.756529+00	2025-03-23 13:50:31.631348+00	2025-01-20 17:18:05.756529+00	{"eTag": "\\"f4ffa58de9d19b297163704ae45a9a3d-1\\"", "size": 1093691, "mimetype": "image/jpeg", "cacheControl": "max-age=3600", "lastModified": "2025-01-20T17:18:06.000Z", "contentLength": 1093691, "httpStatusCode": 200}	f5239519-5d30-452c-befe-d97fdc9edd3f	\N	\N	3
258a6fb6-b1b2-4540-a5fd-718cccca17b9	assets	images/Riviste/Rivista_11_Pagina.jpeg	\N	2025-01-20 17:18:05.615971+00	2025-03-23 13:50:31.631348+00	2025-01-20 17:18:05.615971+00	{"eTag": "\\"71245de051248777d2f89a2b9ca1c64c-1\\"", "size": 700204, "mimetype": "image/jpeg", "cacheControl": "max-age=3600", "lastModified": "2025-01-20T17:18:06.000Z", "contentLength": 700204, "httpStatusCode": 200}	db25ae29-6e14-4395-9663-dc1a3f8fb56c	\N	\N	3
685910f0-4dad-4413-9b67-70e5d5046e23	assets	images/Riviste/Rivista_15_Pagina.jpeg	\N	2025-01-20 17:18:16.08769+00	2025-03-23 13:50:31.631348+00	2025-01-20 17:18:16.08769+00	{"eTag": "\\"91f22762d3848111d41365998c85e120-1\\"", "size": 633344, "mimetype": "image/jpeg", "cacheControl": "max-age=3600", "lastModified": "2025-01-20T17:18:16.000Z", "contentLength": 633344, "httpStatusCode": 200}	95c18cb2-3e21-45c5-acb1-9b8055553860	\N	\N	3
8892a9fc-3a4a-4bb4-a7e5-176dd9813e43	assets	images/Riviste/Rivista_5_Pagina.jpeg	\N	2025-01-20 17:17:49.747617+00	2025-03-23 13:50:31.631348+00	2025-01-20 17:17:49.747617+00	{"eTag": "\\"2fc2d14a5e7b5ef0bb7bd38cd3c39c49-1\\"", "size": 613451, "mimetype": "image/jpeg", "cacheControl": "max-age=3600", "lastModified": "2025-01-20T17:17:50.000Z", "contentLength": 613451, "httpStatusCode": 200}	44ddce34-f99b-41c5-811f-6f1cbd14ca15	\N	\N	3
84ad2293-9f1b-4113-8db7-7a0ad2057f22	assets	Credits Page/Logo-TOCC- 1.png	\N	2025-04-17 11:05:21.938171+00	2025-04-17 11:05:21.938171+00	2025-04-17 11:05:21.938171+00	{"eTag": "\\"78c6c5f9bd6f69794fc31e32f7197902-1\\"", "size": 24595, "mimetype": "image/png", "cacheControl": "max-age=3600", "lastModified": "2025-04-17T11:05:22.000Z", "contentLength": 24595, "httpStatusCode": 200}	961bb548-d1cb-46c2-841f-eebf7c987cca	\N	\N	2
a243b418-6634-4041-9f0f-046e1c753f94	assets	Credits Page/logo EDASC-red 2.png	\N	2025-04-17 11:05:21.983694+00	2025-04-17 11:05:21.983694+00	2025-04-17 11:05:21.983694+00	{"eTag": "\\"e825f607653abd46d6078166dbe37e8d-1\\"", "size": 25853, "mimetype": "image/png", "cacheControl": "max-age=3600", "lastModified": "2025-04-17T11:05:22.000Z", "contentLength": 25853, "httpStatusCode": 200}	e37355ea-027d-4bdd-bbaf-51a25bcbc2b7	\N	\N	2
\.


--
-- Data for Name: prefixes; Type: TABLE DATA; Schema: storage; Owner: supabase_storage_admin
--

COPY storage.prefixes (bucket_id, name, created_at, updated_at) FROM stdin;
assets	PDF	2025-03-23 13:50:31.621085+00	2025-03-23 13:50:31.621085+00
assets	PDF/Piero Tosi	2025-03-23 13:50:31.621085+00	2025-03-23 13:50:31.621085+00
assets	PDF/Tommaso Lagattolla	2025-03-23 13:50:31.621085+00	2025-03-23 13:50:31.621085+00
assets	a spasso con	2025-03-23 13:50:31.621085+00	2025-03-23 13:50:31.621085+00
assets	a spasso con/A spasso con	2025-03-23 13:50:31.621085+00	2025-03-23 13:50:31.621085+00
assets	a spasso con/Bari Tommaso Lagattolla	2025-03-23 13:50:31.621085+00	2025-03-23 13:50:31.621085+00
assets	images	2025-03-23 13:50:31.621085+00	2025-03-23 13:50:31.621085+00
assets	images/Foto Artisti	2025-03-23 13:50:31.621085+00	2025-03-23 13:50:31.621085+00
assets	images/Foto Artisti/Arredatori	2025-03-23 13:50:31.621085+00	2025-03-23 13:50:31.621085+00
assets	images/Foto Artisti/Arredatori/Bruno Amalfitano	2025-03-23 13:50:31.621085+00	2025-03-23 13:50:31.621085+00
assets	images/Foto Artisti/Arredatori/Cristiana Possenti	2025-03-23 13:50:31.621085+00	2025-03-23 13:50:31.621085+00
assets	images/Foto Artisti/Arredatori/Ezio Di Monte	2025-03-23 13:50:31.621085+00	2025-03-23 13:50:31.621085+00
assets	images/Foto Artisti/Arredatori/Francesca Lo Schiavo	2025-03-23 13:50:31.621085+00	2025-03-23 13:50:31.621085+00
assets	images/Foto Artisti/Arredatori/Gaia Zambelli	2025-03-23 13:50:31.621085+00	2025-03-23 13:50:31.621085+00
assets	images/Foto Artisti/Arredatori/Laura Casalini	2025-03-23 13:50:31.621085+00	2025-03-23 13:50:31.621085+00
assets	images/Foto Artisti/Arredatori/Raffaella Giovannetti	2025-03-23 13:50:31.621085+00	2025-03-23 13:50:31.621085+00
assets	images/Foto Artisti/Costumisti	2025-03-23 13:50:31.621085+00	2025-03-23 13:50:31.621085+00
assets	images/Foto Artisti/Costumisti/Carlo Poggioli	2025-03-23 13:50:31.621085+00	2025-03-23 13:50:31.621085+00
assets	images/Foto Artisti/Costumisti/Eva Coen	2025-03-23 13:50:31.621085+00	2025-03-23 13:50:31.621085+00
assets	images/Foto Artisti/Costumisti/Gabriella Pescucci	2025-03-23 13:50:31.621085+00	2025-03-23 13:50:31.621085+00
assets	images/Foto Artisti/Costumisti/Giorgio Armani	2025-03-23 13:50:31.621085+00	2025-03-23 13:50:31.621085+00
assets	images/Foto Artisti/Costumisti/Milena Canonero	2025-03-23 13:50:31.621085+00	2025-03-23 13:50:31.621085+00
assets	images/Foto Artisti/Costumisti/Piero Tosi	2025-03-23 13:50:31.621085+00	2025-03-23 13:50:31.621085+00
assets	images/Foto Artisti/Costumisti/Piero Tosi/Bozzetti	2025-03-23 13:50:31.621085+00	2025-03-23 13:50:31.621085+00
assets	images/Foto Artisti/Costumisti/Piero Tosi/Foto dal set	2025-03-23 13:50:31.621085+00	2025-03-23 13:50:31.621085+00
assets	images/Foto Artisti/Costumisti/Roberto Capucci	2025-03-23 13:50:31.621085+00	2025-03-23 13:50:31.621085+00
assets	images/Foto Artisti/Fondazioni	2025-03-23 13:50:31.621085+00	2025-03-23 13:50:31.621085+00
assets	images/Foto Artisti/Fondazioni/Giorgio Cini	2025-03-23 13:50:31.621085+00	2025-03-23 13:50:31.621085+00
assets	images/Foto Artisti/Fondazioni/Gramsci	2025-03-23 13:50:31.621085+00	2025-03-23 13:50:31.621085+00
assets	images/Foto Artisti/Fondazioni/Tirelli Trappetti	2025-03-23 13:50:31.621085+00	2025-03-23 13:50:31.621085+00
assets	images/Foto Artisti/Fondazioni/Zeffirelli	2025-03-23 13:50:31.621085+00	2025-03-23 13:50:31.621085+00
assets	images/Foto Artisti/I Premi	2025-03-23 13:50:31.621085+00	2025-03-23 13:50:31.621085+00
assets	images/Foto Artisti/I Premi/David di Donatello	2025-03-23 13:50:31.621085+00	2025-03-23 13:50:31.621085+00
assets	images/Foto Artisti/I Premi/Premio Oscar	2025-03-23 13:50:31.621085+00	2025-03-23 13:50:31.621085+00
assets	images/Foto Artisti/I nostri artigiani	2025-03-23 13:50:31.621085+00	2025-03-23 13:50:31.621085+00
assets	images/Foto Artisti/I nostri artigiani/Annamode	2025-03-23 13:50:31.621085+00	2025-03-23 13:50:31.621085+00
assets	images/Foto Artisti/I nostri artigiani/Tirelli Costumi	2025-03-23 13:50:31.621085+00	2025-03-23 13:50:31.621085+00
assets	images/Foto Artisti/Scenografi	2025-03-23 13:50:31.621085+00	2025-03-23 13:50:31.621085+00
assets	images/Foto Artisti/Scenografi/Anna Beachler	2025-03-23 13:50:31.621085+00	2025-03-23 13:50:31.621085+00
assets	images/Foto Artisti/Scenografi/Dante Ferretti	2025-03-23 13:50:31.621085+00	2025-03-23 13:50:31.621085+00
assets	images/Foto Artisti/Scenografi/Franco Zeffirelli	2025-03-23 13:50:31.621085+00	2025-03-23 13:50:31.621085+00
assets	images/Foto Artisti/Scenografi/Gaetano Castelli	2025-03-23 13:50:31.621085+00	2025-03-23 13:50:31.621085+00
assets	images/Foto Artisti/Scenografi/Livia Borgognoni	2025-03-23 13:50:31.621085+00	2025-03-23 13:50:31.621085+00
assets	images/Foto Artisti/Scenografi/Lorenzo Baraldi	2025-03-23 13:50:31.621085+00	2025-03-23 13:50:31.621085+00
assets	images/Foto Artisti/Scenografi/Marco Dentici	2025-03-23 13:50:31.621085+00	2025-03-23 13:50:31.621085+00
assets	images/Foto Artisti/ScenografiCostumisti	2025-03-23 13:50:31.621085+00	2025-03-23 13:50:31.621085+00
assets	images/Foto Artisti/ScenografiCostumisti/Cappellini_Licheri	2025-03-23 13:50:31.621085+00	2025-03-23 13:50:31.621085+00
assets	images/Foto Artisti/ScenografiCostumisti/Danilo Donati	2025-03-23 13:50:31.621085+00	2025-03-23 13:50:31.621085+00
assets	images/Foto Artisti/ScenografiCostumisti/Tommaso Lagattolla	2025-03-23 13:50:31.621085+00	2025-03-23 13:50:31.621085+00
assets	images/Riviste	2025-03-23 13:50:31.621085+00	2025-03-23 13:50:31.621085+00
assets	Credits Page	2025-04-17 11:05:12.783551+00	2025-04-17 11:05:12.783551+00
\.


--
-- Data for Name: s3_multipart_uploads; Type: TABLE DATA; Schema: storage; Owner: supabase_storage_admin
--

COPY storage.s3_multipart_uploads (id, in_progress_size, upload_signature, bucket_id, key, version, owner_id, created_at, user_metadata) FROM stdin;
\.


--
-- Data for Name: s3_multipart_uploads_parts; Type: TABLE DATA; Schema: storage; Owner: supabase_storage_admin
--

COPY storage.s3_multipart_uploads_parts (id, upload_id, size, part_number, bucket_id, key, etag, owner_id, version, created_at) FROM stdin;
\.


--
-- Data for Name: secrets; Type: TABLE DATA; Schema: vault; Owner: supabase_admin
--

COPY vault.secrets (id, name, description, secret, key_id, nonce, created_at, updated_at) FROM stdin;
\.


--
-- Name: refresh_tokens_id_seq; Type: SEQUENCE SET; Schema: auth; Owner: supabase_auth_admin
--

SELECT pg_catalog.setval('auth.refresh_tokens_id_seq', 121, true);


--
-- Name: key_key_id_seq; Type: SEQUENCE SET; Schema: pgsodium; Owner: supabase_admin
--

SELECT pg_catalog.setval('pgsodium.key_key_id_seq', 1, false);


--
-- Name: subscription_id_seq; Type: SEQUENCE SET; Schema: realtime; Owner: supabase_admin
--

SELECT pg_catalog.setval('realtime.subscription_id_seq', 1, false);


--
-- Name: mfa_amr_claims amr_id_pk; Type: CONSTRAINT; Schema: auth; Owner: supabase_auth_admin
--

ALTER TABLE ONLY auth.mfa_amr_claims
    ADD CONSTRAINT amr_id_pk PRIMARY KEY (id);


--
-- Name: audit_log_entries audit_log_entries_pkey; Type: CONSTRAINT; Schema: auth; Owner: supabase_auth_admin
--

ALTER TABLE ONLY auth.audit_log_entries
    ADD CONSTRAINT audit_log_entries_pkey PRIMARY KEY (id);


--
-- Name: flow_state flow_state_pkey; Type: CONSTRAINT; Schema: auth; Owner: supabase_auth_admin
--

ALTER TABLE ONLY auth.flow_state
    ADD CONSTRAINT flow_state_pkey PRIMARY KEY (id);


--
-- Name: identities identities_pkey; Type: CONSTRAINT; Schema: auth; Owner: supabase_auth_admin
--

ALTER TABLE ONLY auth.identities
    ADD CONSTRAINT identities_pkey PRIMARY KEY (id);


--
-- Name: identities identities_provider_id_provider_unique; Type: CONSTRAINT; Schema: auth; Owner: supabase_auth_admin
--

ALTER TABLE ONLY auth.identities
    ADD CONSTRAINT identities_provider_id_provider_unique UNIQUE (provider_id, provider);


--
-- Name: instances instances_pkey; Type: CONSTRAINT; Schema: auth; Owner: supabase_auth_admin
--

ALTER TABLE ONLY auth.instances
    ADD CONSTRAINT instances_pkey PRIMARY KEY (id);


--
-- Name: mfa_amr_claims mfa_amr_claims_session_id_authentication_method_pkey; Type: CONSTRAINT; Schema: auth; Owner: supabase_auth_admin
--

ALTER TABLE ONLY auth.mfa_amr_claims
    ADD CONSTRAINT mfa_amr_claims_session_id_authentication_method_pkey UNIQUE (session_id, authentication_method);


--
-- Name: mfa_challenges mfa_challenges_pkey; Type: CONSTRAINT; Schema: auth; Owner: supabase_auth_admin
--

ALTER TABLE ONLY auth.mfa_challenges
    ADD CONSTRAINT mfa_challenges_pkey PRIMARY KEY (id);


--
-- Name: mfa_factors mfa_factors_last_challenged_at_key; Type: CONSTRAINT; Schema: auth; Owner: supabase_auth_admin
--

ALTER TABLE ONLY auth.mfa_factors
    ADD CONSTRAINT mfa_factors_last_challenged_at_key UNIQUE (last_challenged_at);


--
-- Name: mfa_factors mfa_factors_pkey; Type: CONSTRAINT; Schema: auth; Owner: supabase_auth_admin
--

ALTER TABLE ONLY auth.mfa_factors
    ADD CONSTRAINT mfa_factors_pkey PRIMARY KEY (id);


--
-- Name: oauth_clients oauth_clients_client_id_key; Type: CONSTRAINT; Schema: auth; Owner: supabase_auth_admin
--

ALTER TABLE ONLY auth.oauth_clients
    ADD CONSTRAINT oauth_clients_client_id_key UNIQUE (client_id);


--
-- Name: oauth_clients oauth_clients_pkey; Type: CONSTRAINT; Schema: auth; Owner: supabase_auth_admin
--

ALTER TABLE ONLY auth.oauth_clients
    ADD CONSTRAINT oauth_clients_pkey PRIMARY KEY (id);


--
-- Name: one_time_tokens one_time_tokens_pkey; Type: CONSTRAINT; Schema: auth; Owner: supabase_auth_admin
--

ALTER TABLE ONLY auth.one_time_tokens
    ADD CONSTRAINT one_time_tokens_pkey PRIMARY KEY (id);


--
-- Name: refresh_tokens refresh_tokens_pkey; Type: CONSTRAINT; Schema: auth; Owner: supabase_auth_admin
--

ALTER TABLE ONLY auth.refresh_tokens
    ADD CONSTRAINT refresh_tokens_pkey PRIMARY KEY (id);


--
-- Name: refresh_tokens refresh_tokens_token_unique; Type: CONSTRAINT; Schema: auth; Owner: supabase_auth_admin
--

ALTER TABLE ONLY auth.refresh_tokens
    ADD CONSTRAINT refresh_tokens_token_unique UNIQUE (token);


--
-- Name: saml_providers saml_providers_entity_id_key; Type: CONSTRAINT; Schema: auth; Owner: supabase_auth_admin
--

ALTER TABLE ONLY auth.saml_providers
    ADD CONSTRAINT saml_providers_entity_id_key UNIQUE (entity_id);


--
-- Name: saml_providers saml_providers_pkey; Type: CONSTRAINT; Schema: auth; Owner: supabase_auth_admin
--

ALTER TABLE ONLY auth.saml_providers
    ADD CONSTRAINT saml_providers_pkey PRIMARY KEY (id);


--
-- Name: saml_relay_states saml_relay_states_pkey; Type: CONSTRAINT; Schema: auth; Owner: supabase_auth_admin
--

ALTER TABLE ONLY auth.saml_relay_states
    ADD CONSTRAINT saml_relay_states_pkey PRIMARY KEY (id);


--
-- Name: schema_migrations schema_migrations_pkey; Type: CONSTRAINT; Schema: auth; Owner: supabase_auth_admin
--

ALTER TABLE ONLY auth.schema_migrations
    ADD CONSTRAINT schema_migrations_pkey PRIMARY KEY (version);


--
-- Name: sessions sessions_pkey; Type: CONSTRAINT; Schema: auth; Owner: supabase_auth_admin
--

ALTER TABLE ONLY auth.sessions
    ADD CONSTRAINT sessions_pkey PRIMARY KEY (id);


--
-- Name: sso_domains sso_domains_pkey; Type: CONSTRAINT; Schema: auth; Owner: supabase_auth_admin
--

ALTER TABLE ONLY auth.sso_domains
    ADD CONSTRAINT sso_domains_pkey PRIMARY KEY (id);


--
-- Name: sso_providers sso_providers_pkey; Type: CONSTRAINT; Schema: auth; Owner: supabase_auth_admin
--

ALTER TABLE ONLY auth.sso_providers
    ADD CONSTRAINT sso_providers_pkey PRIMARY KEY (id);


--
-- Name: users users_phone_key; Type: CONSTRAINT; Schema: auth; Owner: supabase_auth_admin
--

ALTER TABLE ONLY auth.users
    ADD CONSTRAINT users_phone_key UNIQUE (phone);


--
-- Name: users users_pkey; Type: CONSTRAINT; Schema: auth; Owner: supabase_auth_admin
--

ALTER TABLE ONLY auth.users
    ADD CONSTRAINT users_pkey PRIMARY KEY (id);


--
-- Name: artist_to_artist_to_bibliography artist_to_artist_to_bibliography_pkey; Type: CONSTRAINT; Schema: public; Owner: postgres
--

ALTER TABLE ONLY public.artist_to_artist_to_bibliography
    ADD CONSTRAINT artist_to_artist_to_bibliography_pkey PRIMARY KEY (artist_id, bibliography_id);


--
-- Name: artist_to_artist_to_video_interview artist_to_artist_to_video_interview_pkey; Type: CONSTRAINT; Schema: public; Owner: postgres
--

ALTER TABLE ONLY public.artist_to_artist_to_video_interview
    ADD CONSTRAINT artist_to_artist_to_video_interview_pkey PRIMARY KEY (artist_id, videointerview_id);


--
-- Name: artist_to_cinematic_work artist_to_cinematic_work_pkey; Type: CONSTRAINT; Schema: public; Owner: postgres
--

ALTER TABLE ONLY public.artist_to_cinematic_work
    ADD CONSTRAINT artist_to_cinematic_work_pkey PRIMARY KEY (artist_id, cinematic_work_id);


--
-- Name: artist_to_custom_folder artist_to_custom_folder_pkey; Type: CONSTRAINT; Schema: public; Owner: postgres
--

ALTER TABLE ONLY public.artist_to_custom_folder
    ADD CONSTRAINT artist_to_custom_folder_pkey PRIMARY KEY (artist_id, custom_folder_id);


--
-- Name: artist_to_exhibition artist_to_exhibition_pkey; Type: CONSTRAINT; Schema: public; Owner: postgres
--

ALTER TABLE ONLY public.artist_to_exhibition
    ADD CONSTRAINT artist_to_exhibition_pkey PRIMARY KEY (artist_id, exhibition_id);


--
-- Name: artist_to_interview artist_to_interview_pkey; Type: CONSTRAINT; Schema: public; Owner: postgres
--

ALTER TABLE ONLY public.artist_to_interview
    ADD CONSTRAINT artist_to_interview_pkey PRIMARY KEY (artist_id, interview_id);


--
-- Name: artist_to_magazine artist_to_magazine_pkey; Type: CONSTRAINT; Schema: public; Owner: postgres
--

ALTER TABLE ONLY public.artist_to_magazine
    ADD CONSTRAINT artist_to_magazine_pkey PRIMARY KEY (artist_id, magazine_id);


--
-- Name: artist_to_map_pin artist_to_map_pin_pkey; Type: CONSTRAINT; Schema: public; Owner: postgres
--

ALTER TABLE ONLY public.artist_to_map_pin
    ADD CONSTRAINT artist_to_map_pin_pkey PRIMARY KEY (artist_id, map_pin_id);


--
-- Name: artist_to_profession artist_to_profession_pkey; Type: CONSTRAINT; Schema: public; Owner: postgres
--

ALTER TABLE ONLY public.artist_to_profession
    ADD CONSTRAINT artist_to_profession_pkey PRIMARY KEY (artist_id, profession_id);


--
-- Name: artist_to_scene_photo artist_to_scene_photo_pkey; Type: CONSTRAINT; Schema: public; Owner: postgres
--

ALTER TABLE ONLY public.artist_to_scene_photo
    ADD CONSTRAINT artist_to_scene_photo_pkey PRIMARY KEY (artist_id, scene_photo_id);


--
-- Name: artist_to_set_photo artist_to_set_photo_pkey; Type: CONSTRAINT; Schema: public; Owner: postgres
--

ALTER TABLE ONLY public.artist_to_set_photo
    ADD CONSTRAINT artist_to_set_photo_pkey PRIMARY KEY (artist_id, set_photo_id);


--
-- Name: artist_to_sketch artist_to_sketch_pkey; Type: CONSTRAINT; Schema: public; Owner: postgres
--

ALTER TABLE ONLY public.artist_to_sketch
    ADD CONSTRAINT artist_to_sketch_pkey PRIMARY KEY (artist_id, sketch_id);


--
-- Name: artist_to_tag artist_to_tag_pkey; Type: CONSTRAINT; Schema: public; Owner: postgres
--

ALTER TABLE ONLY public.artist_to_tag
    ADD CONSTRAINT artist_to_tag_pkey PRIMARY KEY (artist_id, tag_id);


--
-- Name: artist_to_theatre_work artist_to_theatre_work_pkey; Type: CONSTRAINT; Schema: public; Owner: postgres
--

ALTER TABLE ONLY public.artist_to_theatre_work
    ADD CONSTRAINT artist_to_theatre_work_pkey PRIMARY KEY (artist_id, theatre_work_id);


--
-- Name: artists artists_id_key; Type: CONSTRAINT; Schema: public; Owner: postgres
--

ALTER TABLE ONLY public.artists
    ADD CONSTRAINT artists_id_key UNIQUE (id);


--
-- Name: artists artists_pkey; Type: CONSTRAINT; Schema: public; Owner: postgres
--

ALTER TABLE ONLY public.artists
    ADD CONSTRAINT artists_pkey PRIMARY KEY (id);


--
-- Name: artists artists_url_id_key; Type: CONSTRAINT; Schema: public; Owner: postgres
--

ALTER TABLE ONLY public.artists
    ADD CONSTRAINT artists_url_id_key UNIQUE (url_id);


--
-- Name: bibliography bibliography_id_key; Type: CONSTRAINT; Schema: public; Owner: postgres
--

ALTER TABLE ONLY public.bibliography
    ADD CONSTRAINT bibliography_id_key UNIQUE (id);


--
-- Name: bibliography bibliography_pkey; Type: CONSTRAINT; Schema: public; Owner: postgres
--

ALTER TABLE ONLY public.bibliography
    ADD CONSTRAINT bibliography_pkey PRIMARY KEY (id);


--
-- Name: cinematic_works cinematic_works_id_key; Type: CONSTRAINT; Schema: public; Owner: postgres
--

ALTER TABLE ONLY public.cinematic_works
    ADD CONSTRAINT cinematic_works_id_key UNIQUE (id);


--
-- Name: cinematic_works cinematic_works_pkey; Type: CONSTRAINT; Schema: public; Owner: postgres
--

ALTER TABLE ONLY public.cinematic_works
    ADD CONSTRAINT cinematic_works_pkey PRIMARY KEY (id);


--
-- Name: credits credits_pkey; Type: CONSTRAINT; Schema: public; Owner: postgres
--

ALTER TABLE ONLY public.credits
    ADD CONSTRAINT credits_pkey PRIMARY KEY (id);


--
-- Name: custom_folders custom_folders_pkey; Type: CONSTRAINT; Schema: public; Owner: postgres
--

ALTER TABLE ONLY public.custom_folders
    ADD CONSTRAINT custom_folders_pkey PRIMARY KEY (id);


--
-- Name: exhibitions exhibitions_id_key; Type: CONSTRAINT; Schema: public; Owner: postgres
--

ALTER TABLE ONLY public.exhibitions
    ADD CONSTRAINT exhibitions_id_key UNIQUE (id);


--
-- Name: exhibitions exhibitions_pkey; Type: CONSTRAINT; Schema: public; Owner: postgres
--

ALTER TABLE ONLY public.exhibitions
    ADD CONSTRAINT exhibitions_pkey PRIMARY KEY (id);


--
-- Name: interviews interviews_id_key; Type: CONSTRAINT; Schema: public; Owner: postgres
--

ALTER TABLE ONLY public.interviews
    ADD CONSTRAINT interviews_id_key UNIQUE (id);


--
-- Name: interviews interviews_pkey; Type: CONSTRAINT; Schema: public; Owner: postgres
--

ALTER TABLE ONLY public.interviews
    ADD CONSTRAINT interviews_pkey PRIMARY KEY (id);


--
-- Name: magazines magazines_id_key; Type: CONSTRAINT; Schema: public; Owner: postgres
--

ALTER TABLE ONLY public.magazines
    ADD CONSTRAINT magazines_id_key UNIQUE (id);


--
-- Name: magazines magazines_pkey; Type: CONSTRAINT; Schema: public; Owner: postgres
--

ALTER TABLE ONLY public.magazines
    ADD CONSTRAINT magazines_pkey PRIMARY KEY (id);


--
-- Name: map_pin map_pin_id_key; Type: CONSTRAINT; Schema: public; Owner: postgres
--

ALTER TABLE ONLY public.map_pin
    ADD CONSTRAINT map_pin_id_key UNIQUE (id);


--
-- Name: map_pin map_pin_pkey; Type: CONSTRAINT; Schema: public; Owner: postgres
--

ALTER TABLE ONLY public.map_pin
    ADD CONSTRAINT map_pin_pkey PRIMARY KEY (id);


--
-- Name: pages pages_id_key; Type: CONSTRAINT; Schema: public; Owner: postgres
--

ALTER TABLE ONLY public.pages
    ADD CONSTRAINT pages_id_key UNIQUE (id);


--
-- Name: pages pages_pkey; Type: CONSTRAINT; Schema: public; Owner: postgres
--

ALTER TABLE ONLY public.pages
    ADD CONSTRAINT pages_pkey PRIMARY KEY (id);


--
-- Name: professions professions_id_key; Type: CONSTRAINT; Schema: public; Owner: postgres
--

ALTER TABLE ONLY public.professions
    ADD CONSTRAINT professions_id_key UNIQUE (id);


--
-- Name: professions professions_pkey; Type: CONSTRAINT; Schema: public; Owner: postgres
--

ALTER TABLE ONLY public.professions
    ADD CONSTRAINT professions_pkey PRIMARY KEY (id);


--
-- Name: scene_photos scene_photos_id_key; Type: CONSTRAINT; Schema: public; Owner: postgres
--

ALTER TABLE ONLY public.scene_photos
    ADD CONSTRAINT scene_photos_id_key UNIQUE (id);


--
-- Name: scene_photos scene_photos_pkey; Type: CONSTRAINT; Schema: public; Owner: postgres
--

ALTER TABLE ONLY public.scene_photos
    ADD CONSTRAINT scene_photos_pkey PRIMARY KEY (id);


--
-- Name: set_photos set_photos_id_key; Type: CONSTRAINT; Schema: public; Owner: postgres
--

ALTER TABLE ONLY public.set_photos
    ADD CONSTRAINT set_photos_id_key UNIQUE (id);


--
-- Name: set_photos set_photos_pkey; Type: CONSTRAINT; Schema: public; Owner: postgres
--

ALTER TABLE ONLY public.set_photos
    ADD CONSTRAINT set_photos_pkey PRIMARY KEY (id);


--
-- Name: settings settings_pkey; Type: CONSTRAINT; Schema: public; Owner: postgres
--

ALTER TABLE ONLY public.settings
    ADD CONSTRAINT settings_pkey PRIMARY KEY (id);


--
-- Name: sketches sketches_id_key; Type: CONSTRAINT; Schema: public; Owner: postgres
--

ALTER TABLE ONLY public.sketches
    ADD CONSTRAINT sketches_id_key UNIQUE (id);


--
-- Name: sketches sketches_pkey; Type: CONSTRAINT; Schema: public; Owner: postgres
--

ALTER TABLE ONLY public.sketches
    ADD CONSTRAINT sketches_pkey PRIMARY KEY (id);


--
-- Name: tags tags_id_key; Type: CONSTRAINT; Schema: public; Owner: postgres
--

ALTER TABLE ONLY public.tags
    ADD CONSTRAINT tags_id_key UNIQUE (id);


--
-- Name: tags tags_pkey; Type: CONSTRAINT; Schema: public; Owner: postgres
--

ALTER TABLE ONLY public.tags
    ADD CONSTRAINT tags_pkey PRIMARY KEY (id);


--
-- Name: theatre_performances theatre_performances_id_key; Type: CONSTRAINT; Schema: public; Owner: postgres
--

ALTER TABLE ONLY public.theatre_performances
    ADD CONSTRAINT theatre_performances_id_key UNIQUE (id);


--
-- Name: theatre_performances theatre_performances_pkey; Type: CONSTRAINT; Schema: public; Owner: postgres
--

ALTER TABLE ONLY public.theatre_performances
    ADD CONSTRAINT theatre_performances_pkey PRIMARY KEY (id);


--
-- Name: videointerviews videointerviews_id_key; Type: CONSTRAINT; Schema: public; Owner: postgres
--

ALTER TABLE ONLY public.videointerviews
    ADD CONSTRAINT videointerviews_id_key UNIQUE (id);


--
-- Name: videointerviews videointerviews_pkey; Type: CONSTRAINT; Schema: public; Owner: postgres
--

ALTER TABLE ONLY public.videointerviews
    ADD CONSTRAINT videointerviews_pkey PRIMARY KEY (id);


--
-- Name: messages messages_pkey; Type: CONSTRAINT; Schema: realtime; Owner: supabase_realtime_admin
--

ALTER TABLE ONLY realtime.messages
    ADD CONSTRAINT messages_pkey PRIMARY KEY (id, inserted_at);


--
-- Name: subscription pk_subscription; Type: CONSTRAINT; Schema: realtime; Owner: supabase_admin
--

ALTER TABLE ONLY realtime.subscription
    ADD CONSTRAINT pk_subscription PRIMARY KEY (id);


--
-- Name: schema_migrations schema_migrations_pkey; Type: CONSTRAINT; Schema: realtime; Owner: supabase_admin
--

ALTER TABLE ONLY realtime.schema_migrations
    ADD CONSTRAINT schema_migrations_pkey PRIMARY KEY (version);


--
-- Name: buckets buckets_pkey; Type: CONSTRAINT; Schema: storage; Owner: supabase_storage_admin
--

ALTER TABLE ONLY storage.buckets
    ADD CONSTRAINT buckets_pkey PRIMARY KEY (id);


--
-- Name: migrations migrations_name_key; Type: CONSTRAINT; Schema: storage; Owner: supabase_storage_admin
--

ALTER TABLE ONLY storage.migrations
    ADD CONSTRAINT migrations_name_key UNIQUE (name);


--
-- Name: migrations migrations_pkey; Type: CONSTRAINT; Schema: storage; Owner: supabase_storage_admin
--

ALTER TABLE ONLY storage.migrations
    ADD CONSTRAINT migrations_pkey PRIMARY KEY (id);


--
-- Name: objects objects_pkey; Type: CONSTRAINT; Schema: storage; Owner: supabase_storage_admin
--

ALTER TABLE ONLY storage.objects
    ADD CONSTRAINT objects_pkey PRIMARY KEY (id);


--
-- Name: prefixes prefixes_pkey; Type: CONSTRAINT; Schema: storage; Owner: supabase_storage_admin
--

ALTER TABLE ONLY storage.prefixes
    ADD CONSTRAINT prefixes_pkey PRIMARY KEY (bucket_id, level, name);


--
-- Name: s3_multipart_uploads_parts s3_multipart_uploads_parts_pkey; Type: CONSTRAINT; Schema: storage; Owner: supabase_storage_admin
--

ALTER TABLE ONLY storage.s3_multipart_uploads_parts
    ADD CONSTRAINT s3_multipart_uploads_parts_pkey PRIMARY KEY (id);


--
-- Name: s3_multipart_uploads s3_multipart_uploads_pkey; Type: CONSTRAINT; Schema: storage; Owner: supabase_storage_admin
--

ALTER TABLE ONLY storage.s3_multipart_uploads
    ADD CONSTRAINT s3_multipart_uploads_pkey PRIMARY KEY (id);


--
-- Name: audit_logs_instance_id_idx; Type: INDEX; Schema: auth; Owner: supabase_auth_admin
--

CREATE INDEX audit_logs_instance_id_idx ON auth.audit_log_entries USING btree (instance_id);


--
-- Name: confirmation_token_idx; Type: INDEX; Schema: auth; Owner: supabase_auth_admin
--

CREATE UNIQUE INDEX confirmation_token_idx ON auth.users USING btree (confirmation_token) WHERE ((confirmation_token)::text !~ '^[0-9 ]*$'::text);


--
-- Name: email_change_token_current_idx; Type: INDEX; Schema: auth; Owner: supabase_auth_admin
--

CREATE UNIQUE INDEX email_change_token_current_idx ON auth.users USING btree (email_change_token_current) WHERE ((email_change_token_current)::text !~ '^[0-9 ]*$'::text);


--
-- Name: email_change_token_new_idx; Type: INDEX; Schema: auth; Owner: supabase_auth_admin
--

CREATE UNIQUE INDEX email_change_token_new_idx ON auth.users USING btree (email_change_token_new) WHERE ((email_change_token_new)::text !~ '^[0-9 ]*$'::text);


--
-- Name: factor_id_created_at_idx; Type: INDEX; Schema: auth; Owner: supabase_auth_admin
--

CREATE INDEX factor_id_created_at_idx ON auth.mfa_factors USING btree (user_id, created_at);


--
-- Name: flow_state_created_at_idx; Type: INDEX; Schema: auth; Owner: supabase_auth_admin
--

CREATE INDEX flow_state_created_at_idx ON auth.flow_state USING btree (created_at DESC);


--
-- Name: identities_email_idx; Type: INDEX; Schema: auth; Owner: supabase_auth_admin
--

CREATE INDEX identities_email_idx ON auth.identities USING btree (email text_pattern_ops);


--
-- Name: INDEX identities_email_idx; Type: COMMENT; Schema: auth; Owner: supabase_auth_admin
--

COMMENT ON INDEX auth.identities_email_idx IS 'Auth: Ensures indexed queries on the email column';


--
-- Name: identities_user_id_idx; Type: INDEX; Schema: auth; Owner: supabase_auth_admin
--

CREATE INDEX identities_user_id_idx ON auth.identities USING btree (user_id);


--
-- Name: idx_auth_code; Type: INDEX; Schema: auth; Owner: supabase_auth_admin
--

CREATE INDEX idx_auth_code ON auth.flow_state USING btree (auth_code);


--
-- Name: idx_user_id_auth_method; Type: INDEX; Schema: auth; Owner: supabase_auth_admin
--

CREATE INDEX idx_user_id_auth_method ON auth.flow_state USING btree (user_id, authentication_method);


--
-- Name: mfa_challenge_created_at_idx; Type: INDEX; Schema: auth; Owner: supabase_auth_admin
--

CREATE INDEX mfa_challenge_created_at_idx ON auth.mfa_challenges USING btree (created_at DESC);


--
-- Name: mfa_factors_user_friendly_name_unique; Type: INDEX; Schema: auth; Owner: supabase_auth_admin
--

CREATE UNIQUE INDEX mfa_factors_user_friendly_name_unique ON auth.mfa_factors USING btree (friendly_name, user_id) WHERE (TRIM(BOTH FROM friendly_name) <> ''::text);


--
-- Name: mfa_factors_user_id_idx; Type: INDEX; Schema: auth; Owner: supabase_auth_admin
--

CREATE INDEX mfa_factors_user_id_idx ON auth.mfa_factors USING btree (user_id);


--
-- Name: oauth_clients_client_id_idx; Type: INDEX; Schema: auth; Owner: supabase_auth_admin
--

CREATE INDEX oauth_clients_client_id_idx ON auth.oauth_clients USING btree (client_id);


--
-- Name: oauth_clients_deleted_at_idx; Type: INDEX; Schema: auth; Owner: supabase_auth_admin
--

CREATE INDEX oauth_clients_deleted_at_idx ON auth.oauth_clients USING btree (deleted_at);


--
-- Name: one_time_tokens_relates_to_hash_idx; Type: INDEX; Schema: auth; Owner: supabase_auth_admin
--

CREATE INDEX one_time_tokens_relates_to_hash_idx ON auth.one_time_tokens USING hash (relates_to);


--
-- Name: one_time_tokens_token_hash_hash_idx; Type: INDEX; Schema: auth; Owner: supabase_auth_admin
--

CREATE INDEX one_time_tokens_token_hash_hash_idx ON auth.one_time_tokens USING hash (token_hash);


--
-- Name: one_time_tokens_user_id_token_type_key; Type: INDEX; Schema: auth; Owner: supabase_auth_admin
--

CREATE UNIQUE INDEX one_time_tokens_user_id_token_type_key ON auth.one_time_tokens USING btree (user_id, token_type);


--
-- Name: reauthentication_token_idx; Type: INDEX; Schema: auth; Owner: supabase_auth_admin
--

CREATE UNIQUE INDEX reauthentication_token_idx ON auth.users USING btree (reauthentication_token) WHERE ((reauthentication_token)::text !~ '^[0-9 ]*$'::text);


--
-- Name: recovery_token_idx; Type: INDEX; Schema: auth; Owner: supabase_auth_admin
--

CREATE UNIQUE INDEX recovery_token_idx ON auth.users USING btree (recovery_token) WHERE ((recovery_token)::text !~ '^[0-9 ]*$'::text);


--
-- Name: refresh_tokens_instance_id_idx; Type: INDEX; Schema: auth; Owner: supabase_auth_admin
--

CREATE INDEX refresh_tokens_instance_id_idx ON auth.refresh_tokens USING btree (instance_id);


--
-- Name: refresh_tokens_instance_id_user_id_idx; Type: INDEX; Schema: auth; Owner: supabase_auth_admin
--

CREATE INDEX refresh_tokens_instance_id_user_id_idx ON auth.refresh_tokens USING btree (instance_id, user_id);


--
-- Name: refresh_tokens_parent_idx; Type: INDEX; Schema: auth; Owner: supabase_auth_admin
--

CREATE INDEX refresh_tokens_parent_idx ON auth.refresh_tokens USING btree (parent);


--
-- Name: refresh_tokens_session_id_revoked_idx; Type: INDEX; Schema: auth; Owner: supabase_auth_admin
--

CREATE INDEX refresh_tokens_session_id_revoked_idx ON auth.refresh_tokens USING btree (session_id, revoked);


--
-- Name: refresh_tokens_updated_at_idx; Type: INDEX; Schema: auth; Owner: supabase_auth_admin
--

CREATE INDEX refresh_tokens_updated_at_idx ON auth.refresh_tokens USING btree (updated_at DESC);


--
-- Name: saml_providers_sso_provider_id_idx; Type: INDEX; Schema: auth; Owner: supabase_auth_admin
--

CREATE INDEX saml_providers_sso_provider_id_idx ON auth.saml_providers USING btree (sso_provider_id);


--
-- Name: saml_relay_states_created_at_idx; Type: INDEX; Schema: auth; Owner: supabase_auth_admin
--

CREATE INDEX saml_relay_states_created_at_idx ON auth.saml_relay_states USING btree (created_at DESC);


--
-- Name: saml_relay_states_for_email_idx; Type: INDEX; Schema: auth; Owner: supabase_auth_admin
--

CREATE INDEX saml_relay_states_for_email_idx ON auth.saml_relay_states USING btree (for_email);


--
-- Name: saml_relay_states_sso_provider_id_idx; Type: INDEX; Schema: auth; Owner: supabase_auth_admin
--

CREATE INDEX saml_relay_states_sso_provider_id_idx ON auth.saml_relay_states USING btree (sso_provider_id);


--
-- Name: sessions_not_after_idx; Type: INDEX; Schema: auth; Owner: supabase_auth_admin
--

CREATE INDEX sessions_not_after_idx ON auth.sessions USING btree (not_after DESC);


--
-- Name: sessions_user_id_idx; Type: INDEX; Schema: auth; Owner: supabase_auth_admin
--

CREATE INDEX sessions_user_id_idx ON auth.sessions USING btree (user_id);


--
-- Name: sso_domains_domain_idx; Type: INDEX; Schema: auth; Owner: supabase_auth_admin
--

CREATE UNIQUE INDEX sso_domains_domain_idx ON auth.sso_domains USING btree (lower(domain));


--
-- Name: sso_domains_sso_provider_id_idx; Type: INDEX; Schema: auth; Owner: supabase_auth_admin
--

CREATE INDEX sso_domains_sso_provider_id_idx ON auth.sso_domains USING btree (sso_provider_id);


--
-- Name: sso_providers_resource_id_idx; Type: INDEX; Schema: auth; Owner: supabase_auth_admin
--

CREATE UNIQUE INDEX sso_providers_resource_id_idx ON auth.sso_providers USING btree (lower(resource_id));


--
-- Name: sso_providers_resource_id_pattern_idx; Type: INDEX; Schema: auth; Owner: supabase_auth_admin
--

CREATE INDEX sso_providers_resource_id_pattern_idx ON auth.sso_providers USING btree (resource_id text_pattern_ops);


--
-- Name: unique_phone_factor_per_user; Type: INDEX; Schema: auth; Owner: supabase_auth_admin
--

CREATE UNIQUE INDEX unique_phone_factor_per_user ON auth.mfa_factors USING btree (user_id, phone);


--
-- Name: user_id_created_at_idx; Type: INDEX; Schema: auth; Owner: supabase_auth_admin
--

CREATE INDEX user_id_created_at_idx ON auth.sessions USING btree (user_id, created_at);


--
-- Name: users_email_partial_key; Type: INDEX; Schema: auth; Owner: supabase_auth_admin
--

CREATE UNIQUE INDEX users_email_partial_key ON auth.users USING btree (email) WHERE (is_sso_user = false);


--
-- Name: INDEX users_email_partial_key; Type: COMMENT; Schema: auth; Owner: supabase_auth_admin
--

COMMENT ON INDEX auth.users_email_partial_key IS 'Auth: A partial unique index that applies only when is_sso_user is false';


--
-- Name: users_instance_id_email_idx; Type: INDEX; Schema: auth; Owner: supabase_auth_admin
--

CREATE INDEX users_instance_id_email_idx ON auth.users USING btree (instance_id, lower((email)::text));


--
-- Name: users_instance_id_idx; Type: INDEX; Schema: auth; Owner: supabase_auth_admin
--

CREATE INDEX users_instance_id_idx ON auth.users USING btree (instance_id);


--
-- Name: users_is_anonymous_idx; Type: INDEX; Schema: auth; Owner: supabase_auth_admin
--

CREATE INDEX users_is_anonymous_idx ON auth.users USING btree (is_anonymous);


--
-- Name: ix_realtime_subscription_entity; Type: INDEX; Schema: realtime; Owner: supabase_admin
--

CREATE INDEX ix_realtime_subscription_entity ON realtime.subscription USING btree (entity);


--
-- Name: subscription_subscription_id_entity_filters_key; Type: INDEX; Schema: realtime; Owner: supabase_admin
--

CREATE UNIQUE INDEX subscription_subscription_id_entity_filters_key ON realtime.subscription USING btree (subscription_id, entity, filters);


--
-- Name: bname; Type: INDEX; Schema: storage; Owner: supabase_storage_admin
--

CREATE UNIQUE INDEX bname ON storage.buckets USING btree (name);


--
-- Name: bucketid_objname; Type: INDEX; Schema: storage; Owner: supabase_storage_admin
--

CREATE UNIQUE INDEX bucketid_objname ON storage.objects USING btree (bucket_id, name);


--
-- Name: idx_multipart_uploads_list; Type: INDEX; Schema: storage; Owner: supabase_storage_admin
--

CREATE INDEX idx_multipart_uploads_list ON storage.s3_multipart_uploads USING btree (bucket_id, key, created_at);


--
-- Name: idx_name_bucket_unique; Type: INDEX; Schema: storage; Owner: supabase_storage_admin
--

CREATE UNIQUE INDEX idx_name_bucket_unique ON storage.objects USING btree (name COLLATE "C", bucket_id);


--
-- Name: idx_objects_bucket_id_name; Type: INDEX; Schema: storage; Owner: supabase_storage_admin
--

CREATE INDEX idx_objects_bucket_id_name ON storage.objects USING btree (bucket_id, name COLLATE "C");


--
-- Name: idx_objects_lower_name; Type: INDEX; Schema: storage; Owner: supabase_storage_admin
--

CREATE INDEX idx_objects_lower_name ON storage.objects USING btree ((path_tokens[level]), lower(name) text_pattern_ops, bucket_id, level);


--
-- Name: idx_prefixes_lower_name; Type: INDEX; Schema: storage; Owner: supabase_storage_admin
--

CREATE INDEX idx_prefixes_lower_name ON storage.prefixes USING btree (bucket_id, level, ((string_to_array(name, '/'::text))[level]), lower(name) text_pattern_ops);


--
-- Name: name_prefix_search; Type: INDEX; Schema: storage; Owner: supabase_storage_admin
--

CREATE INDEX name_prefix_search ON storage.objects USING btree (name text_pattern_ops);


--
-- Name: objects_bucket_id_level_idx; Type: INDEX; Schema: storage; Owner: supabase_storage_admin
--

CREATE UNIQUE INDEX objects_bucket_id_level_idx ON storage.objects USING btree (bucket_id, level, name COLLATE "C");


--
-- Name: subscription tr_check_filters; Type: TRIGGER; Schema: realtime; Owner: supabase_admin
--

CREATE TRIGGER tr_check_filters BEFORE INSERT OR UPDATE ON realtime.subscription FOR EACH ROW EXECUTE FUNCTION realtime.subscription_check_filters();


--
-- Name: objects objects_delete_delete_prefix; Type: TRIGGER; Schema: storage; Owner: supabase_storage_admin
--

CREATE TRIGGER objects_delete_delete_prefix AFTER DELETE ON storage.objects FOR EACH ROW EXECUTE FUNCTION storage.delete_prefix_hierarchy_trigger();


--
-- Name: objects objects_insert_create_prefix; Type: TRIGGER; Schema: storage; Owner: supabase_storage_admin
--

CREATE TRIGGER objects_insert_create_prefix BEFORE INSERT ON storage.objects FOR EACH ROW EXECUTE FUNCTION storage.objects_insert_prefix_trigger();


--
-- Name: objects objects_update_create_prefix; Type: TRIGGER; Schema: storage; Owner: supabase_storage_admin
--

CREATE TRIGGER objects_update_create_prefix BEFORE UPDATE ON storage.objects FOR EACH ROW WHEN ((new.name <> old.name)) EXECUTE FUNCTION storage.objects_insert_prefix_trigger();


--
-- Name: prefixes prefixes_create_hierarchy; Type: TRIGGER; Schema: storage; Owner: supabase_storage_admin
--

CREATE TRIGGER prefixes_create_hierarchy BEFORE INSERT ON storage.prefixes FOR EACH ROW WHEN ((pg_trigger_depth() < 1)) EXECUTE FUNCTION storage.prefixes_insert_trigger();


--
-- Name: prefixes prefixes_delete_hierarchy; Type: TRIGGER; Schema: storage; Owner: supabase_storage_admin
--

CREATE TRIGGER prefixes_delete_hierarchy AFTER DELETE ON storage.prefixes FOR EACH ROW EXECUTE FUNCTION storage.delete_prefix_hierarchy_trigger();


--
-- Name: objects update_objects_updated_at; Type: TRIGGER; Schema: storage; Owner: supabase_storage_admin
--

CREATE TRIGGER update_objects_updated_at BEFORE UPDATE ON storage.objects FOR EACH ROW EXECUTE FUNCTION storage.update_updated_at_column();


--
-- Name: identities identities_user_id_fkey; Type: FK CONSTRAINT; Schema: auth; Owner: supabase_auth_admin
--

ALTER TABLE ONLY auth.identities
    ADD CONSTRAINT identities_user_id_fkey FOREIGN KEY (user_id) REFERENCES auth.users(id) ON DELETE CASCADE;


--
-- Name: mfa_amr_claims mfa_amr_claims_session_id_fkey; Type: FK CONSTRAINT; Schema: auth; Owner: supabase_auth_admin
--

ALTER TABLE ONLY auth.mfa_amr_claims
    ADD CONSTRAINT mfa_amr_claims_session_id_fkey FOREIGN KEY (session_id) REFERENCES auth.sessions(id) ON DELETE CASCADE;


--
-- Name: mfa_challenges mfa_challenges_auth_factor_id_fkey; Type: FK CONSTRAINT; Schema: auth; Owner: supabase_auth_admin
--

ALTER TABLE ONLY auth.mfa_challenges
    ADD CONSTRAINT mfa_challenges_auth_factor_id_fkey FOREIGN KEY (factor_id) REFERENCES auth.mfa_factors(id) ON DELETE CASCADE;


--
-- Name: mfa_factors mfa_factors_user_id_fkey; Type: FK CONSTRAINT; Schema: auth; Owner: supabase_auth_admin
--

ALTER TABLE ONLY auth.mfa_factors
    ADD CONSTRAINT mfa_factors_user_id_fkey FOREIGN KEY (user_id) REFERENCES auth.users(id) ON DELETE CASCADE;


--
-- Name: one_time_tokens one_time_tokens_user_id_fkey; Type: FK CONSTRAINT; Schema: auth; Owner: supabase_auth_admin
--

ALTER TABLE ONLY auth.one_time_tokens
    ADD CONSTRAINT one_time_tokens_user_id_fkey FOREIGN KEY (user_id) REFERENCES auth.users(id) ON DELETE CASCADE;


--
-- Name: refresh_tokens refresh_tokens_session_id_fkey; Type: FK CONSTRAINT; Schema: auth; Owner: supabase_auth_admin
--

ALTER TABLE ONLY auth.refresh_tokens
    ADD CONSTRAINT refresh_tokens_session_id_fkey FOREIGN KEY (session_id) REFERENCES auth.sessions(id) ON DELETE CASCADE;


--
-- Name: saml_providers saml_providers_sso_provider_id_fkey; Type: FK CONSTRAINT; Schema: auth; Owner: supabase_auth_admin
--

ALTER TABLE ONLY auth.saml_providers
    ADD CONSTRAINT saml_providers_sso_provider_id_fkey FOREIGN KEY (sso_provider_id) REFERENCES auth.sso_providers(id) ON DELETE CASCADE;


--
-- Name: saml_relay_states saml_relay_states_flow_state_id_fkey; Type: FK CONSTRAINT; Schema: auth; Owner: supabase_auth_admin
--

ALTER TABLE ONLY auth.saml_relay_states
    ADD CONSTRAINT saml_relay_states_flow_state_id_fkey FOREIGN KEY (flow_state_id) REFERENCES auth.flow_state(id) ON DELETE CASCADE;


--
-- Name: saml_relay_states saml_relay_states_sso_provider_id_fkey; Type: FK CONSTRAINT; Schema: auth; Owner: supabase_auth_admin
--

ALTER TABLE ONLY auth.saml_relay_states
    ADD CONSTRAINT saml_relay_states_sso_provider_id_fkey FOREIGN KEY (sso_provider_id) REFERENCES auth.sso_providers(id) ON DELETE CASCADE;


--
-- Name: sessions sessions_user_id_fkey; Type: FK CONSTRAINT; Schema: auth; Owner: supabase_auth_admin
--

ALTER TABLE ONLY auth.sessions
    ADD CONSTRAINT sessions_user_id_fkey FOREIGN KEY (user_id) REFERENCES auth.users(id) ON DELETE CASCADE;


--
-- Name: sso_domains sso_domains_sso_provider_id_fkey; Type: FK CONSTRAINT; Schema: auth; Owner: supabase_auth_admin
--

ALTER TABLE ONLY auth.sso_domains
    ADD CONSTRAINT sso_domains_sso_provider_id_fkey FOREIGN KEY (sso_provider_id) REFERENCES auth.sso_providers(id) ON DELETE CASCADE;


--
-- Name: artist_to_artist_to_bibliography artist_to_artist_to_bibliography_artist_id_fkey; Type: FK CONSTRAINT; Schema: public; Owner: postgres
--

ALTER TABLE ONLY public.artist_to_artist_to_bibliography
    ADD CONSTRAINT artist_to_artist_to_bibliography_artist_id_fkey FOREIGN KEY (artist_id) REFERENCES public.artists(id) ON UPDATE CASCADE ON DELETE CASCADE;


--
-- Name: artist_to_artist_to_bibliography artist_to_artist_to_bibliography_bibliography_id_fkey; Type: FK CONSTRAINT; Schema: public; Owner: postgres
--

ALTER TABLE ONLY public.artist_to_artist_to_bibliography
    ADD CONSTRAINT artist_to_artist_to_bibliography_bibliography_id_fkey FOREIGN KEY (bibliography_id) REFERENCES public.bibliography(id) ON UPDATE CASCADE ON DELETE CASCADE;


--
-- Name: artist_to_artist_to_video_interview artist_to_artist_to_video_interview_artist_id_fkey; Type: FK CONSTRAINT; Schema: public; Owner: postgres
--

ALTER TABLE ONLY public.artist_to_artist_to_video_interview
    ADD CONSTRAINT artist_to_artist_to_video_interview_artist_id_fkey FOREIGN KEY (artist_id) REFERENCES public.artists(id) ON UPDATE CASCADE ON DELETE CASCADE;


--
-- Name: artist_to_artist_to_video_interview artist_to_artist_to_video_interview_videointerview_id_fkey; Type: FK CONSTRAINT; Schema: public; Owner: postgres
--

ALTER TABLE ONLY public.artist_to_artist_to_video_interview
    ADD CONSTRAINT artist_to_artist_to_video_interview_videointerview_id_fkey FOREIGN KEY (videointerview_id) REFERENCES public.videointerviews(id) ON UPDATE CASCADE ON DELETE CASCADE;


--
-- Name: artist_to_cinematic_work artist_to_cinematic_work_artist_id_fkey; Type: FK CONSTRAINT; Schema: public; Owner: postgres
--

ALTER TABLE ONLY public.artist_to_cinematic_work
    ADD CONSTRAINT artist_to_cinematic_work_artist_id_fkey FOREIGN KEY (artist_id) REFERENCES public.artists(id) ON UPDATE CASCADE ON DELETE CASCADE;


--
-- Name: artist_to_cinematic_work artist_to_cinematic_work_cinematic_work_id_fkey; Type: FK CONSTRAINT; Schema: public; Owner: postgres
--

ALTER TABLE ONLY public.artist_to_cinematic_work
    ADD CONSTRAINT artist_to_cinematic_work_cinematic_work_id_fkey FOREIGN KEY (cinematic_work_id) REFERENCES public.cinematic_works(id) ON UPDATE CASCADE ON DELETE CASCADE;


--
-- Name: artist_to_custom_folder artist_to_custom_folder_artist_id_fkey; Type: FK CONSTRAINT; Schema: public; Owner: postgres
--

ALTER TABLE ONLY public.artist_to_custom_folder
    ADD CONSTRAINT artist_to_custom_folder_artist_id_fkey FOREIGN KEY (artist_id) REFERENCES public.artists(id) ON UPDATE CASCADE ON DELETE CASCADE;


--
-- Name: artist_to_custom_folder artist_to_custom_folder_custom_folder_id_fkey; Type: FK CONSTRAINT; Schema: public; Owner: postgres
--

ALTER TABLE ONLY public.artist_to_custom_folder
    ADD CONSTRAINT artist_to_custom_folder_custom_folder_id_fkey FOREIGN KEY (custom_folder_id) REFERENCES public.custom_folders(id) ON UPDATE CASCADE ON DELETE CASCADE;


--
-- Name: artist_to_exhibition artist_to_exhibition_artist_id_fkey; Type: FK CONSTRAINT; Schema: public; Owner: postgres
--

ALTER TABLE ONLY public.artist_to_exhibition
    ADD CONSTRAINT artist_to_exhibition_artist_id_fkey FOREIGN KEY (artist_id) REFERENCES public.artists(id) ON UPDATE CASCADE ON DELETE CASCADE;


--
-- Name: artist_to_exhibition artist_to_exhibition_exhibition_id_fkey; Type: FK CONSTRAINT; Schema: public; Owner: postgres
--

ALTER TABLE ONLY public.artist_to_exhibition
    ADD CONSTRAINT artist_to_exhibition_exhibition_id_fkey FOREIGN KEY (exhibition_id) REFERENCES public.exhibitions(id) ON UPDATE CASCADE ON DELETE CASCADE;


--
-- Name: artist_to_interview artist_to_interview_artist_id_fkey; Type: FK CONSTRAINT; Schema: public; Owner: postgres
--

ALTER TABLE ONLY public.artist_to_interview
    ADD CONSTRAINT artist_to_interview_artist_id_fkey FOREIGN KEY (artist_id) REFERENCES public.artists(id) ON UPDATE CASCADE ON DELETE CASCADE;


--
-- Name: artist_to_interview artist_to_interview_interview_id_fkey; Type: FK CONSTRAINT; Schema: public; Owner: postgres
--

ALTER TABLE ONLY public.artist_to_interview
    ADD CONSTRAINT artist_to_interview_interview_id_fkey FOREIGN KEY (interview_id) REFERENCES public.interviews(id) ON UPDATE CASCADE ON DELETE CASCADE;


--
-- Name: artist_to_magazine artist_to_magazine_artist_id_fkey; Type: FK CONSTRAINT; Schema: public; Owner: postgres
--

ALTER TABLE ONLY public.artist_to_magazine
    ADD CONSTRAINT artist_to_magazine_artist_id_fkey FOREIGN KEY (artist_id) REFERENCES public.artists(id) ON UPDATE CASCADE ON DELETE CASCADE;


--
-- Name: artist_to_magazine artist_to_magazine_magazine_id_fkey; Type: FK CONSTRAINT; Schema: public; Owner: postgres
--

ALTER TABLE ONLY public.artist_to_magazine
    ADD CONSTRAINT artist_to_magazine_magazine_id_fkey FOREIGN KEY (magazine_id) REFERENCES public.magazines(id) ON UPDATE CASCADE ON DELETE CASCADE;


--
-- Name: artist_to_map_pin artist_to_map_pin_artist_id_fkey; Type: FK CONSTRAINT; Schema: public; Owner: postgres
--

ALTER TABLE ONLY public.artist_to_map_pin
    ADD CONSTRAINT artist_to_map_pin_artist_id_fkey FOREIGN KEY (artist_id) REFERENCES public.artists(id) ON UPDATE CASCADE ON DELETE CASCADE;


--
-- Name: artist_to_map_pin artist_to_map_pin_map_pin_id_fkey; Type: FK CONSTRAINT; Schema: public; Owner: postgres
--

ALTER TABLE ONLY public.artist_to_map_pin
    ADD CONSTRAINT artist_to_map_pin_map_pin_id_fkey FOREIGN KEY (map_pin_id) REFERENCES public.map_pin(id) ON UPDATE CASCADE ON DELETE CASCADE;


--
-- Name: artist_to_profession artist_to_profession_artist_id_fkey; Type: FK CONSTRAINT; Schema: public; Owner: postgres
--

ALTER TABLE ONLY public.artist_to_profession
    ADD CONSTRAINT artist_to_profession_artist_id_fkey FOREIGN KEY (artist_id) REFERENCES public.artists(id) ON UPDATE CASCADE ON DELETE CASCADE;


--
-- Name: artist_to_profession artist_to_profession_profession_id_fkey; Type: FK CONSTRAINT; Schema: public; Owner: postgres
--

ALTER TABLE ONLY public.artist_to_profession
    ADD CONSTRAINT artist_to_profession_profession_id_fkey FOREIGN KEY (profession_id) REFERENCES public.professions(id) ON UPDATE CASCADE ON DELETE CASCADE;


--
-- Name: artist_to_scene_photo artist_to_scene_photo_artist_id_fkey; Type: FK CONSTRAINT; Schema: public; Owner: postgres
--

ALTER TABLE ONLY public.artist_to_scene_photo
    ADD CONSTRAINT artist_to_scene_photo_artist_id_fkey FOREIGN KEY (artist_id) REFERENCES public.artists(id) ON UPDATE CASCADE ON DELETE CASCADE;


--
-- Name: artist_to_scene_photo artist_to_scene_photo_scene_photo_id_fkey; Type: FK CONSTRAINT; Schema: public; Owner: postgres
--

ALTER TABLE ONLY public.artist_to_scene_photo
    ADD CONSTRAINT artist_to_scene_photo_scene_photo_id_fkey FOREIGN KEY (scene_photo_id) REFERENCES public.scene_photos(id) ON UPDATE CASCADE ON DELETE CASCADE;


--
-- Name: artist_to_set_photo artist_to_set_photo_artist_id_fkey; Type: FK CONSTRAINT; Schema: public; Owner: postgres
--

ALTER TABLE ONLY public.artist_to_set_photo
    ADD CONSTRAINT artist_to_set_photo_artist_id_fkey FOREIGN KEY (artist_id) REFERENCES public.artists(id) ON UPDATE CASCADE ON DELETE CASCADE;


--
-- Name: artist_to_set_photo artist_to_set_photo_set_photo_id_fkey; Type: FK CONSTRAINT; Schema: public; Owner: postgres
--

ALTER TABLE ONLY public.artist_to_set_photo
    ADD CONSTRAINT artist_to_set_photo_set_photo_id_fkey FOREIGN KEY (set_photo_id) REFERENCES public.set_photos(id) ON UPDATE CASCADE ON DELETE CASCADE;


--
-- Name: artist_to_sketch artist_to_sketch_artist_id_fkey; Type: FK CONSTRAINT; Schema: public; Owner: postgres
--

ALTER TABLE ONLY public.artist_to_sketch
    ADD CONSTRAINT artist_to_sketch_artist_id_fkey FOREIGN KEY (artist_id) REFERENCES public.artists(id) ON UPDATE CASCADE ON DELETE CASCADE;


--
-- Name: artist_to_sketch artist_to_sketch_sketch_id_fkey; Type: FK CONSTRAINT; Schema: public; Owner: postgres
--

ALTER TABLE ONLY public.artist_to_sketch
    ADD CONSTRAINT artist_to_sketch_sketch_id_fkey FOREIGN KEY (sketch_id) REFERENCES public.sketches(id) ON UPDATE CASCADE ON DELETE CASCADE;


--
-- Name: artist_to_tag artist_to_tag_artist_id_fkey; Type: FK CONSTRAINT; Schema: public; Owner: postgres
--

ALTER TABLE ONLY public.artist_to_tag
    ADD CONSTRAINT artist_to_tag_artist_id_fkey FOREIGN KEY (artist_id) REFERENCES public.artists(id) ON UPDATE CASCADE ON DELETE CASCADE;


--
-- Name: artist_to_tag artist_to_tag_tag_id_fkey; Type: FK CONSTRAINT; Schema: public; Owner: postgres
--

ALTER TABLE ONLY public.artist_to_tag
    ADD CONSTRAINT artist_to_tag_tag_id_fkey FOREIGN KEY (tag_id) REFERENCES public.tags(id) ON UPDATE CASCADE ON DELETE CASCADE;


--
-- Name: artist_to_theatre_work artist_to_theatre_work_artist_id_fkey; Type: FK CONSTRAINT; Schema: public; Owner: postgres
--

ALTER TABLE ONLY public.artist_to_theatre_work
    ADD CONSTRAINT artist_to_theatre_work_artist_id_fkey FOREIGN KEY (artist_id) REFERENCES public.artists(id) ON UPDATE CASCADE ON DELETE CASCADE;


--
-- Name: artist_to_theatre_work artist_to_theatre_work_theatre_work_id_fkey; Type: FK CONSTRAINT; Schema: public; Owner: postgres
--

ALTER TABLE ONLY public.artist_to_theatre_work
    ADD CONSTRAINT artist_to_theatre_work_theatre_work_id_fkey FOREIGN KEY (theatre_work_id) REFERENCES public.theatre_performances(id) ON UPDATE CASCADE ON DELETE CASCADE;


--
-- Name: page_to_tag page_to_tag_page_id_fkey; Type: FK CONSTRAINT; Schema: public; Owner: postgres
--

ALTER TABLE ONLY public.page_to_tag
    ADD CONSTRAINT page_to_tag_page_id_fkey FOREIGN KEY (page_id) REFERENCES public.pages(id);


--
-- Name: page_to_tag page_to_tag_tag_id_fkey; Type: FK CONSTRAINT; Schema: public; Owner: postgres
--

ALTER TABLE ONLY public.page_to_tag
    ADD CONSTRAINT page_to_tag_tag_id_fkey FOREIGN KEY (tag_id) REFERENCES public.tags(id);


--
-- Name: objects objects_bucketId_fkey; Type: FK CONSTRAINT; Schema: storage; Owner: supabase_storage_admin
--

ALTER TABLE ONLY storage.objects
    ADD CONSTRAINT "objects_bucketId_fkey" FOREIGN KEY (bucket_id) REFERENCES storage.buckets(id);


--
-- Name: prefixes prefixes_bucketId_fkey; Type: FK CONSTRAINT; Schema: storage; Owner: supabase_storage_admin
--

ALTER TABLE ONLY storage.prefixes
    ADD CONSTRAINT "prefixes_bucketId_fkey" FOREIGN KEY (bucket_id) REFERENCES storage.buckets(id);


--
-- Name: s3_multipart_uploads s3_multipart_uploads_bucket_id_fkey; Type: FK CONSTRAINT; Schema: storage; Owner: supabase_storage_admin
--

ALTER TABLE ONLY storage.s3_multipart_uploads
    ADD CONSTRAINT s3_multipart_uploads_bucket_id_fkey FOREIGN KEY (bucket_id) REFERENCES storage.buckets(id);


--
-- Name: s3_multipart_uploads_parts s3_multipart_uploads_parts_bucket_id_fkey; Type: FK CONSTRAINT; Schema: storage; Owner: supabase_storage_admin
--

ALTER TABLE ONLY storage.s3_multipart_uploads_parts
    ADD CONSTRAINT s3_multipart_uploads_parts_bucket_id_fkey FOREIGN KEY (bucket_id) REFERENCES storage.buckets(id);


--
-- Name: s3_multipart_uploads_parts s3_multipart_uploads_parts_upload_id_fkey; Type: FK CONSTRAINT; Schema: storage; Owner: supabase_storage_admin
--

ALTER TABLE ONLY storage.s3_multipart_uploads_parts
    ADD CONSTRAINT s3_multipart_uploads_parts_upload_id_fkey FOREIGN KEY (upload_id) REFERENCES storage.s3_multipart_uploads(id) ON DELETE CASCADE;


--
-- Name: audit_log_entries; Type: ROW SECURITY; Schema: auth; Owner: supabase_auth_admin
--

ALTER TABLE auth.audit_log_entries ENABLE ROW LEVEL SECURITY;

--
-- Name: flow_state; Type: ROW SECURITY; Schema: auth; Owner: supabase_auth_admin
--

ALTER TABLE auth.flow_state ENABLE ROW LEVEL SECURITY;

--
-- Name: identities; Type: ROW SECURITY; Schema: auth; Owner: supabase_auth_admin
--

ALTER TABLE auth.identities ENABLE ROW LEVEL SECURITY;

--
-- Name: instances; Type: ROW SECURITY; Schema: auth; Owner: supabase_auth_admin
--

ALTER TABLE auth.instances ENABLE ROW LEVEL SECURITY;

--
-- Name: mfa_amr_claims; Type: ROW SECURITY; Schema: auth; Owner: supabase_auth_admin
--

ALTER TABLE auth.mfa_amr_claims ENABLE ROW LEVEL SECURITY;

--
-- Name: mfa_challenges; Type: ROW SECURITY; Schema: auth; Owner: supabase_auth_admin
--

ALTER TABLE auth.mfa_challenges ENABLE ROW LEVEL SECURITY;

--
-- Name: mfa_factors; Type: ROW SECURITY; Schema: auth; Owner: supabase_auth_admin
--

ALTER TABLE auth.mfa_factors ENABLE ROW LEVEL SECURITY;

--
-- Name: one_time_tokens; Type: ROW SECURITY; Schema: auth; Owner: supabase_auth_admin
--

ALTER TABLE auth.one_time_tokens ENABLE ROW LEVEL SECURITY;

--
-- Name: refresh_tokens; Type: ROW SECURITY; Schema: auth; Owner: supabase_auth_admin
--

ALTER TABLE auth.refresh_tokens ENABLE ROW LEVEL SECURITY;

--
-- Name: saml_providers; Type: ROW SECURITY; Schema: auth; Owner: supabase_auth_admin
--

ALTER TABLE auth.saml_providers ENABLE ROW LEVEL SECURITY;

--
-- Name: saml_relay_states; Type: ROW SECURITY; Schema: auth; Owner: supabase_auth_admin
--

ALTER TABLE auth.saml_relay_states ENABLE ROW LEVEL SECURITY;

--
-- Name: schema_migrations; Type: ROW SECURITY; Schema: auth; Owner: supabase_auth_admin
--

ALTER TABLE auth.schema_migrations ENABLE ROW LEVEL SECURITY;

--
-- Name: sessions; Type: ROW SECURITY; Schema: auth; Owner: supabase_auth_admin
--

ALTER TABLE auth.sessions ENABLE ROW LEVEL SECURITY;

--
-- Name: sso_domains; Type: ROW SECURITY; Schema: auth; Owner: supabase_auth_admin
--

ALTER TABLE auth.sso_domains ENABLE ROW LEVEL SECURITY;

--
-- Name: sso_providers; Type: ROW SECURITY; Schema: auth; Owner: supabase_auth_admin
--

ALTER TABLE auth.sso_providers ENABLE ROW LEVEL SECURITY;

--
-- Name: users; Type: ROW SECURITY; Schema: auth; Owner: supabase_auth_admin
--

ALTER TABLE auth.users ENABLE ROW LEVEL SECURITY;

--
-- Name: artist_to_artist_to_bibliography Enable read access for all users; Type: POLICY; Schema: public; Owner: postgres
--

CREATE POLICY "Enable read access for all users" ON public.artist_to_artist_to_bibliography FOR SELECT TO authenticated USING (true);


--
-- Name: artist_to_artist_to_video_interview Enable read access for all users; Type: POLICY; Schema: public; Owner: postgres
--

CREATE POLICY "Enable read access for all users" ON public.artist_to_artist_to_video_interview FOR SELECT TO authenticated USING (true);


--
-- Name: artist_to_cinematic_work Enable read access for all users; Type: POLICY; Schema: public; Owner: postgres
--

CREATE POLICY "Enable read access for all users" ON public.artist_to_cinematic_work FOR SELECT TO authenticated USING (true);


--
-- Name: artist_to_custom_folder Enable read access for all users; Type: POLICY; Schema: public; Owner: postgres
--

CREATE POLICY "Enable read access for all users" ON public.artist_to_custom_folder FOR SELECT USING (true);


--
-- Name: artist_to_exhibition Enable read access for all users; Type: POLICY; Schema: public; Owner: postgres
--

CREATE POLICY "Enable read access for all users" ON public.artist_to_exhibition FOR SELECT TO authenticated USING (true);


--
-- Name: artist_to_interview Enable read access for all users; Type: POLICY; Schema: public; Owner: postgres
--

CREATE POLICY "Enable read access for all users" ON public.artist_to_interview FOR SELECT TO authenticated USING (true);


--
-- Name: artist_to_magazine Enable read access for all users; Type: POLICY; Schema: public; Owner: postgres
--

CREATE POLICY "Enable read access for all users" ON public.artist_to_magazine FOR SELECT TO authenticated USING (true);


--
-- Name: artist_to_map_pin Enable read access for all users; Type: POLICY; Schema: public; Owner: postgres
--

CREATE POLICY "Enable read access for all users" ON public.artist_to_map_pin FOR SELECT TO authenticated USING (true);


--
-- Name: artist_to_profession Enable read access for all users; Type: POLICY; Schema: public; Owner: postgres
--

CREATE POLICY "Enable read access for all users" ON public.artist_to_profession FOR SELECT TO authenticated USING (true);


--
-- Name: artist_to_scene_photo Enable read access for all users; Type: POLICY; Schema: public; Owner: postgres
--

CREATE POLICY "Enable read access for all users" ON public.artist_to_scene_photo FOR SELECT TO authenticated USING (true);


--
-- Name: artist_to_set_photo Enable read access for all users; Type: POLICY; Schema: public; Owner: postgres
--

CREATE POLICY "Enable read access for all users" ON public.artist_to_set_photo FOR SELECT TO authenticated USING (true);


--
-- Name: artist_to_sketch Enable read access for all users; Type: POLICY; Schema: public; Owner: postgres
--

CREATE POLICY "Enable read access for all users" ON public.artist_to_sketch FOR SELECT TO authenticated USING (true);


--
-- Name: artist_to_tag Enable read access for all users; Type: POLICY; Schema: public; Owner: postgres
--

CREATE POLICY "Enable read access for all users" ON public.artist_to_tag FOR SELECT TO authenticated USING (true);


--
-- Name: artist_to_theatre_work Enable read access for all users; Type: POLICY; Schema: public; Owner: postgres
--

CREATE POLICY "Enable read access for all users" ON public.artist_to_theatre_work FOR SELECT TO authenticated USING (true);


--
-- Name: artists Enable read access for all users; Type: POLICY; Schema: public; Owner: postgres
--

CREATE POLICY "Enable read access for all users" ON public.artists FOR SELECT TO authenticated USING (true);


--
-- Name: bibliography Enable read access for all users; Type: POLICY; Schema: public; Owner: postgres
--

CREATE POLICY "Enable read access for all users" ON public.bibliography FOR SELECT TO authenticated USING (true);


--
-- Name: cinematic_works Enable read access for all users; Type: POLICY; Schema: public; Owner: postgres
--

CREATE POLICY "Enable read access for all users" ON public.cinematic_works FOR SELECT TO authenticated USING (true);


--
-- Name: credits Enable read access for all users; Type: POLICY; Schema: public; Owner: postgres
--

CREATE POLICY "Enable read access for all users" ON public.credits FOR SELECT USING (true);


--
-- Name: custom_folders Enable read access for all users; Type: POLICY; Schema: public; Owner: postgres
--

CREATE POLICY "Enable read access for all users" ON public.custom_folders FOR SELECT USING (true);


--
-- Name: exhibitions Enable read access for all users; Type: POLICY; Schema: public; Owner: postgres
--

CREATE POLICY "Enable read access for all users" ON public.exhibitions FOR SELECT TO authenticated USING (true);


--
-- Name: interviews Enable read access for all users; Type: POLICY; Schema: public; Owner: postgres
--

CREATE POLICY "Enable read access for all users" ON public.interviews FOR SELECT TO authenticated USING (true);


--
-- Name: magazines Enable read access for all users; Type: POLICY; Schema: public; Owner: postgres
--

CREATE POLICY "Enable read access for all users" ON public.magazines FOR SELECT TO authenticated USING (true);


--
-- Name: map_pin Enable read access for all users; Type: POLICY; Schema: public; Owner: postgres
--

CREATE POLICY "Enable read access for all users" ON public.map_pin FOR SELECT TO authenticated USING (true);


--
-- Name: page_to_tag Enable read access for all users; Type: POLICY; Schema: public; Owner: postgres
--

CREATE POLICY "Enable read access for all users" ON public.page_to_tag FOR SELECT TO authenticated USING (true);


--
-- Name: pages Enable read access for all users; Type: POLICY; Schema: public; Owner: postgres
--

CREATE POLICY "Enable read access for all users" ON public.pages FOR SELECT TO authenticated USING (true);


--
-- Name: professions Enable read access for all users; Type: POLICY; Schema: public; Owner: postgres
--

CREATE POLICY "Enable read access for all users" ON public.professions FOR SELECT TO authenticated USING (true);


--
-- Name: scene_photos Enable read access for all users; Type: POLICY; Schema: public; Owner: postgres
--

CREATE POLICY "Enable read access for all users" ON public.scene_photos FOR SELECT TO authenticated USING (true);


--
-- Name: set_photos Enable read access for all users; Type: POLICY; Schema: public; Owner: postgres
--

CREATE POLICY "Enable read access for all users" ON public.set_photos FOR SELECT TO authenticated USING (true);


--
-- Name: settings Enable read access for all users; Type: POLICY; Schema: public; Owner: postgres
--

CREATE POLICY "Enable read access for all users" ON public.settings FOR SELECT USING (true);


--
-- Name: sketches Enable read access for all users; Type: POLICY; Schema: public; Owner: postgres
--

CREATE POLICY "Enable read access for all users" ON public.sketches FOR SELECT TO authenticated USING (true);


--
-- Name: tags Enable read access for all users; Type: POLICY; Schema: public; Owner: postgres
--

CREATE POLICY "Enable read access for all users" ON public.tags FOR SELECT TO authenticated USING (true);


--
-- Name: theatre_performances Enable read access for all users; Type: POLICY; Schema: public; Owner: postgres
--

CREATE POLICY "Enable read access for all users" ON public.theatre_performances FOR SELECT TO authenticated USING (true);


--
-- Name: videointerviews Enable read access for all users; Type: POLICY; Schema: public; Owner: postgres
--

CREATE POLICY "Enable read access for all users" ON public.videointerviews FOR SELECT TO authenticated USING (true);


--
-- Name: artist_to_artist_to_bibliography; Type: ROW SECURITY; Schema: public; Owner: postgres
--

ALTER TABLE public.artist_to_artist_to_bibliography ENABLE ROW LEVEL SECURITY;

--
-- Name: artist_to_artist_to_video_interview; Type: ROW SECURITY; Schema: public; Owner: postgres
--

ALTER TABLE public.artist_to_artist_to_video_interview ENABLE ROW LEVEL SECURITY;

--
-- Name: artist_to_cinematic_work; Type: ROW SECURITY; Schema: public; Owner: postgres
--

ALTER TABLE public.artist_to_cinematic_work ENABLE ROW LEVEL SECURITY;

--
-- Name: artist_to_custom_folder; Type: ROW SECURITY; Schema: public; Owner: postgres
--

ALTER TABLE public.artist_to_custom_folder ENABLE ROW LEVEL SECURITY;

--
-- Name: artist_to_exhibition; Type: ROW SECURITY; Schema: public; Owner: postgres
--

ALTER TABLE public.artist_to_exhibition ENABLE ROW LEVEL SECURITY;

--
-- Name: artist_to_interview; Type: ROW SECURITY; Schema: public; Owner: postgres
--

ALTER TABLE public.artist_to_interview ENABLE ROW LEVEL SECURITY;

--
-- Name: artist_to_magazine; Type: ROW SECURITY; Schema: public; Owner: postgres
--

ALTER TABLE public.artist_to_magazine ENABLE ROW LEVEL SECURITY;

--
-- Name: artist_to_map_pin; Type: ROW SECURITY; Schema: public; Owner: postgres
--

ALTER TABLE public.artist_to_map_pin ENABLE ROW LEVEL SECURITY;

--
-- Name: artist_to_profession; Type: ROW SECURITY; Schema: public; Owner: postgres
--

ALTER TABLE public.artist_to_profession ENABLE ROW LEVEL SECURITY;

--
-- Name: artist_to_scene_photo; Type: ROW SECURITY; Schema: public; Owner: postgres
--

ALTER TABLE public.artist_to_scene_photo ENABLE ROW LEVEL SECURITY;

--
-- Name: artist_to_set_photo; Type: ROW SECURITY; Schema: public; Owner: postgres
--

ALTER TABLE public.artist_to_set_photo ENABLE ROW LEVEL SECURITY;

--
-- Name: artist_to_sketch; Type: ROW SECURITY; Schema: public; Owner: postgres
--

ALTER TABLE public.artist_to_sketch ENABLE ROW LEVEL SECURITY;

--
-- Name: artist_to_tag; Type: ROW SECURITY; Schema: public; Owner: postgres
--

ALTER TABLE public.artist_to_tag ENABLE ROW LEVEL SECURITY;

--
-- Name: artist_to_theatre_work; Type: ROW SECURITY; Schema: public; Owner: postgres
--

ALTER TABLE public.artist_to_theatre_work ENABLE ROW LEVEL SECURITY;

--
-- Name: artists; Type: ROW SECURITY; Schema: public; Owner: postgres
--

ALTER TABLE public.artists ENABLE ROW LEVEL SECURITY;

--
-- Name: bibliography; Type: ROW SECURITY; Schema: public; Owner: postgres
--

ALTER TABLE public.bibliography ENABLE ROW LEVEL SECURITY;

--
-- Name: cinematic_works; Type: ROW SECURITY; Schema: public; Owner: postgres
--

ALTER TABLE public.cinematic_works ENABLE ROW LEVEL SECURITY;

--
-- Name: credits; Type: ROW SECURITY; Schema: public; Owner: postgres
--

ALTER TABLE public.credits ENABLE ROW LEVEL SECURITY;

--
-- Name: custom_folders; Type: ROW SECURITY; Schema: public; Owner: postgres
--

ALTER TABLE public.custom_folders ENABLE ROW LEVEL SECURITY;

--
-- Name: exhibitions; Type: ROW SECURITY; Schema: public; Owner: postgres
--

ALTER TABLE public.exhibitions ENABLE ROW LEVEL SECURITY;

--
-- Name: interviews; Type: ROW SECURITY; Schema: public; Owner: postgres
--

ALTER TABLE public.interviews ENABLE ROW LEVEL SECURITY;

--
-- Name: magazines; Type: ROW SECURITY; Schema: public; Owner: postgres
--

ALTER TABLE public.magazines ENABLE ROW LEVEL SECURITY;

--
-- Name: map_pin; Type: ROW SECURITY; Schema: public; Owner: postgres
--

ALTER TABLE public.map_pin ENABLE ROW LEVEL SECURITY;

--
-- Name: page_to_tag; Type: ROW SECURITY; Schema: public; Owner: postgres
--

ALTER TABLE public.page_to_tag ENABLE ROW LEVEL SECURITY;

--
-- Name: pages; Type: ROW SECURITY; Schema: public; Owner: postgres
--

ALTER TABLE public.pages ENABLE ROW LEVEL SECURITY;

--
-- Name: professions; Type: ROW SECURITY; Schema: public; Owner: postgres
--

ALTER TABLE public.professions ENABLE ROW LEVEL SECURITY;

--
-- Name: scene_photos; Type: ROW SECURITY; Schema: public; Owner: postgres
--

ALTER TABLE public.scene_photos ENABLE ROW LEVEL SECURITY;

--
-- Name: set_photos; Type: ROW SECURITY; Schema: public; Owner: postgres
--

ALTER TABLE public.set_photos ENABLE ROW LEVEL SECURITY;

--
-- Name: settings; Type: ROW SECURITY; Schema: public; Owner: postgres
--

ALTER TABLE public.settings ENABLE ROW LEVEL SECURITY;

--
-- Name: sketches; Type: ROW SECURITY; Schema: public; Owner: postgres
--

ALTER TABLE public.sketches ENABLE ROW LEVEL SECURITY;

--
-- Name: tags; Type: ROW SECURITY; Schema: public; Owner: postgres
--

ALTER TABLE public.tags ENABLE ROW LEVEL SECURITY;

--
-- Name: theatre_performances; Type: ROW SECURITY; Schema: public; Owner: postgres
--

ALTER TABLE public.theatre_performances ENABLE ROW LEVEL SECURITY;

--
-- Name: videointerviews; Type: ROW SECURITY; Schema: public; Owner: postgres
--

ALTER TABLE public.videointerviews ENABLE ROW LEVEL SECURITY;

--
-- Name: messages; Type: ROW SECURITY; Schema: realtime; Owner: supabase_realtime_admin
--

ALTER TABLE realtime.messages ENABLE ROW LEVEL SECURITY;

--
-- Name: buckets; Type: ROW SECURITY; Schema: storage; Owner: supabase_storage_admin
--

ALTER TABLE storage.buckets ENABLE ROW LEVEL SECURITY;

--
-- Name: migrations; Type: ROW SECURITY; Schema: storage; Owner: supabase_storage_admin
--

ALTER TABLE storage.migrations ENABLE ROW LEVEL SECURITY;

--
-- Name: objects; Type: ROW SECURITY; Schema: storage; Owner: supabase_storage_admin
--

ALTER TABLE storage.objects ENABLE ROW LEVEL SECURITY;

--
-- Name: prefixes; Type: ROW SECURITY; Schema: storage; Owner: supabase_storage_admin
--

ALTER TABLE storage.prefixes ENABLE ROW LEVEL SECURITY;

--
-- Name: s3_multipart_uploads; Type: ROW SECURITY; Schema: storage; Owner: supabase_storage_admin
--

ALTER TABLE storage.s3_multipart_uploads ENABLE ROW LEVEL SECURITY;

--
-- Name: s3_multipart_uploads_parts; Type: ROW SECURITY; Schema: storage; Owner: supabase_storage_admin
--

ALTER TABLE storage.s3_multipart_uploads_parts ENABLE ROW LEVEL SECURITY;

--
-- Name: supabase_realtime; Type: PUBLICATION; Schema: -; Owner: postgres
--

CREATE PUBLICATION supabase_realtime WITH (publish = 'insert, update, delete, truncate');


ALTER PUBLICATION supabase_realtime OWNER TO postgres;

--
-- Name: SCHEMA auth; Type: ACL; Schema: -; Owner: supabase_admin
--

GRANT USAGE ON SCHEMA auth TO anon;
GRANT USAGE ON SCHEMA auth TO authenticated;
GRANT USAGE ON SCHEMA auth TO service_role;
GRANT ALL ON SCHEMA auth TO supabase_auth_admin;
GRANT ALL ON SCHEMA auth TO dashboard_user;
GRANT USAGE ON SCHEMA auth TO postgres;


--
-- Name: SCHEMA extensions; Type: ACL; Schema: -; Owner: postgres
--

GRANT USAGE ON SCHEMA extensions TO anon;
GRANT USAGE ON SCHEMA extensions TO authenticated;
GRANT USAGE ON SCHEMA extensions TO service_role;
GRANT ALL ON SCHEMA extensions TO dashboard_user;


--
-- Name: SCHEMA public; Type: ACL; Schema: -; Owner: pg_database_owner
--

GRANT USAGE ON SCHEMA public TO postgres;
GRANT USAGE ON SCHEMA public TO anon;
GRANT USAGE ON SCHEMA public TO authenticated;
GRANT USAGE ON SCHEMA public TO service_role;


--
-- Name: SCHEMA realtime; Type: ACL; Schema: -; Owner: supabase_admin
--

GRANT USAGE ON SCHEMA realtime TO postgres;
GRANT USAGE ON SCHEMA realtime TO anon;
GRANT USAGE ON SCHEMA realtime TO authenticated;
GRANT USAGE ON SCHEMA realtime TO service_role;
GRANT ALL ON SCHEMA realtime TO supabase_realtime_admin;


--
-- Name: SCHEMA storage; Type: ACL; Schema: -; Owner: supabase_admin
--

GRANT USAGE ON SCHEMA storage TO postgres WITH GRANT OPTION;
GRANT USAGE ON SCHEMA storage TO anon;
GRANT USAGE ON SCHEMA storage TO authenticated;
GRANT USAGE ON SCHEMA storage TO service_role;
GRANT ALL ON SCHEMA storage TO supabase_storage_admin;
GRANT ALL ON SCHEMA storage TO dashboard_user;


--
-- Name: SCHEMA vault; Type: ACL; Schema: -; Owner: supabase_admin
--

GRANT USAGE ON SCHEMA vault TO postgres WITH GRANT OPTION;
GRANT USAGE ON SCHEMA vault TO service_role;


--
-- Name: FUNCTION email(); Type: ACL; Schema: auth; Owner: supabase_auth_admin
--

GRANT ALL ON FUNCTION auth.email() TO dashboard_user;
GRANT ALL ON FUNCTION auth.email() TO postgres;


--
-- Name: FUNCTION jwt(); Type: ACL; Schema: auth; Owner: supabase_auth_admin
--

GRANT ALL ON FUNCTION auth.jwt() TO postgres;
GRANT ALL ON FUNCTION auth.jwt() TO dashboard_user;


--
-- Name: FUNCTION role(); Type: ACL; Schema: auth; Owner: supabase_auth_admin
--

GRANT ALL ON FUNCTION auth.role() TO dashboard_user;
GRANT ALL ON FUNCTION auth.role() TO postgres;


--
-- Name: FUNCTION uid(); Type: ACL; Schema: auth; Owner: supabase_auth_admin
--

GRANT ALL ON FUNCTION auth.uid() TO dashboard_user;
GRANT ALL ON FUNCTION auth.uid() TO postgres;


--
-- Name: FUNCTION algorithm_sign(signables text, secret text, algorithm text); Type: ACL; Schema: extensions; Owner: supabase_admin
--

GRANT ALL ON FUNCTION extensions.algorithm_sign(signables text, secret text, algorithm text) TO postgres WITH GRANT OPTION;
GRANT ALL ON FUNCTION extensions.algorithm_sign(signables text, secret text, algorithm text) TO dashboard_user;


--
-- Name: FUNCTION armor(bytea); Type: ACL; Schema: extensions; Owner: supabase_admin
--

GRANT ALL ON FUNCTION extensions.armor(bytea) TO postgres WITH GRANT OPTION;
GRANT ALL ON FUNCTION extensions.armor(bytea) TO dashboard_user;


--
-- Name: FUNCTION armor(bytea, text[], text[]); Type: ACL; Schema: extensions; Owner: supabase_admin
--

GRANT ALL ON FUNCTION extensions.armor(bytea, text[], text[]) TO postgres WITH GRANT OPTION;
GRANT ALL ON FUNCTION extensions.armor(bytea, text[], text[]) TO dashboard_user;


--
-- Name: FUNCTION crypt(text, text); Type: ACL; Schema: extensions; Owner: supabase_admin
--

GRANT ALL ON FUNCTION extensions.crypt(text, text) TO postgres WITH GRANT OPTION;
GRANT ALL ON FUNCTION extensions.crypt(text, text) TO dashboard_user;


--
-- Name: FUNCTION dearmor(text); Type: ACL; Schema: extensions; Owner: supabase_admin
--

GRANT ALL ON FUNCTION extensions.dearmor(text) TO postgres WITH GRANT OPTION;
GRANT ALL ON FUNCTION extensions.dearmor(text) TO dashboard_user;


--
-- Name: FUNCTION decrypt(bytea, bytea, text); Type: ACL; Schema: extensions; Owner: supabase_admin
--

GRANT ALL ON FUNCTION extensions.decrypt(bytea, bytea, text) TO postgres WITH GRANT OPTION;
GRANT ALL ON FUNCTION extensions.decrypt(bytea, bytea, text) TO dashboard_user;


--
-- Name: FUNCTION decrypt_iv(bytea, bytea, bytea, text); Type: ACL; Schema: extensions; Owner: supabase_admin
--

GRANT ALL ON FUNCTION extensions.decrypt_iv(bytea, bytea, bytea, text) TO postgres WITH GRANT OPTION;
GRANT ALL ON FUNCTION extensions.decrypt_iv(bytea, bytea, bytea, text) TO dashboard_user;


--
-- Name: FUNCTION digest(bytea, text); Type: ACL; Schema: extensions; Owner: supabase_admin
--

GRANT ALL ON FUNCTION extensions.digest(bytea, text) TO postgres WITH GRANT OPTION;
GRANT ALL ON FUNCTION extensions.digest(bytea, text) TO dashboard_user;


--
-- Name: FUNCTION digest(text, text); Type: ACL; Schema: extensions; Owner: supabase_admin
--

GRANT ALL ON FUNCTION extensions.digest(text, text) TO postgres WITH GRANT OPTION;
GRANT ALL ON FUNCTION extensions.digest(text, text) TO dashboard_user;


--
-- Name: FUNCTION encrypt(bytea, bytea, text); Type: ACL; Schema: extensions; Owner: supabase_admin
--

GRANT ALL ON FUNCTION extensions.encrypt(bytea, bytea, text) TO postgres WITH GRANT OPTION;
GRANT ALL ON FUNCTION extensions.encrypt(bytea, bytea, text) TO dashboard_user;


--
-- Name: FUNCTION encrypt_iv(bytea, bytea, bytea, text); Type: ACL; Schema: extensions; Owner: supabase_admin
--

GRANT ALL ON FUNCTION extensions.encrypt_iv(bytea, bytea, bytea, text) TO postgres WITH GRANT OPTION;
GRANT ALL ON FUNCTION extensions.encrypt_iv(bytea, bytea, bytea, text) TO dashboard_user;


--
-- Name: FUNCTION gen_random_bytes(integer); Type: ACL; Schema: extensions; Owner: supabase_admin
--

GRANT ALL ON FUNCTION extensions.gen_random_bytes(integer) TO postgres WITH GRANT OPTION;
GRANT ALL ON FUNCTION extensions.gen_random_bytes(integer) TO dashboard_user;


--
-- Name: FUNCTION gen_random_uuid(); Type: ACL; Schema: extensions; Owner: supabase_admin
--

GRANT ALL ON FUNCTION extensions.gen_random_uuid() TO postgres WITH GRANT OPTION;
GRANT ALL ON FUNCTION extensions.gen_random_uuid() TO dashboard_user;


--
-- Name: FUNCTION gen_salt(text); Type: ACL; Schema: extensions; Owner: supabase_admin
--

GRANT ALL ON FUNCTION extensions.gen_salt(text) TO postgres WITH GRANT OPTION;
GRANT ALL ON FUNCTION extensions.gen_salt(text) TO dashboard_user;


--
-- Name: FUNCTION gen_salt(text, integer); Type: ACL; Schema: extensions; Owner: supabase_admin
--

GRANT ALL ON FUNCTION extensions.gen_salt(text, integer) TO postgres WITH GRANT OPTION;
GRANT ALL ON FUNCTION extensions.gen_salt(text, integer) TO dashboard_user;


--
-- Name: FUNCTION grant_pg_cron_access(); Type: ACL; Schema: extensions; Owner: supabase_admin
--

REVOKE ALL ON FUNCTION extensions.grant_pg_cron_access() FROM supabase_admin;
GRANT ALL ON FUNCTION extensions.grant_pg_cron_access() TO supabase_admin WITH GRANT OPTION;
GRANT ALL ON FUNCTION extensions.grant_pg_cron_access() TO dashboard_user;
GRANT ALL ON FUNCTION extensions.grant_pg_cron_access() TO postgres WITH GRANT OPTION;


--
-- Name: FUNCTION grant_pg_graphql_access(); Type: ACL; Schema: extensions; Owner: supabase_admin
--

GRANT ALL ON FUNCTION extensions.grant_pg_graphql_access() TO postgres WITH GRANT OPTION;


--
-- Name: FUNCTION grant_pg_net_access(); Type: ACL; Schema: extensions; Owner: supabase_admin
--

REVOKE ALL ON FUNCTION extensions.grant_pg_net_access() FROM supabase_admin;
GRANT ALL ON FUNCTION extensions.grant_pg_net_access() TO supabase_admin WITH GRANT OPTION;
GRANT ALL ON FUNCTION extensions.grant_pg_net_access() TO dashboard_user;
GRANT ALL ON FUNCTION extensions.grant_pg_net_access() TO postgres WITH GRANT OPTION;


--
-- Name: FUNCTION hmac(bytea, bytea, text); Type: ACL; Schema: extensions; Owner: supabase_admin
--

GRANT ALL ON FUNCTION extensions.hmac(bytea, bytea, text) TO postgres WITH GRANT OPTION;
GRANT ALL ON FUNCTION extensions.hmac(bytea, bytea, text) TO dashboard_user;


--
-- Name: FUNCTION hmac(text, text, text); Type: ACL; Schema: extensions; Owner: supabase_admin
--

GRANT ALL ON FUNCTION extensions.hmac(text, text, text) TO postgres WITH GRANT OPTION;
GRANT ALL ON FUNCTION extensions.hmac(text, text, text) TO dashboard_user;


--
-- Name: FUNCTION pg_stat_statements(showtext boolean, OUT userid oid, OUT dbid oid, OUT toplevel boolean, OUT queryid bigint, OUT query text, OUT plans bigint, OUT total_plan_time double precision, OUT min_plan_time double precision, OUT max_plan_time double precision, OUT mean_plan_time double precision, OUT stddev_plan_time double precision, OUT calls bigint, OUT total_exec_time double precision, OUT min_exec_time double precision, OUT max_exec_time double precision, OUT mean_exec_time double precision, OUT stddev_exec_time double precision, OUT rows bigint, OUT shared_blks_hit bigint, OUT shared_blks_read bigint, OUT shared_blks_dirtied bigint, OUT shared_blks_written bigint, OUT local_blks_hit bigint, OUT local_blks_read bigint, OUT local_blks_dirtied bigint, OUT local_blks_written bigint, OUT temp_blks_read bigint, OUT temp_blks_written bigint, OUT blk_read_time double precision, OUT blk_write_time double precision, OUT temp_blk_read_time double precision, OUT temp_blk_write_time double precision, OUT wal_records bigint, OUT wal_fpi bigint, OUT wal_bytes numeric, OUT jit_functions bigint, OUT jit_generation_time double precision, OUT jit_inlining_count bigint, OUT jit_inlining_time double precision, OUT jit_optimization_count bigint, OUT jit_optimization_time double precision, OUT jit_emission_count bigint, OUT jit_emission_time double precision); Type: ACL; Schema: extensions; Owner: supabase_admin
--

GRANT ALL ON FUNCTION extensions.pg_stat_statements(showtext boolean, OUT userid oid, OUT dbid oid, OUT toplevel boolean, OUT queryid bigint, OUT query text, OUT plans bigint, OUT total_plan_time double precision, OUT min_plan_time double precision, OUT max_plan_time double precision, OUT mean_plan_time double precision, OUT stddev_plan_time double precision, OUT calls bigint, OUT total_exec_time double precision, OUT min_exec_time double precision, OUT max_exec_time double precision, OUT mean_exec_time double precision, OUT stddev_exec_time double precision, OUT rows bigint, OUT shared_blks_hit bigint, OUT shared_blks_read bigint, OUT shared_blks_dirtied bigint, OUT shared_blks_written bigint, OUT local_blks_hit bigint, OUT local_blks_read bigint, OUT local_blks_dirtied bigint, OUT local_blks_written bigint, OUT temp_blks_read bigint, OUT temp_blks_written bigint, OUT blk_read_time double precision, OUT blk_write_time double precision, OUT temp_blk_read_time double precision, OUT temp_blk_write_time double precision, OUT wal_records bigint, OUT wal_fpi bigint, OUT wal_bytes numeric, OUT jit_functions bigint, OUT jit_generation_time double precision, OUT jit_inlining_count bigint, OUT jit_inlining_time double precision, OUT jit_optimization_count bigint, OUT jit_optimization_time double precision, OUT jit_emission_count bigint, OUT jit_emission_time double precision) TO postgres WITH GRANT OPTION;
GRANT ALL ON FUNCTION extensions.pg_stat_statements(showtext boolean, OUT userid oid, OUT dbid oid, OUT toplevel boolean, OUT queryid bigint, OUT query text, OUT plans bigint, OUT total_plan_time double precision, OUT min_plan_time double precision, OUT max_plan_time double precision, OUT mean_plan_time double precision, OUT stddev_plan_time double precision, OUT calls bigint, OUT total_exec_time double precision, OUT min_exec_time double precision, OUT max_exec_time double precision, OUT mean_exec_time double precision, OUT stddev_exec_time double precision, OUT rows bigint, OUT shared_blks_hit bigint, OUT shared_blks_read bigint, OUT shared_blks_dirtied bigint, OUT shared_blks_written bigint, OUT local_blks_hit bigint, OUT local_blks_read bigint, OUT local_blks_dirtied bigint, OUT local_blks_written bigint, OUT temp_blks_read bigint, OUT temp_blks_written bigint, OUT blk_read_time double precision, OUT blk_write_time double precision, OUT temp_blk_read_time double precision, OUT temp_blk_write_time double precision, OUT wal_records bigint, OUT wal_fpi bigint, OUT wal_bytes numeric, OUT jit_functions bigint, OUT jit_generation_time double precision, OUT jit_inlining_count bigint, OUT jit_inlining_time double precision, OUT jit_optimization_count bigint, OUT jit_optimization_time double precision, OUT jit_emission_count bigint, OUT jit_emission_time double precision) TO dashboard_user;


--
-- Name: FUNCTION pg_stat_statements_info(OUT dealloc bigint, OUT stats_reset timestamp with time zone); Type: ACL; Schema: extensions; Owner: supabase_admin
--

GRANT ALL ON FUNCTION extensions.pg_stat_statements_info(OUT dealloc bigint, OUT stats_reset timestamp with time zone) TO postgres WITH GRANT OPTION;
GRANT ALL ON FUNCTION extensions.pg_stat_statements_info(OUT dealloc bigint, OUT stats_reset timestamp with time zone) TO dashboard_user;


--
-- Name: FUNCTION pg_stat_statements_reset(userid oid, dbid oid, queryid bigint); Type: ACL; Schema: extensions; Owner: supabase_admin
--

GRANT ALL ON FUNCTION extensions.pg_stat_statements_reset(userid oid, dbid oid, queryid bigint) TO postgres WITH GRANT OPTION;
GRANT ALL ON FUNCTION extensions.pg_stat_statements_reset(userid oid, dbid oid, queryid bigint) TO dashboard_user;


--
-- Name: FUNCTION pgp_armor_headers(text, OUT key text, OUT value text); Type: ACL; Schema: extensions; Owner: supabase_admin
--

GRANT ALL ON FUNCTION extensions.pgp_armor_headers(text, OUT key text, OUT value text) TO postgres WITH GRANT OPTION;
GRANT ALL ON FUNCTION extensions.pgp_armor_headers(text, OUT key text, OUT value text) TO dashboard_user;


--
-- Name: FUNCTION pgp_key_id(bytea); Type: ACL; Schema: extensions; Owner: supabase_admin
--

GRANT ALL ON FUNCTION extensions.pgp_key_id(bytea) TO postgres WITH GRANT OPTION;
GRANT ALL ON FUNCTION extensions.pgp_key_id(bytea) TO dashboard_user;


--
-- Name: FUNCTION pgp_pub_decrypt(bytea, bytea); Type: ACL; Schema: extensions; Owner: supabase_admin
--

GRANT ALL ON FUNCTION extensions.pgp_pub_decrypt(bytea, bytea) TO postgres WITH GRANT OPTION;
GRANT ALL ON FUNCTION extensions.pgp_pub_decrypt(bytea, bytea) TO dashboard_user;


--
-- Name: FUNCTION pgp_pub_decrypt(bytea, bytea, text); Type: ACL; Schema: extensions; Owner: supabase_admin
--

GRANT ALL ON FUNCTION extensions.pgp_pub_decrypt(bytea, bytea, text) TO postgres WITH GRANT OPTION;
GRANT ALL ON FUNCTION extensions.pgp_pub_decrypt(bytea, bytea, text) TO dashboard_user;


--
-- Name: FUNCTION pgp_pub_decrypt(bytea, bytea, text, text); Type: ACL; Schema: extensions; Owner: supabase_admin
--

GRANT ALL ON FUNCTION extensions.pgp_pub_decrypt(bytea, bytea, text, text) TO postgres WITH GRANT OPTION;
GRANT ALL ON FUNCTION extensions.pgp_pub_decrypt(bytea, bytea, text, text) TO dashboard_user;


--
-- Name: FUNCTION pgp_pub_decrypt_bytea(bytea, bytea); Type: ACL; Schema: extensions; Owner: supabase_admin
--

GRANT ALL ON FUNCTION extensions.pgp_pub_decrypt_bytea(bytea, bytea) TO postgres WITH GRANT OPTION;
GRANT ALL ON FUNCTION extensions.pgp_pub_decrypt_bytea(bytea, bytea) TO dashboard_user;


--
-- Name: FUNCTION pgp_pub_decrypt_bytea(bytea, bytea, text); Type: ACL; Schema: extensions; Owner: supabase_admin
--

GRANT ALL ON FUNCTION extensions.pgp_pub_decrypt_bytea(bytea, bytea, text) TO postgres WITH GRANT OPTION;
GRANT ALL ON FUNCTION extensions.pgp_pub_decrypt_bytea(bytea, bytea, text) TO dashboard_user;


--
-- Name: FUNCTION pgp_pub_decrypt_bytea(bytea, bytea, text, text); Type: ACL; Schema: extensions; Owner: supabase_admin
--

GRANT ALL ON FUNCTION extensions.pgp_pub_decrypt_bytea(bytea, bytea, text, text) TO postgres WITH GRANT OPTION;
GRANT ALL ON FUNCTION extensions.pgp_pub_decrypt_bytea(bytea, bytea, text, text) TO dashboard_user;


--
-- Name: FUNCTION pgp_pub_encrypt(text, bytea); Type: ACL; Schema: extensions; Owner: supabase_admin
--

GRANT ALL ON FUNCTION extensions.pgp_pub_encrypt(text, bytea) TO postgres WITH GRANT OPTION;
GRANT ALL ON FUNCTION extensions.pgp_pub_encrypt(text, bytea) TO dashboard_user;


--
-- Name: FUNCTION pgp_pub_encrypt(text, bytea, text); Type: ACL; Schema: extensions; Owner: supabase_admin
--

GRANT ALL ON FUNCTION extensions.pgp_pub_encrypt(text, bytea, text) TO postgres WITH GRANT OPTION;
GRANT ALL ON FUNCTION extensions.pgp_pub_encrypt(text, bytea, text) TO dashboard_user;


--
-- Name: FUNCTION pgp_pub_encrypt_bytea(bytea, bytea); Type: ACL; Schema: extensions; Owner: supabase_admin
--

GRANT ALL ON FUNCTION extensions.pgp_pub_encrypt_bytea(bytea, bytea) TO postgres WITH GRANT OPTION;
GRANT ALL ON FUNCTION extensions.pgp_pub_encrypt_bytea(bytea, bytea) TO dashboard_user;


--
-- Name: FUNCTION pgp_pub_encrypt_bytea(bytea, bytea, text); Type: ACL; Schema: extensions; Owner: supabase_admin
--

GRANT ALL ON FUNCTION extensions.pgp_pub_encrypt_bytea(bytea, bytea, text) TO postgres WITH GRANT OPTION;
GRANT ALL ON FUNCTION extensions.pgp_pub_encrypt_bytea(bytea, bytea, text) TO dashboard_user;


--
-- Name: FUNCTION pgp_sym_decrypt(bytea, text); Type: ACL; Schema: extensions; Owner: supabase_admin
--

GRANT ALL ON FUNCTION extensions.pgp_sym_decrypt(bytea, text) TO postgres WITH GRANT OPTION;
GRANT ALL ON FUNCTION extensions.pgp_sym_decrypt(bytea, text) TO dashboard_user;


--
-- Name: FUNCTION pgp_sym_decrypt(bytea, text, text); Type: ACL; Schema: extensions; Owner: supabase_admin
--

GRANT ALL ON FUNCTION extensions.pgp_sym_decrypt(bytea, text, text) TO postgres WITH GRANT OPTION;
GRANT ALL ON FUNCTION extensions.pgp_sym_decrypt(bytea, text, text) TO dashboard_user;


--
-- Name: FUNCTION pgp_sym_decrypt_bytea(bytea, text); Type: ACL; Schema: extensions; Owner: supabase_admin
--

GRANT ALL ON FUNCTION extensions.pgp_sym_decrypt_bytea(bytea, text) TO postgres WITH GRANT OPTION;
GRANT ALL ON FUNCTION extensions.pgp_sym_decrypt_bytea(bytea, text) TO dashboard_user;


--
-- Name: FUNCTION pgp_sym_decrypt_bytea(bytea, text, text); Type: ACL; Schema: extensions; Owner: supabase_admin
--

GRANT ALL ON FUNCTION extensions.pgp_sym_decrypt_bytea(bytea, text, text) TO postgres WITH GRANT OPTION;
GRANT ALL ON FUNCTION extensions.pgp_sym_decrypt_bytea(bytea, text, text) TO dashboard_user;


--
-- Name: FUNCTION pgp_sym_encrypt(text, text); Type: ACL; Schema: extensions; Owner: supabase_admin
--

GRANT ALL ON FUNCTION extensions.pgp_sym_encrypt(text, text) TO postgres WITH GRANT OPTION;
GRANT ALL ON FUNCTION extensions.pgp_sym_encrypt(text, text) TO dashboard_user;


--
-- Name: FUNCTION pgp_sym_encrypt(text, text, text); Type: ACL; Schema: extensions; Owner: supabase_admin
--

GRANT ALL ON FUNCTION extensions.pgp_sym_encrypt(text, text, text) TO postgres WITH GRANT OPTION;
GRANT ALL ON FUNCTION extensions.pgp_sym_encrypt(text, text, text) TO dashboard_user;


--
-- Name: FUNCTION pgp_sym_encrypt_bytea(bytea, text); Type: ACL; Schema: extensions; Owner: supabase_admin
--

GRANT ALL ON FUNCTION extensions.pgp_sym_encrypt_bytea(bytea, text) TO postgres WITH GRANT OPTION;
GRANT ALL ON FUNCTION extensions.pgp_sym_encrypt_bytea(bytea, text) TO dashboard_user;


--
-- Name: FUNCTION pgp_sym_encrypt_bytea(bytea, text, text); Type: ACL; Schema: extensions; Owner: supabase_admin
--

GRANT ALL ON FUNCTION extensions.pgp_sym_encrypt_bytea(bytea, text, text) TO postgres WITH GRANT OPTION;
GRANT ALL ON FUNCTION extensions.pgp_sym_encrypt_bytea(bytea, text, text) TO dashboard_user;


--
-- Name: FUNCTION pgrst_ddl_watch(); Type: ACL; Schema: extensions; Owner: supabase_admin
--

GRANT ALL ON FUNCTION extensions.pgrst_ddl_watch() TO postgres WITH GRANT OPTION;


--
-- Name: FUNCTION pgrst_drop_watch(); Type: ACL; Schema: extensions; Owner: supabase_admin
--

GRANT ALL ON FUNCTION extensions.pgrst_drop_watch() TO postgres WITH GRANT OPTION;


--
-- Name: FUNCTION set_graphql_placeholder(); Type: ACL; Schema: extensions; Owner: supabase_admin
--

GRANT ALL ON FUNCTION extensions.set_graphql_placeholder() TO postgres WITH GRANT OPTION;


--
-- Name: FUNCTION sign(payload json, secret text, algorithm text); Type: ACL; Schema: extensions; Owner: supabase_admin
--

GRANT ALL ON FUNCTION extensions.sign(payload json, secret text, algorithm text) TO postgres WITH GRANT OPTION;
GRANT ALL ON FUNCTION extensions.sign(payload json, secret text, algorithm text) TO dashboard_user;


--
-- Name: FUNCTION try_cast_double(inp text); Type: ACL; Schema: extensions; Owner: supabase_admin
--

GRANT ALL ON FUNCTION extensions.try_cast_double(inp text) TO postgres WITH GRANT OPTION;
GRANT ALL ON FUNCTION extensions.try_cast_double(inp text) TO dashboard_user;


--
-- Name: FUNCTION url_decode(data text); Type: ACL; Schema: extensions; Owner: supabase_admin
--

GRANT ALL ON FUNCTION extensions.url_decode(data text) TO postgres WITH GRANT OPTION;
GRANT ALL ON FUNCTION extensions.url_decode(data text) TO dashboard_user;


--
-- Name: FUNCTION url_encode(data bytea); Type: ACL; Schema: extensions; Owner: supabase_admin
--

GRANT ALL ON FUNCTION extensions.url_encode(data bytea) TO postgres WITH GRANT OPTION;
GRANT ALL ON FUNCTION extensions.url_encode(data bytea) TO dashboard_user;


--
-- Name: FUNCTION uuid_generate_v1(); Type: ACL; Schema: extensions; Owner: supabase_admin
--

GRANT ALL ON FUNCTION extensions.uuid_generate_v1() TO postgres WITH GRANT OPTION;
GRANT ALL ON FUNCTION extensions.uuid_generate_v1() TO dashboard_user;


--
-- Name: FUNCTION uuid_generate_v1mc(); Type: ACL; Schema: extensions; Owner: supabase_admin
--

GRANT ALL ON FUNCTION extensions.uuid_generate_v1mc() TO postgres WITH GRANT OPTION;
GRANT ALL ON FUNCTION extensions.uuid_generate_v1mc() TO dashboard_user;


--
-- Name: FUNCTION uuid_generate_v3(namespace uuid, name text); Type: ACL; Schema: extensions; Owner: supabase_admin
--

GRANT ALL ON FUNCTION extensions.uuid_generate_v3(namespace uuid, name text) TO postgres WITH GRANT OPTION;
GRANT ALL ON FUNCTION extensions.uuid_generate_v3(namespace uuid, name text) TO dashboard_user;


--
-- Name: FUNCTION uuid_generate_v4(); Type: ACL; Schema: extensions; Owner: supabase_admin
--

GRANT ALL ON FUNCTION extensions.uuid_generate_v4() TO postgres WITH GRANT OPTION;
GRANT ALL ON FUNCTION extensions.uuid_generate_v4() TO dashboard_user;


--
-- Name: FUNCTION uuid_generate_v5(namespace uuid, name text); Type: ACL; Schema: extensions; Owner: supabase_admin
--

GRANT ALL ON FUNCTION extensions.uuid_generate_v5(namespace uuid, name text) TO postgres WITH GRANT OPTION;
GRANT ALL ON FUNCTION extensions.uuid_generate_v5(namespace uuid, name text) TO dashboard_user;


--
-- Name: FUNCTION uuid_nil(); Type: ACL; Schema: extensions; Owner: supabase_admin
--

GRANT ALL ON FUNCTION extensions.uuid_nil() TO postgres WITH GRANT OPTION;
GRANT ALL ON FUNCTION extensions.uuid_nil() TO dashboard_user;


--
-- Name: FUNCTION uuid_ns_dns(); Type: ACL; Schema: extensions; Owner: supabase_admin
--

GRANT ALL ON FUNCTION extensions.uuid_ns_dns() TO postgres WITH GRANT OPTION;
GRANT ALL ON FUNCTION extensions.uuid_ns_dns() TO dashboard_user;


--
-- Name: FUNCTION uuid_ns_oid(); Type: ACL; Schema: extensions; Owner: supabase_admin
--

GRANT ALL ON FUNCTION extensions.uuid_ns_oid() TO postgres WITH GRANT OPTION;
GRANT ALL ON FUNCTION extensions.uuid_ns_oid() TO dashboard_user;


--
-- Name: FUNCTION uuid_ns_url(); Type: ACL; Schema: extensions; Owner: supabase_admin
--

GRANT ALL ON FUNCTION extensions.uuid_ns_url() TO postgres WITH GRANT OPTION;
GRANT ALL ON FUNCTION extensions.uuid_ns_url() TO dashboard_user;


--
-- Name: FUNCTION uuid_ns_x500(); Type: ACL; Schema: extensions; Owner: supabase_admin
--

GRANT ALL ON FUNCTION extensions.uuid_ns_x500() TO postgres WITH GRANT OPTION;
GRANT ALL ON FUNCTION extensions.uuid_ns_x500() TO dashboard_user;


--
-- Name: FUNCTION verify(token text, secret text, algorithm text); Type: ACL; Schema: extensions; Owner: supabase_admin
--

GRANT ALL ON FUNCTION extensions.verify(token text, secret text, algorithm text) TO postgres WITH GRANT OPTION;
GRANT ALL ON FUNCTION extensions.verify(token text, secret text, algorithm text) TO dashboard_user;


--
-- Name: FUNCTION graphql("operationName" text, query text, variables jsonb, extensions jsonb); Type: ACL; Schema: graphql_public; Owner: supabase_admin
--

GRANT ALL ON FUNCTION graphql_public.graphql("operationName" text, query text, variables jsonb, extensions jsonb) TO postgres;
GRANT ALL ON FUNCTION graphql_public.graphql("operationName" text, query text, variables jsonb, extensions jsonb) TO anon;
GRANT ALL ON FUNCTION graphql_public.graphql("operationName" text, query text, variables jsonb, extensions jsonb) TO authenticated;
GRANT ALL ON FUNCTION graphql_public.graphql("operationName" text, query text, variables jsonb, extensions jsonb) TO service_role;


--
-- Name: FUNCTION get_auth(p_usename text); Type: ACL; Schema: pgbouncer; Owner: supabase_admin
--

REVOKE ALL ON FUNCTION pgbouncer.get_auth(p_usename text) FROM PUBLIC;
GRANT ALL ON FUNCTION pgbouncer.get_auth(p_usename text) TO pgbouncer;
GRANT ALL ON FUNCTION pgbouncer.get_auth(p_usename text) TO postgres;


--
-- Name: FUNCTION crypto_aead_det_decrypt(message bytea, additional bytea, key_uuid uuid, nonce bytea); Type: ACL; Schema: pgsodium; Owner: pgsodium_keymaker
--

GRANT ALL ON FUNCTION pgsodium.crypto_aead_det_decrypt(message bytea, additional bytea, key_uuid uuid, nonce bytea) TO service_role;


--
-- Name: FUNCTION crypto_aead_det_encrypt(message bytea, additional bytea, key_uuid uuid, nonce bytea); Type: ACL; Schema: pgsodium; Owner: pgsodium_keymaker
--

GRANT ALL ON FUNCTION pgsodium.crypto_aead_det_encrypt(message bytea, additional bytea, key_uuid uuid, nonce bytea) TO service_role;


--
-- Name: FUNCTION crypto_aead_det_keygen(); Type: ACL; Schema: pgsodium; Owner: supabase_admin
--

GRANT ALL ON FUNCTION pgsodium.crypto_aead_det_keygen() TO service_role;


--
-- Name: TABLE artists; Type: ACL; Schema: public; Owner: postgres
--

GRANT ALL ON TABLE public.artists TO anon;
GRANT ALL ON TABLE public.artists TO authenticated;
GRANT ALL ON TABLE public.artists TO service_role;


--
-- Name: FUNCTION combined_search_names(public.artists); Type: ACL; Schema: public; Owner: postgres
--

GRANT ALL ON FUNCTION public.combined_search_names(public.artists) TO anon;
GRANT ALL ON FUNCTION public.combined_search_names(public.artists) TO authenticated;
GRANT ALL ON FUNCTION public.combined_search_names(public.artists) TO service_role;


--
-- Name: FUNCTION apply_rls(wal jsonb, max_record_bytes integer); Type: ACL; Schema: realtime; Owner: supabase_admin
--

GRANT ALL ON FUNCTION realtime.apply_rls(wal jsonb, max_record_bytes integer) TO postgres;
GRANT ALL ON FUNCTION realtime.apply_rls(wal jsonb, max_record_bytes integer) TO dashboard_user;
GRANT ALL ON FUNCTION realtime.apply_rls(wal jsonb, max_record_bytes integer) TO anon;
GRANT ALL ON FUNCTION realtime.apply_rls(wal jsonb, max_record_bytes integer) TO authenticated;
GRANT ALL ON FUNCTION realtime.apply_rls(wal jsonb, max_record_bytes integer) TO service_role;
GRANT ALL ON FUNCTION realtime.apply_rls(wal jsonb, max_record_bytes integer) TO supabase_realtime_admin;


--
-- Name: FUNCTION broadcast_changes(topic_name text, event_name text, operation text, table_name text, table_schema text, new record, old record, level text); Type: ACL; Schema: realtime; Owner: supabase_admin
--

GRANT ALL ON FUNCTION realtime.broadcast_changes(topic_name text, event_name text, operation text, table_name text, table_schema text, new record, old record, level text) TO postgres;
GRANT ALL ON FUNCTION realtime.broadcast_changes(topic_name text, event_name text, operation text, table_name text, table_schema text, new record, old record, level text) TO dashboard_user;


--
-- Name: FUNCTION build_prepared_statement_sql(prepared_statement_name text, entity regclass, columns realtime.wal_column[]); Type: ACL; Schema: realtime; Owner: supabase_admin
--

GRANT ALL ON FUNCTION realtime.build_prepared_statement_sql(prepared_statement_name text, entity regclass, columns realtime.wal_column[]) TO postgres;
GRANT ALL ON FUNCTION realtime.build_prepared_statement_sql(prepared_statement_name text, entity regclass, columns realtime.wal_column[]) TO dashboard_user;
GRANT ALL ON FUNCTION realtime.build_prepared_statement_sql(prepared_statement_name text, entity regclass, columns realtime.wal_column[]) TO anon;
GRANT ALL ON FUNCTION realtime.build_prepared_statement_sql(prepared_statement_name text, entity regclass, columns realtime.wal_column[]) TO authenticated;
GRANT ALL ON FUNCTION realtime.build_prepared_statement_sql(prepared_statement_name text, entity regclass, columns realtime.wal_column[]) TO service_role;
GRANT ALL ON FUNCTION realtime.build_prepared_statement_sql(prepared_statement_name text, entity regclass, columns realtime.wal_column[]) TO supabase_realtime_admin;


--
-- Name: FUNCTION "cast"(val text, type_ regtype); Type: ACL; Schema: realtime; Owner: supabase_admin
--

GRANT ALL ON FUNCTION realtime."cast"(val text, type_ regtype) TO postgres;
GRANT ALL ON FUNCTION realtime."cast"(val text, type_ regtype) TO dashboard_user;
GRANT ALL ON FUNCTION realtime."cast"(val text, type_ regtype) TO anon;
GRANT ALL ON FUNCTION realtime."cast"(val text, type_ regtype) TO authenticated;
GRANT ALL ON FUNCTION realtime."cast"(val text, type_ regtype) TO service_role;
GRANT ALL ON FUNCTION realtime."cast"(val text, type_ regtype) TO supabase_realtime_admin;


--
-- Name: FUNCTION check_equality_op(op realtime.equality_op, type_ regtype, val_1 text, val_2 text); Type: ACL; Schema: realtime; Owner: supabase_admin
--

GRANT ALL ON FUNCTION realtime.check_equality_op(op realtime.equality_op, type_ regtype, val_1 text, val_2 text) TO postgres;
GRANT ALL ON FUNCTION realtime.check_equality_op(op realtime.equality_op, type_ regtype, val_1 text, val_2 text) TO dashboard_user;
GRANT ALL ON FUNCTION realtime.check_equality_op(op realtime.equality_op, type_ regtype, val_1 text, val_2 text) TO anon;
GRANT ALL ON FUNCTION realtime.check_equality_op(op realtime.equality_op, type_ regtype, val_1 text, val_2 text) TO authenticated;
GRANT ALL ON FUNCTION realtime.check_equality_op(op realtime.equality_op, type_ regtype, val_1 text, val_2 text) TO service_role;
GRANT ALL ON FUNCTION realtime.check_equality_op(op realtime.equality_op, type_ regtype, val_1 text, val_2 text) TO supabase_realtime_admin;


--
-- Name: FUNCTION is_visible_through_filters(columns realtime.wal_column[], filters realtime.user_defined_filter[]); Type: ACL; Schema: realtime; Owner: supabase_admin
--

GRANT ALL ON FUNCTION realtime.is_visible_through_filters(columns realtime.wal_column[], filters realtime.user_defined_filter[]) TO postgres;
GRANT ALL ON FUNCTION realtime.is_visible_through_filters(columns realtime.wal_column[], filters realtime.user_defined_filter[]) TO dashboard_user;
GRANT ALL ON FUNCTION realtime.is_visible_through_filters(columns realtime.wal_column[], filters realtime.user_defined_filter[]) TO anon;
GRANT ALL ON FUNCTION realtime.is_visible_through_filters(columns realtime.wal_column[], filters realtime.user_defined_filter[]) TO authenticated;
GRANT ALL ON FUNCTION realtime.is_visible_through_filters(columns realtime.wal_column[], filters realtime.user_defined_filter[]) TO service_role;
GRANT ALL ON FUNCTION realtime.is_visible_through_filters(columns realtime.wal_column[], filters realtime.user_defined_filter[]) TO supabase_realtime_admin;


--
-- Name: FUNCTION list_changes(publication name, slot_name name, max_changes integer, max_record_bytes integer); Type: ACL; Schema: realtime; Owner: supabase_admin
--

GRANT ALL ON FUNCTION realtime.list_changes(publication name, slot_name name, max_changes integer, max_record_bytes integer) TO postgres;
GRANT ALL ON FUNCTION realtime.list_changes(publication name, slot_name name, max_changes integer, max_record_bytes integer) TO dashboard_user;
GRANT ALL ON FUNCTION realtime.list_changes(publication name, slot_name name, max_changes integer, max_record_bytes integer) TO anon;
GRANT ALL ON FUNCTION realtime.list_changes(publication name, slot_name name, max_changes integer, max_record_bytes integer) TO authenticated;
GRANT ALL ON FUNCTION realtime.list_changes(publication name, slot_name name, max_changes integer, max_record_bytes integer) TO service_role;
GRANT ALL ON FUNCTION realtime.list_changes(publication name, slot_name name, max_changes integer, max_record_bytes integer) TO supabase_realtime_admin;


--
-- Name: FUNCTION quote_wal2json(entity regclass); Type: ACL; Schema: realtime; Owner: supabase_admin
--

GRANT ALL ON FUNCTION realtime.quote_wal2json(entity regclass) TO postgres;
GRANT ALL ON FUNCTION realtime.quote_wal2json(entity regclass) TO dashboard_user;
GRANT ALL ON FUNCTION realtime.quote_wal2json(entity regclass) TO anon;
GRANT ALL ON FUNCTION realtime.quote_wal2json(entity regclass) TO authenticated;
GRANT ALL ON FUNCTION realtime.quote_wal2json(entity regclass) TO service_role;
GRANT ALL ON FUNCTION realtime.quote_wal2json(entity regclass) TO supabase_realtime_admin;


--
-- Name: FUNCTION send(payload jsonb, event text, topic text, private boolean); Type: ACL; Schema: realtime; Owner: supabase_admin
--

GRANT ALL ON FUNCTION realtime.send(payload jsonb, event text, topic text, private boolean) TO postgres;
GRANT ALL ON FUNCTION realtime.send(payload jsonb, event text, topic text, private boolean) TO dashboard_user;


--
-- Name: FUNCTION subscription_check_filters(); Type: ACL; Schema: realtime; Owner: supabase_admin
--

GRANT ALL ON FUNCTION realtime.subscription_check_filters() TO postgres;
GRANT ALL ON FUNCTION realtime.subscription_check_filters() TO dashboard_user;
GRANT ALL ON FUNCTION realtime.subscription_check_filters() TO anon;
GRANT ALL ON FUNCTION realtime.subscription_check_filters() TO authenticated;
GRANT ALL ON FUNCTION realtime.subscription_check_filters() TO service_role;
GRANT ALL ON FUNCTION realtime.subscription_check_filters() TO supabase_realtime_admin;


--
-- Name: FUNCTION to_regrole(role_name text); Type: ACL; Schema: realtime; Owner: supabase_admin
--

GRANT ALL ON FUNCTION realtime.to_regrole(role_name text) TO postgres;
GRANT ALL ON FUNCTION realtime.to_regrole(role_name text) TO dashboard_user;
GRANT ALL ON FUNCTION realtime.to_regrole(role_name text) TO anon;
GRANT ALL ON FUNCTION realtime.to_regrole(role_name text) TO authenticated;
GRANT ALL ON FUNCTION realtime.to_regrole(role_name text) TO service_role;
GRANT ALL ON FUNCTION realtime.to_regrole(role_name text) TO supabase_realtime_admin;


--
-- Name: FUNCTION topic(); Type: ACL; Schema: realtime; Owner: supabase_realtime_admin
--

GRANT ALL ON FUNCTION realtime.topic() TO postgres;
GRANT ALL ON FUNCTION realtime.topic() TO dashboard_user;


--
-- Name: FUNCTION add_prefixes(_bucket_id text, _name text); Type: ACL; Schema: storage; Owner: supabase_storage_admin
--

GRANT ALL ON FUNCTION storage.add_prefixes(_bucket_id text, _name text) TO postgres;


--
-- Name: FUNCTION can_insert_object(bucketid text, name text, owner uuid, metadata jsonb); Type: ACL; Schema: storage; Owner: supabase_storage_admin
--

GRANT ALL ON FUNCTION storage.can_insert_object(bucketid text, name text, owner uuid, metadata jsonb) TO postgres;


--
-- Name: FUNCTION delete_prefix(_bucket_id text, _name text); Type: ACL; Schema: storage; Owner: supabase_storage_admin
--

GRANT ALL ON FUNCTION storage.delete_prefix(_bucket_id text, _name text) TO postgres;


--
-- Name: FUNCTION delete_prefix_hierarchy_trigger(); Type: ACL; Schema: storage; Owner: supabase_storage_admin
--

GRANT ALL ON FUNCTION storage.delete_prefix_hierarchy_trigger() TO postgres;


--
-- Name: FUNCTION extension(name text); Type: ACL; Schema: storage; Owner: supabase_storage_admin
--

GRANT ALL ON FUNCTION storage.extension(name text) TO postgres;


--
-- Name: FUNCTION filename(name text); Type: ACL; Schema: storage; Owner: supabase_storage_admin
--

GRANT ALL ON FUNCTION storage.filename(name text) TO postgres;


--
-- Name: FUNCTION foldername(name text); Type: ACL; Schema: storage; Owner: supabase_storage_admin
--

GRANT ALL ON FUNCTION storage.foldername(name text) TO postgres;


--
-- Name: FUNCTION get_level(name text); Type: ACL; Schema: storage; Owner: supabase_storage_admin
--

GRANT ALL ON FUNCTION storage.get_level(name text) TO postgres;


--
-- Name: FUNCTION get_prefix(name text); Type: ACL; Schema: storage; Owner: supabase_storage_admin
--

GRANT ALL ON FUNCTION storage.get_prefix(name text) TO postgres;


--
-- Name: FUNCTION get_prefixes(name text); Type: ACL; Schema: storage; Owner: supabase_storage_admin
--

GRANT ALL ON FUNCTION storage.get_prefixes(name text) TO postgres;


--
-- Name: FUNCTION get_size_by_bucket(); Type: ACL; Schema: storage; Owner: supabase_storage_admin
--

GRANT ALL ON FUNCTION storage.get_size_by_bucket() TO postgres;


--
-- Name: FUNCTION list_multipart_uploads_with_delimiter(bucket_id text, prefix_param text, delimiter_param text, max_keys integer, next_key_token text, next_upload_token text); Type: ACL; Schema: storage; Owner: supabase_storage_admin
--

GRANT ALL ON FUNCTION storage.list_multipart_uploads_with_delimiter(bucket_id text, prefix_param text, delimiter_param text, max_keys integer, next_key_token text, next_upload_token text) TO postgres;


--
-- Name: FUNCTION list_objects_with_delimiter(bucket_id text, prefix_param text, delimiter_param text, max_keys integer, start_after text, next_token text); Type: ACL; Schema: storage; Owner: supabase_storage_admin
--

GRANT ALL ON FUNCTION storage.list_objects_with_delimiter(bucket_id text, prefix_param text, delimiter_param text, max_keys integer, start_after text, next_token text) TO postgres;


--
-- Name: FUNCTION objects_insert_prefix_trigger(); Type: ACL; Schema: storage; Owner: supabase_storage_admin
--

GRANT ALL ON FUNCTION storage.objects_insert_prefix_trigger() TO postgres;


--
-- Name: FUNCTION operation(); Type: ACL; Schema: storage; Owner: supabase_storage_admin
--

GRANT ALL ON FUNCTION storage.operation() TO postgres;


--
-- Name: FUNCTION prefixes_insert_trigger(); Type: ACL; Schema: storage; Owner: supabase_storage_admin
--

GRANT ALL ON FUNCTION storage.prefixes_insert_trigger() TO postgres;


--
-- Name: FUNCTION search(prefix text, bucketname text, limits integer, levels integer, offsets integer, search text, sortcolumn text, sortorder text); Type: ACL; Schema: storage; Owner: supabase_storage_admin
--

GRANT ALL ON FUNCTION storage.search(prefix text, bucketname text, limits integer, levels integer, offsets integer, search text, sortcolumn text, sortorder text) TO postgres;


--
-- Name: FUNCTION search_legacy_v1(prefix text, bucketname text, limits integer, levels integer, offsets integer, search text, sortcolumn text, sortorder text); Type: ACL; Schema: storage; Owner: supabase_storage_admin
--

GRANT ALL ON FUNCTION storage.search_legacy_v1(prefix text, bucketname text, limits integer, levels integer, offsets integer, search text, sortcolumn text, sortorder text) TO postgres;


--
-- Name: FUNCTION search_v1_optimised(prefix text, bucketname text, limits integer, levels integer, offsets integer, search text, sortcolumn text, sortorder text); Type: ACL; Schema: storage; Owner: supabase_storage_admin
--

GRANT ALL ON FUNCTION storage.search_v1_optimised(prefix text, bucketname text, limits integer, levels integer, offsets integer, search text, sortcolumn text, sortorder text) TO postgres;


--
-- Name: FUNCTION search_v2(prefix text, bucket_name text, limits integer, levels integer, start_after text); Type: ACL; Schema: storage; Owner: supabase_storage_admin
--

GRANT ALL ON FUNCTION storage.search_v2(prefix text, bucket_name text, limits integer, levels integer, start_after text) TO postgres;


--
-- Name: FUNCTION update_updated_at_column(); Type: ACL; Schema: storage; Owner: supabase_storage_admin
--

GRANT ALL ON FUNCTION storage.update_updated_at_column() TO postgres;


--
-- Name: FUNCTION _crypto_aead_det_decrypt(message bytea, additional bytea, key_id bigint, context bytea, nonce bytea); Type: ACL; Schema: vault; Owner: supabase_admin
--

GRANT ALL ON FUNCTION vault._crypto_aead_det_decrypt(message bytea, additional bytea, key_id bigint, context bytea, nonce bytea) TO postgres WITH GRANT OPTION;
GRANT ALL ON FUNCTION vault._crypto_aead_det_decrypt(message bytea, additional bytea, key_id bigint, context bytea, nonce bytea) TO service_role;


--
-- Name: FUNCTION create_secret(new_secret text, new_name text, new_description text, new_key_id uuid); Type: ACL; Schema: vault; Owner: supabase_admin
--

GRANT ALL ON FUNCTION vault.create_secret(new_secret text, new_name text, new_description text, new_key_id uuid) TO postgres WITH GRANT OPTION;
GRANT ALL ON FUNCTION vault.create_secret(new_secret text, new_name text, new_description text, new_key_id uuid) TO service_role;


--
-- Name: FUNCTION update_secret(secret_id uuid, new_secret text, new_name text, new_description text, new_key_id uuid); Type: ACL; Schema: vault; Owner: supabase_admin
--

GRANT ALL ON FUNCTION vault.update_secret(secret_id uuid, new_secret text, new_name text, new_description text, new_key_id uuid) TO postgres WITH GRANT OPTION;
GRANT ALL ON FUNCTION vault.update_secret(secret_id uuid, new_secret text, new_name text, new_description text, new_key_id uuid) TO service_role;


--
-- Name: TABLE audit_log_entries; Type: ACL; Schema: auth; Owner: supabase_auth_admin
--

GRANT ALL ON TABLE auth.audit_log_entries TO dashboard_user;
GRANT INSERT,REFERENCES,DELETE,TRIGGER,TRUNCATE,UPDATE ON TABLE auth.audit_log_entries TO postgres;
GRANT SELECT ON TABLE auth.audit_log_entries TO postgres WITH GRANT OPTION;


--
-- Name: TABLE flow_state; Type: ACL; Schema: auth; Owner: supabase_auth_admin
--

GRANT INSERT,REFERENCES,DELETE,TRIGGER,TRUNCATE,UPDATE ON TABLE auth.flow_state TO postgres;
GRANT SELECT ON TABLE auth.flow_state TO postgres WITH GRANT OPTION;
GRANT ALL ON TABLE auth.flow_state TO dashboard_user;


--
-- Name: TABLE identities; Type: ACL; Schema: auth; Owner: supabase_auth_admin
--

GRANT INSERT,REFERENCES,DELETE,TRIGGER,TRUNCATE,UPDATE ON TABLE auth.identities TO postgres;
GRANT SELECT ON TABLE auth.identities TO postgres WITH GRANT OPTION;
GRANT ALL ON TABLE auth.identities TO dashboard_user;


--
-- Name: TABLE instances; Type: ACL; Schema: auth; Owner: supabase_auth_admin
--

GRANT ALL ON TABLE auth.instances TO dashboard_user;
GRANT INSERT,REFERENCES,DELETE,TRIGGER,TRUNCATE,UPDATE ON TABLE auth.instances TO postgres;
GRANT SELECT ON TABLE auth.instances TO postgres WITH GRANT OPTION;


--
-- Name: TABLE mfa_amr_claims; Type: ACL; Schema: auth; Owner: supabase_auth_admin
--

GRANT INSERT,REFERENCES,DELETE,TRIGGER,TRUNCATE,UPDATE ON TABLE auth.mfa_amr_claims TO postgres;
GRANT SELECT ON TABLE auth.mfa_amr_claims TO postgres WITH GRANT OPTION;
GRANT ALL ON TABLE auth.mfa_amr_claims TO dashboard_user;


--
-- Name: TABLE mfa_challenges; Type: ACL; Schema: auth; Owner: supabase_auth_admin
--

GRANT INSERT,REFERENCES,DELETE,TRIGGER,TRUNCATE,UPDATE ON TABLE auth.mfa_challenges TO postgres;
GRANT SELECT ON TABLE auth.mfa_challenges TO postgres WITH GRANT OPTION;
GRANT ALL ON TABLE auth.mfa_challenges TO dashboard_user;


--
-- Name: TABLE mfa_factors; Type: ACL; Schema: auth; Owner: supabase_auth_admin
--

GRANT INSERT,REFERENCES,DELETE,TRIGGER,TRUNCATE,UPDATE ON TABLE auth.mfa_factors TO postgres;
GRANT SELECT ON TABLE auth.mfa_factors TO postgres WITH GRANT OPTION;
GRANT ALL ON TABLE auth.mfa_factors TO dashboard_user;


--
-- Name: TABLE oauth_clients; Type: ACL; Schema: auth; Owner: supabase_auth_admin
--

GRANT ALL ON TABLE auth.oauth_clients TO postgres;
GRANT ALL ON TABLE auth.oauth_clients TO dashboard_user;


--
-- Name: TABLE one_time_tokens; Type: ACL; Schema: auth; Owner: supabase_auth_admin
--

GRANT INSERT,REFERENCES,DELETE,TRIGGER,TRUNCATE,UPDATE ON TABLE auth.one_time_tokens TO postgres;
GRANT SELECT ON TABLE auth.one_time_tokens TO postgres WITH GRANT OPTION;
GRANT ALL ON TABLE auth.one_time_tokens TO dashboard_user;


--
-- Name: TABLE refresh_tokens; Type: ACL; Schema: auth; Owner: supabase_auth_admin
--

GRANT ALL ON TABLE auth.refresh_tokens TO dashboard_user;
GRANT INSERT,REFERENCES,DELETE,TRIGGER,TRUNCATE,UPDATE ON TABLE auth.refresh_tokens TO postgres;
GRANT SELECT ON TABLE auth.refresh_tokens TO postgres WITH GRANT OPTION;


--
-- Name: SEQUENCE refresh_tokens_id_seq; Type: ACL; Schema: auth; Owner: supabase_auth_admin
--

GRANT ALL ON SEQUENCE auth.refresh_tokens_id_seq TO dashboard_user;
GRANT ALL ON SEQUENCE auth.refresh_tokens_id_seq TO postgres;


--
-- Name: TABLE saml_providers; Type: ACL; Schema: auth; Owner: supabase_auth_admin
--

GRANT INSERT,REFERENCES,DELETE,TRIGGER,TRUNCATE,UPDATE ON TABLE auth.saml_providers TO postgres;
GRANT SELECT ON TABLE auth.saml_providers TO postgres WITH GRANT OPTION;
GRANT ALL ON TABLE auth.saml_providers TO dashboard_user;


--
-- Name: TABLE saml_relay_states; Type: ACL; Schema: auth; Owner: supabase_auth_admin
--

GRANT INSERT,REFERENCES,DELETE,TRIGGER,TRUNCATE,UPDATE ON TABLE auth.saml_relay_states TO postgres;
GRANT SELECT ON TABLE auth.saml_relay_states TO postgres WITH GRANT OPTION;
GRANT ALL ON TABLE auth.saml_relay_states TO dashboard_user;


--
-- Name: TABLE sessions; Type: ACL; Schema: auth; Owner: supabase_auth_admin
--

GRANT INSERT,REFERENCES,DELETE,TRIGGER,TRUNCATE,UPDATE ON TABLE auth.sessions TO postgres;
GRANT SELECT ON TABLE auth.sessions TO postgres WITH GRANT OPTION;
GRANT ALL ON TABLE auth.sessions TO dashboard_user;


--
-- Name: TABLE sso_domains; Type: ACL; Schema: auth; Owner: supabase_auth_admin
--

GRANT INSERT,REFERENCES,DELETE,TRIGGER,TRUNCATE,UPDATE ON TABLE auth.sso_domains TO postgres;
GRANT SELECT ON TABLE auth.sso_domains TO postgres WITH GRANT OPTION;
GRANT ALL ON TABLE auth.sso_domains TO dashboard_user;


--
-- Name: TABLE sso_providers; Type: ACL; Schema: auth; Owner: supabase_auth_admin
--

GRANT INSERT,REFERENCES,DELETE,TRIGGER,TRUNCATE,UPDATE ON TABLE auth.sso_providers TO postgres;
GRANT SELECT ON TABLE auth.sso_providers TO postgres WITH GRANT OPTION;
GRANT ALL ON TABLE auth.sso_providers TO dashboard_user;


--
-- Name: TABLE users; Type: ACL; Schema: auth; Owner: supabase_auth_admin
--

GRANT ALL ON TABLE auth.users TO dashboard_user;
GRANT INSERT,REFERENCES,DELETE,TRIGGER,TRUNCATE,UPDATE ON TABLE auth.users TO postgres;
GRANT SELECT ON TABLE auth.users TO postgres WITH GRANT OPTION;


--
-- Name: TABLE pg_stat_statements; Type: ACL; Schema: extensions; Owner: supabase_admin
--

GRANT ALL ON TABLE extensions.pg_stat_statements TO postgres WITH GRANT OPTION;
GRANT ALL ON TABLE extensions.pg_stat_statements TO dashboard_user;


--
-- Name: TABLE pg_stat_statements_info; Type: ACL; Schema: extensions; Owner: supabase_admin
--

GRANT ALL ON TABLE extensions.pg_stat_statements_info TO postgres WITH GRANT OPTION;
GRANT ALL ON TABLE extensions.pg_stat_statements_info TO dashboard_user;


--
-- Name: TABLE decrypted_key; Type: ACL; Schema: pgsodium; Owner: supabase_admin
--

GRANT ALL ON TABLE pgsodium.decrypted_key TO pgsodium_keyholder;


--
-- Name: TABLE masking_rule; Type: ACL; Schema: pgsodium; Owner: supabase_admin
--

GRANT ALL ON TABLE pgsodium.masking_rule TO pgsodium_keyholder;


--
-- Name: TABLE mask_columns; Type: ACL; Schema: pgsodium; Owner: supabase_admin
--

GRANT ALL ON TABLE pgsodium.mask_columns TO pgsodium_keyholder;


--
-- Name: TABLE artist_to_artist_to_bibliography; Type: ACL; Schema: public; Owner: postgres
--

GRANT ALL ON TABLE public.artist_to_artist_to_bibliography TO anon;
GRANT ALL ON TABLE public.artist_to_artist_to_bibliography TO authenticated;
GRANT ALL ON TABLE public.artist_to_artist_to_bibliography TO service_role;


--
-- Name: TABLE artist_to_artist_to_video_interview; Type: ACL; Schema: public; Owner: postgres
--

GRANT ALL ON TABLE public.artist_to_artist_to_video_interview TO anon;
GRANT ALL ON TABLE public.artist_to_artist_to_video_interview TO authenticated;
GRANT ALL ON TABLE public.artist_to_artist_to_video_interview TO service_role;


--
-- Name: TABLE artist_to_cinematic_work; Type: ACL; Schema: public; Owner: postgres
--

GRANT ALL ON TABLE public.artist_to_cinematic_work TO anon;
GRANT ALL ON TABLE public.artist_to_cinematic_work TO authenticated;
GRANT ALL ON TABLE public.artist_to_cinematic_work TO service_role;


--
-- Name: TABLE artist_to_custom_folder; Type: ACL; Schema: public; Owner: postgres
--

GRANT ALL ON TABLE public.artist_to_custom_folder TO anon;
GRANT ALL ON TABLE public.artist_to_custom_folder TO authenticated;
GRANT ALL ON TABLE public.artist_to_custom_folder TO service_role;


--
-- Name: TABLE artist_to_exhibition; Type: ACL; Schema: public; Owner: postgres
--

GRANT ALL ON TABLE public.artist_to_exhibition TO anon;
GRANT ALL ON TABLE public.artist_to_exhibition TO authenticated;
GRANT ALL ON TABLE public.artist_to_exhibition TO service_role;


--
-- Name: TABLE artist_to_interview; Type: ACL; Schema: public; Owner: postgres
--

GRANT ALL ON TABLE public.artist_to_interview TO anon;
GRANT ALL ON TABLE public.artist_to_interview TO authenticated;
GRANT ALL ON TABLE public.artist_to_interview TO service_role;


--
-- Name: TABLE artist_to_magazine; Type: ACL; Schema: public; Owner: postgres
--

GRANT ALL ON TABLE public.artist_to_magazine TO anon;
GRANT ALL ON TABLE public.artist_to_magazine TO authenticated;
GRANT ALL ON TABLE public.artist_to_magazine TO service_role;


--
-- Name: TABLE artist_to_map_pin; Type: ACL; Schema: public; Owner: postgres
--

GRANT ALL ON TABLE public.artist_to_map_pin TO anon;
GRANT ALL ON TABLE public.artist_to_map_pin TO authenticated;
GRANT ALL ON TABLE public.artist_to_map_pin TO service_role;


--
-- Name: TABLE artist_to_profession; Type: ACL; Schema: public; Owner: postgres
--

GRANT ALL ON TABLE public.artist_to_profession TO anon;
GRANT ALL ON TABLE public.artist_to_profession TO authenticated;
GRANT ALL ON TABLE public.artist_to_profession TO service_role;


--
-- Name: TABLE artist_to_scene_photo; Type: ACL; Schema: public; Owner: postgres
--

GRANT ALL ON TABLE public.artist_to_scene_photo TO anon;
GRANT ALL ON TABLE public.artist_to_scene_photo TO authenticated;
GRANT ALL ON TABLE public.artist_to_scene_photo TO service_role;


--
-- Name: TABLE artist_to_set_photo; Type: ACL; Schema: public; Owner: postgres
--

GRANT ALL ON TABLE public.artist_to_set_photo TO anon;
GRANT ALL ON TABLE public.artist_to_set_photo TO authenticated;
GRANT ALL ON TABLE public.artist_to_set_photo TO service_role;


--
-- Name: TABLE artist_to_sketch; Type: ACL; Schema: public; Owner: postgres
--

GRANT ALL ON TABLE public.artist_to_sketch TO anon;
GRANT ALL ON TABLE public.artist_to_sketch TO authenticated;
GRANT ALL ON TABLE public.artist_to_sketch TO service_role;


--
-- Name: TABLE artist_to_tag; Type: ACL; Schema: public; Owner: postgres
--

GRANT ALL ON TABLE public.artist_to_tag TO anon;
GRANT ALL ON TABLE public.artist_to_tag TO authenticated;
GRANT ALL ON TABLE public.artist_to_tag TO service_role;


--
-- Name: TABLE artist_to_theatre_work; Type: ACL; Schema: public; Owner: postgres
--

GRANT ALL ON TABLE public.artist_to_theatre_work TO anon;
GRANT ALL ON TABLE public.artist_to_theatre_work TO authenticated;
GRANT ALL ON TABLE public.artist_to_theatre_work TO service_role;


--
-- Name: TABLE bibliography; Type: ACL; Schema: public; Owner: postgres
--

GRANT ALL ON TABLE public.bibliography TO anon;
GRANT ALL ON TABLE public.bibliography TO authenticated;
GRANT ALL ON TABLE public.bibliography TO service_role;


--
-- Name: TABLE cinematic_works; Type: ACL; Schema: public; Owner: postgres
--

GRANT ALL ON TABLE public.cinematic_works TO anon;
GRANT ALL ON TABLE public.cinematic_works TO authenticated;
GRANT ALL ON TABLE public.cinematic_works TO service_role;


--
-- Name: TABLE credits; Type: ACL; Schema: public; Owner: postgres
--

GRANT ALL ON TABLE public.credits TO anon;
GRANT ALL ON TABLE public.credits TO authenticated;
GRANT ALL ON TABLE public.credits TO service_role;


--
-- Name: TABLE custom_folders; Type: ACL; Schema: public; Owner: postgres
--

GRANT ALL ON TABLE public.custom_folders TO anon;
GRANT ALL ON TABLE public.custom_folders TO authenticated;
GRANT ALL ON TABLE public.custom_folders TO service_role;


--
-- Name: TABLE exhibitions; Type: ACL; Schema: public; Owner: postgres
--

GRANT ALL ON TABLE public.exhibitions TO anon;
GRANT ALL ON TABLE public.exhibitions TO authenticated;
GRANT ALL ON TABLE public.exhibitions TO service_role;


--
-- Name: TABLE interviews; Type: ACL; Schema: public; Owner: postgres
--

GRANT ALL ON TABLE public.interviews TO anon;
GRANT ALL ON TABLE public.interviews TO authenticated;
GRANT ALL ON TABLE public.interviews TO service_role;


--
-- Name: TABLE magazines; Type: ACL; Schema: public; Owner: postgres
--

GRANT ALL ON TABLE public.magazines TO anon;
GRANT ALL ON TABLE public.magazines TO authenticated;
GRANT ALL ON TABLE public.magazines TO service_role;


--
-- Name: TABLE map_pin; Type: ACL; Schema: public; Owner: postgres
--

GRANT ALL ON TABLE public.map_pin TO anon;
GRANT ALL ON TABLE public.map_pin TO authenticated;
GRANT ALL ON TABLE public.map_pin TO service_role;


--
-- Name: TABLE page_to_tag; Type: ACL; Schema: public; Owner: postgres
--

GRANT ALL ON TABLE public.page_to_tag TO anon;
GRANT ALL ON TABLE public.page_to_tag TO authenticated;
GRANT ALL ON TABLE public.page_to_tag TO service_role;


--
-- Name: TABLE pages; Type: ACL; Schema: public; Owner: postgres
--

GRANT ALL ON TABLE public.pages TO anon;
GRANT ALL ON TABLE public.pages TO authenticated;
GRANT ALL ON TABLE public.pages TO service_role;


--
-- Name: TABLE professions; Type: ACL; Schema: public; Owner: postgres
--

GRANT ALL ON TABLE public.professions TO anon;
GRANT ALL ON TABLE public.professions TO authenticated;
GRANT ALL ON TABLE public.professions TO service_role;


--
-- Name: TABLE scene_photos; Type: ACL; Schema: public; Owner: postgres
--

GRANT ALL ON TABLE public.scene_photos TO anon;
GRANT ALL ON TABLE public.scene_photos TO authenticated;
GRANT ALL ON TABLE public.scene_photos TO service_role;


--
-- Name: TABLE set_photos; Type: ACL; Schema: public; Owner: postgres
--

GRANT ALL ON TABLE public.set_photos TO anon;
GRANT ALL ON TABLE public.set_photos TO authenticated;
GRANT ALL ON TABLE public.set_photos TO service_role;


--
-- Name: TABLE settings; Type: ACL; Schema: public; Owner: postgres
--

GRANT ALL ON TABLE public.settings TO anon;
GRANT ALL ON TABLE public.settings TO authenticated;
GRANT ALL ON TABLE public.settings TO service_role;


--
-- Name: TABLE sketches; Type: ACL; Schema: public; Owner: postgres
--

GRANT ALL ON TABLE public.sketches TO anon;
GRANT ALL ON TABLE public.sketches TO authenticated;
GRANT ALL ON TABLE public.sketches TO service_role;


--
-- Name: TABLE tags; Type: ACL; Schema: public; Owner: postgres
--

GRANT ALL ON TABLE public.tags TO anon;
GRANT ALL ON TABLE public.tags TO authenticated;
GRANT ALL ON TABLE public.tags TO service_role;


--
-- Name: TABLE theatre_performances; Type: ACL; Schema: public; Owner: postgres
--

GRANT ALL ON TABLE public.theatre_performances TO anon;
GRANT ALL ON TABLE public.theatre_performances TO authenticated;
GRANT ALL ON TABLE public.theatre_performances TO service_role;


--
-- Name: TABLE videointerviews; Type: ACL; Schema: public; Owner: postgres
--

GRANT ALL ON TABLE public.videointerviews TO anon;
GRANT ALL ON TABLE public.videointerviews TO authenticated;
GRANT ALL ON TABLE public.videointerviews TO service_role;


--
-- Name: TABLE messages; Type: ACL; Schema: realtime; Owner: supabase_realtime_admin
--

GRANT ALL ON TABLE realtime.messages TO postgres;
GRANT ALL ON TABLE realtime.messages TO dashboard_user;
GRANT SELECT,INSERT,UPDATE ON TABLE realtime.messages TO anon;
GRANT SELECT,INSERT,UPDATE ON TABLE realtime.messages TO authenticated;
GRANT SELECT,INSERT,UPDATE ON TABLE realtime.messages TO service_role;


--
-- Name: TABLE schema_migrations; Type: ACL; Schema: realtime; Owner: supabase_admin
--

GRANT ALL ON TABLE realtime.schema_migrations TO postgres;
GRANT ALL ON TABLE realtime.schema_migrations TO dashboard_user;
GRANT SELECT ON TABLE realtime.schema_migrations TO anon;
GRANT SELECT ON TABLE realtime.schema_migrations TO authenticated;
GRANT SELECT ON TABLE realtime.schema_migrations TO service_role;
GRANT ALL ON TABLE realtime.schema_migrations TO supabase_realtime_admin;


--
-- Name: TABLE subscription; Type: ACL; Schema: realtime; Owner: supabase_admin
--

GRANT ALL ON TABLE realtime.subscription TO postgres;
GRANT ALL ON TABLE realtime.subscription TO dashboard_user;
GRANT SELECT ON TABLE realtime.subscription TO anon;
GRANT SELECT ON TABLE realtime.subscription TO authenticated;
GRANT SELECT ON TABLE realtime.subscription TO service_role;
GRANT ALL ON TABLE realtime.subscription TO supabase_realtime_admin;


--
-- Name: SEQUENCE subscription_id_seq; Type: ACL; Schema: realtime; Owner: supabase_admin
--

GRANT ALL ON SEQUENCE realtime.subscription_id_seq TO postgres;
GRANT ALL ON SEQUENCE realtime.subscription_id_seq TO dashboard_user;
GRANT USAGE ON SEQUENCE realtime.subscription_id_seq TO anon;
GRANT USAGE ON SEQUENCE realtime.subscription_id_seq TO authenticated;
GRANT USAGE ON SEQUENCE realtime.subscription_id_seq TO service_role;
GRANT ALL ON SEQUENCE realtime.subscription_id_seq TO supabase_realtime_admin;


--
-- Name: TABLE buckets; Type: ACL; Schema: storage; Owner: supabase_storage_admin
--

GRANT ALL ON TABLE storage.buckets TO anon;
GRANT ALL ON TABLE storage.buckets TO authenticated;
GRANT ALL ON TABLE storage.buckets TO service_role;
GRANT ALL ON TABLE storage.buckets TO postgres WITH GRANT OPTION;


--
-- Name: TABLE objects; Type: ACL; Schema: storage; Owner: supabase_storage_admin
--

GRANT ALL ON TABLE storage.objects TO anon;
GRANT ALL ON TABLE storage.objects TO authenticated;
GRANT ALL ON TABLE storage.objects TO service_role;
GRANT ALL ON TABLE storage.objects TO postgres WITH GRANT OPTION;


--
-- Name: TABLE prefixes; Type: ACL; Schema: storage; Owner: supabase_storage_admin
--

GRANT ALL ON TABLE storage.prefixes TO service_role;
GRANT ALL ON TABLE storage.prefixes TO authenticated;
GRANT ALL ON TABLE storage.prefixes TO anon;
GRANT ALL ON TABLE storage.prefixes TO postgres;


--
-- Name: TABLE s3_multipart_uploads; Type: ACL; Schema: storage; Owner: supabase_storage_admin
--

GRANT ALL ON TABLE storage.s3_multipart_uploads TO service_role;
GRANT SELECT ON TABLE storage.s3_multipart_uploads TO authenticated;
GRANT SELECT ON TABLE storage.s3_multipart_uploads TO anon;
GRANT ALL ON TABLE storage.s3_multipart_uploads TO postgres;


--
-- Name: TABLE s3_multipart_uploads_parts; Type: ACL; Schema: storage; Owner: supabase_storage_admin
--

GRANT ALL ON TABLE storage.s3_multipart_uploads_parts TO service_role;
GRANT SELECT ON TABLE storage.s3_multipart_uploads_parts TO authenticated;
GRANT SELECT ON TABLE storage.s3_multipart_uploads_parts TO anon;
GRANT ALL ON TABLE storage.s3_multipart_uploads_parts TO postgres;


--
-- Name: TABLE secrets; Type: ACL; Schema: vault; Owner: supabase_admin
--

GRANT SELECT,REFERENCES,DELETE,TRUNCATE ON TABLE vault.secrets TO postgres WITH GRANT OPTION;
GRANT SELECT,DELETE ON TABLE vault.secrets TO service_role;


--
-- Name: TABLE decrypted_secrets; Type: ACL; Schema: vault; Owner: supabase_admin
--

GRANT SELECT,REFERENCES,DELETE,TRUNCATE ON TABLE vault.decrypted_secrets TO postgres WITH GRANT OPTION;
GRANT SELECT,DELETE ON TABLE vault.decrypted_secrets TO service_role;


--
-- Name: DEFAULT PRIVILEGES FOR SEQUENCES; Type: DEFAULT ACL; Schema: auth; Owner: supabase_auth_admin
--

ALTER DEFAULT PRIVILEGES FOR ROLE supabase_auth_admin IN SCHEMA auth GRANT ALL ON SEQUENCES  TO postgres;
ALTER DEFAULT PRIVILEGES FOR ROLE supabase_auth_admin IN SCHEMA auth GRANT ALL ON SEQUENCES  TO dashboard_user;


--
-- Name: DEFAULT PRIVILEGES FOR FUNCTIONS; Type: DEFAULT ACL; Schema: auth; Owner: supabase_auth_admin
--

ALTER DEFAULT PRIVILEGES FOR ROLE supabase_auth_admin IN SCHEMA auth GRANT ALL ON FUNCTIONS  TO postgres;
ALTER DEFAULT PRIVILEGES FOR ROLE supabase_auth_admin IN SCHEMA auth GRANT ALL ON FUNCTIONS  TO dashboard_user;


--
-- Name: DEFAULT PRIVILEGES FOR TABLES; Type: DEFAULT ACL; Schema: auth; Owner: supabase_auth_admin
--

ALTER DEFAULT PRIVILEGES FOR ROLE supabase_auth_admin IN SCHEMA auth GRANT ALL ON TABLES  TO postgres;
ALTER DEFAULT PRIVILEGES FOR ROLE supabase_auth_admin IN SCHEMA auth GRANT ALL ON TABLES  TO dashboard_user;


--
-- Name: DEFAULT PRIVILEGES FOR SEQUENCES; Type: DEFAULT ACL; Schema: extensions; Owner: supabase_admin
--

ALTER DEFAULT PRIVILEGES FOR ROLE supabase_admin IN SCHEMA extensions GRANT ALL ON SEQUENCES  TO postgres WITH GRANT OPTION;


--
-- Name: DEFAULT PRIVILEGES FOR FUNCTIONS; Type: DEFAULT ACL; Schema: extensions; Owner: supabase_admin
--

ALTER DEFAULT PRIVILEGES FOR ROLE supabase_admin IN SCHEMA extensions GRANT ALL ON FUNCTIONS  TO postgres WITH GRANT OPTION;


--
-- Name: DEFAULT PRIVILEGES FOR TABLES; Type: DEFAULT ACL; Schema: extensions; Owner: supabase_admin
--

ALTER DEFAULT PRIVILEGES FOR ROLE supabase_admin IN SCHEMA extensions GRANT ALL ON TABLES  TO postgres WITH GRANT OPTION;


--
-- Name: DEFAULT PRIVILEGES FOR SEQUENCES; Type: DEFAULT ACL; Schema: graphql; Owner: supabase_admin
--

ALTER DEFAULT PRIVILEGES FOR ROLE supabase_admin IN SCHEMA graphql GRANT ALL ON SEQUENCES  TO postgres;
ALTER DEFAULT PRIVILEGES FOR ROLE supabase_admin IN SCHEMA graphql GRANT ALL ON SEQUENCES  TO anon;
ALTER DEFAULT PRIVILEGES FOR ROLE supabase_admin IN SCHEMA graphql GRANT ALL ON SEQUENCES  TO authenticated;
ALTER DEFAULT PRIVILEGES FOR ROLE supabase_admin IN SCHEMA graphql GRANT ALL ON SEQUENCES  TO service_role;


--
-- Name: DEFAULT PRIVILEGES FOR FUNCTIONS; Type: DEFAULT ACL; Schema: graphql; Owner: supabase_admin
--

ALTER DEFAULT PRIVILEGES FOR ROLE supabase_admin IN SCHEMA graphql GRANT ALL ON FUNCTIONS  TO postgres;
ALTER DEFAULT PRIVILEGES FOR ROLE supabase_admin IN SCHEMA graphql GRANT ALL ON FUNCTIONS  TO anon;
ALTER DEFAULT PRIVILEGES FOR ROLE supabase_admin IN SCHEMA graphql GRANT ALL ON FUNCTIONS  TO authenticated;
ALTER DEFAULT PRIVILEGES FOR ROLE supabase_admin IN SCHEMA graphql GRANT ALL ON FUNCTIONS  TO service_role;


--
-- Name: DEFAULT PRIVILEGES FOR TABLES; Type: DEFAULT ACL; Schema: graphql; Owner: supabase_admin
--

ALTER DEFAULT PRIVILEGES FOR ROLE supabase_admin IN SCHEMA graphql GRANT ALL ON TABLES  TO postgres;
ALTER DEFAULT PRIVILEGES FOR ROLE supabase_admin IN SCHEMA graphql GRANT ALL ON TABLES  TO anon;
ALTER DEFAULT PRIVILEGES FOR ROLE supabase_admin IN SCHEMA graphql GRANT ALL ON TABLES  TO authenticated;
ALTER DEFAULT PRIVILEGES FOR ROLE supabase_admin IN SCHEMA graphql GRANT ALL ON TABLES  TO service_role;


--
-- Name: DEFAULT PRIVILEGES FOR SEQUENCES; Type: DEFAULT ACL; Schema: graphql_public; Owner: supabase_admin
--

ALTER DEFAULT PRIVILEGES FOR ROLE supabase_admin IN SCHEMA graphql_public GRANT ALL ON SEQUENCES  TO postgres;
ALTER DEFAULT PRIVILEGES FOR ROLE supabase_admin IN SCHEMA graphql_public GRANT ALL ON SEQUENCES  TO anon;
ALTER DEFAULT PRIVILEGES FOR ROLE supabase_admin IN SCHEMA graphql_public GRANT ALL ON SEQUENCES  TO authenticated;
ALTER DEFAULT PRIVILEGES FOR ROLE supabase_admin IN SCHEMA graphql_public GRANT ALL ON SEQUENCES  TO service_role;


--
-- Name: DEFAULT PRIVILEGES FOR FUNCTIONS; Type: DEFAULT ACL; Schema: graphql_public; Owner: supabase_admin
--

ALTER DEFAULT PRIVILEGES FOR ROLE supabase_admin IN SCHEMA graphql_public GRANT ALL ON FUNCTIONS  TO postgres;
ALTER DEFAULT PRIVILEGES FOR ROLE supabase_admin IN SCHEMA graphql_public GRANT ALL ON FUNCTIONS  TO anon;
ALTER DEFAULT PRIVILEGES FOR ROLE supabase_admin IN SCHEMA graphql_public GRANT ALL ON FUNCTIONS  TO authenticated;
ALTER DEFAULT PRIVILEGES FOR ROLE supabase_admin IN SCHEMA graphql_public GRANT ALL ON FUNCTIONS  TO service_role;


--
-- Name: DEFAULT PRIVILEGES FOR TABLES; Type: DEFAULT ACL; Schema: graphql_public; Owner: supabase_admin
--

ALTER DEFAULT PRIVILEGES FOR ROLE supabase_admin IN SCHEMA graphql_public GRANT ALL ON TABLES  TO postgres;
ALTER DEFAULT PRIVILEGES FOR ROLE supabase_admin IN SCHEMA graphql_public GRANT ALL ON TABLES  TO anon;
ALTER DEFAULT PRIVILEGES FOR ROLE supabase_admin IN SCHEMA graphql_public GRANT ALL ON TABLES  TO authenticated;
ALTER DEFAULT PRIVILEGES FOR ROLE supabase_admin IN SCHEMA graphql_public GRANT ALL ON TABLES  TO service_role;


--
-- Name: DEFAULT PRIVILEGES FOR SEQUENCES; Type: DEFAULT ACL; Schema: pgsodium; Owner: supabase_admin
--

ALTER DEFAULT PRIVILEGES FOR ROLE supabase_admin IN SCHEMA pgsodium GRANT ALL ON SEQUENCES  TO pgsodium_keyholder;


--
-- Name: DEFAULT PRIVILEGES FOR TABLES; Type: DEFAULT ACL; Schema: pgsodium; Owner: supabase_admin
--

ALTER DEFAULT PRIVILEGES FOR ROLE supabase_admin IN SCHEMA pgsodium GRANT ALL ON TABLES  TO pgsodium_keyholder;


--
-- Name: DEFAULT PRIVILEGES FOR SEQUENCES; Type: DEFAULT ACL; Schema: pgsodium_masks; Owner: supabase_admin
--

ALTER DEFAULT PRIVILEGES FOR ROLE supabase_admin IN SCHEMA pgsodium_masks GRANT ALL ON SEQUENCES  TO pgsodium_keyiduser;


--
-- Name: DEFAULT PRIVILEGES FOR FUNCTIONS; Type: DEFAULT ACL; Schema: pgsodium_masks; Owner: supabase_admin
--

ALTER DEFAULT PRIVILEGES FOR ROLE supabase_admin IN SCHEMA pgsodium_masks GRANT ALL ON FUNCTIONS  TO pgsodium_keyiduser;


--
-- Name: DEFAULT PRIVILEGES FOR TABLES; Type: DEFAULT ACL; Schema: pgsodium_masks; Owner: supabase_admin
--

ALTER DEFAULT PRIVILEGES FOR ROLE supabase_admin IN SCHEMA pgsodium_masks GRANT ALL ON TABLES  TO pgsodium_keyiduser;


--
-- Name: DEFAULT PRIVILEGES FOR SEQUENCES; Type: DEFAULT ACL; Schema: public; Owner: postgres
--

ALTER DEFAULT PRIVILEGES FOR ROLE postgres IN SCHEMA public GRANT ALL ON SEQUENCES  TO postgres;
ALTER DEFAULT PRIVILEGES FOR ROLE postgres IN SCHEMA public GRANT ALL ON SEQUENCES  TO anon;
ALTER DEFAULT PRIVILEGES FOR ROLE postgres IN SCHEMA public GRANT ALL ON SEQUENCES  TO authenticated;
ALTER DEFAULT PRIVILEGES FOR ROLE postgres IN SCHEMA public GRANT ALL ON SEQUENCES  TO service_role;


--
-- Name: DEFAULT PRIVILEGES FOR SEQUENCES; Type: DEFAULT ACL; Schema: public; Owner: supabase_admin
--

ALTER DEFAULT PRIVILEGES FOR ROLE supabase_admin IN SCHEMA public GRANT ALL ON SEQUENCES  TO postgres;
ALTER DEFAULT PRIVILEGES FOR ROLE supabase_admin IN SCHEMA public GRANT ALL ON SEQUENCES  TO anon;
ALTER DEFAULT PRIVILEGES FOR ROLE supabase_admin IN SCHEMA public GRANT ALL ON SEQUENCES  TO authenticated;
ALTER DEFAULT PRIVILEGES FOR ROLE supabase_admin IN SCHEMA public GRANT ALL ON SEQUENCES  TO service_role;


--
-- Name: DEFAULT PRIVILEGES FOR FUNCTIONS; Type: DEFAULT ACL; Schema: public; Owner: postgres
--

ALTER DEFAULT PRIVILEGES FOR ROLE postgres IN SCHEMA public GRANT ALL ON FUNCTIONS  TO postgres;
ALTER DEFAULT PRIVILEGES FOR ROLE postgres IN SCHEMA public GRANT ALL ON FUNCTIONS  TO anon;
ALTER DEFAULT PRIVILEGES FOR ROLE postgres IN SCHEMA public GRANT ALL ON FUNCTIONS  TO authenticated;
ALTER DEFAULT PRIVILEGES FOR ROLE postgres IN SCHEMA public GRANT ALL ON FUNCTIONS  TO service_role;


--
-- Name: DEFAULT PRIVILEGES FOR FUNCTIONS; Type: DEFAULT ACL; Schema: public; Owner: supabase_admin
--

ALTER DEFAULT PRIVILEGES FOR ROLE supabase_admin IN SCHEMA public GRANT ALL ON FUNCTIONS  TO postgres;
ALTER DEFAULT PRIVILEGES FOR ROLE supabase_admin IN SCHEMA public GRANT ALL ON FUNCTIONS  TO anon;
ALTER DEFAULT PRIVILEGES FOR ROLE supabase_admin IN SCHEMA public GRANT ALL ON FUNCTIONS  TO authenticated;
ALTER DEFAULT PRIVILEGES FOR ROLE supabase_admin IN SCHEMA public GRANT ALL ON FUNCTIONS  TO service_role;


--
-- Name: DEFAULT PRIVILEGES FOR TABLES; Type: DEFAULT ACL; Schema: public; Owner: postgres
--

ALTER DEFAULT PRIVILEGES FOR ROLE postgres IN SCHEMA public GRANT ALL ON TABLES  TO postgres;
ALTER DEFAULT PRIVILEGES FOR ROLE postgres IN SCHEMA public GRANT ALL ON TABLES  TO anon;
ALTER DEFAULT PRIVILEGES FOR ROLE postgres IN SCHEMA public GRANT ALL ON TABLES  TO authenticated;
ALTER DEFAULT PRIVILEGES FOR ROLE postgres IN SCHEMA public GRANT ALL ON TABLES  TO service_role;


--
-- Name: DEFAULT PRIVILEGES FOR TABLES; Type: DEFAULT ACL; Schema: public; Owner: supabase_admin
--

ALTER DEFAULT PRIVILEGES FOR ROLE supabase_admin IN SCHEMA public GRANT ALL ON TABLES  TO postgres;
ALTER DEFAULT PRIVILEGES FOR ROLE supabase_admin IN SCHEMA public GRANT ALL ON TABLES  TO anon;
ALTER DEFAULT PRIVILEGES FOR ROLE supabase_admin IN SCHEMA public GRANT ALL ON TABLES  TO authenticated;
ALTER DEFAULT PRIVILEGES FOR ROLE supabase_admin IN SCHEMA public GRANT ALL ON TABLES  TO service_role;


--
-- Name: DEFAULT PRIVILEGES FOR SEQUENCES; Type: DEFAULT ACL; Schema: realtime; Owner: supabase_admin
--

ALTER DEFAULT PRIVILEGES FOR ROLE supabase_admin IN SCHEMA realtime GRANT ALL ON SEQUENCES  TO postgres;
ALTER DEFAULT PRIVILEGES FOR ROLE supabase_admin IN SCHEMA realtime GRANT ALL ON SEQUENCES  TO dashboard_user;


--
-- Name: DEFAULT PRIVILEGES FOR FUNCTIONS; Type: DEFAULT ACL; Schema: realtime; Owner: supabase_admin
--

ALTER DEFAULT PRIVILEGES FOR ROLE supabase_admin IN SCHEMA realtime GRANT ALL ON FUNCTIONS  TO postgres;
ALTER DEFAULT PRIVILEGES FOR ROLE supabase_admin IN SCHEMA realtime GRANT ALL ON FUNCTIONS  TO dashboard_user;


--
-- Name: DEFAULT PRIVILEGES FOR TABLES; Type: DEFAULT ACL; Schema: realtime; Owner: supabase_admin
--

ALTER DEFAULT PRIVILEGES FOR ROLE supabase_admin IN SCHEMA realtime GRANT ALL ON TABLES  TO postgres;
ALTER DEFAULT PRIVILEGES FOR ROLE supabase_admin IN SCHEMA realtime GRANT ALL ON TABLES  TO dashboard_user;


--
-- Name: DEFAULT PRIVILEGES FOR SEQUENCES; Type: DEFAULT ACL; Schema: storage; Owner: postgres
--

ALTER DEFAULT PRIVILEGES FOR ROLE postgres IN SCHEMA storage GRANT ALL ON SEQUENCES  TO postgres;
ALTER DEFAULT PRIVILEGES FOR ROLE postgres IN SCHEMA storage GRANT ALL ON SEQUENCES  TO anon;
ALTER DEFAULT PRIVILEGES FOR ROLE postgres IN SCHEMA storage GRANT ALL ON SEQUENCES  TO authenticated;
ALTER DEFAULT PRIVILEGES FOR ROLE postgres IN SCHEMA storage GRANT ALL ON SEQUENCES  TO service_role;


--
-- Name: DEFAULT PRIVILEGES FOR FUNCTIONS; Type: DEFAULT ACL; Schema: storage; Owner: postgres
--

ALTER DEFAULT PRIVILEGES FOR ROLE postgres IN SCHEMA storage GRANT ALL ON FUNCTIONS  TO postgres;
ALTER DEFAULT PRIVILEGES FOR ROLE postgres IN SCHEMA storage GRANT ALL ON FUNCTIONS  TO anon;
ALTER DEFAULT PRIVILEGES FOR ROLE postgres IN SCHEMA storage GRANT ALL ON FUNCTIONS  TO authenticated;
ALTER DEFAULT PRIVILEGES FOR ROLE postgres IN SCHEMA storage GRANT ALL ON FUNCTIONS  TO service_role;


--
-- Name: DEFAULT PRIVILEGES FOR TABLES; Type: DEFAULT ACL; Schema: storage; Owner: postgres
--

ALTER DEFAULT PRIVILEGES FOR ROLE postgres IN SCHEMA storage GRANT ALL ON TABLES  TO postgres;
ALTER DEFAULT PRIVILEGES FOR ROLE postgres IN SCHEMA storage GRANT ALL ON TABLES  TO anon;
ALTER DEFAULT PRIVILEGES FOR ROLE postgres IN SCHEMA storage GRANT ALL ON TABLES  TO authenticated;
ALTER DEFAULT PRIVILEGES FOR ROLE postgres IN SCHEMA storage GRANT ALL ON TABLES  TO service_role;


--
-- Name: issue_graphql_placeholder; Type: EVENT TRIGGER; Schema: -; Owner: supabase_admin
--

CREATE EVENT TRIGGER issue_graphql_placeholder ON sql_drop
         WHEN TAG IN ('DROP EXTENSION')
   EXECUTE FUNCTION extensions.set_graphql_placeholder();


ALTER EVENT TRIGGER issue_graphql_placeholder OWNER TO supabase_admin;

--
-- Name: issue_pg_cron_access; Type: EVENT TRIGGER; Schema: -; Owner: supabase_admin
--

CREATE EVENT TRIGGER issue_pg_cron_access ON ddl_command_end
         WHEN TAG IN ('CREATE EXTENSION')
   EXECUTE FUNCTION extensions.grant_pg_cron_access();


ALTER EVENT TRIGGER issue_pg_cron_access OWNER TO supabase_admin;

--
-- Name: issue_pg_graphql_access; Type: EVENT TRIGGER; Schema: -; Owner: supabase_admin
--

CREATE EVENT TRIGGER issue_pg_graphql_access ON ddl_command_end
         WHEN TAG IN ('CREATE FUNCTION')
   EXECUTE FUNCTION extensions.grant_pg_graphql_access();


ALTER EVENT TRIGGER issue_pg_graphql_access OWNER TO supabase_admin;

--
-- Name: issue_pg_net_access; Type: EVENT TRIGGER; Schema: -; Owner: supabase_admin
--

CREATE EVENT TRIGGER issue_pg_net_access ON ddl_command_end
         WHEN TAG IN ('CREATE EXTENSION')
   EXECUTE FUNCTION extensions.grant_pg_net_access();


ALTER EVENT TRIGGER issue_pg_net_access OWNER TO supabase_admin;

--
-- Name: pgrst_ddl_watch; Type: EVENT TRIGGER; Schema: -; Owner: supabase_admin
--

CREATE EVENT TRIGGER pgrst_ddl_watch ON ddl_command_end
   EXECUTE FUNCTION extensions.pgrst_ddl_watch();


ALTER EVENT TRIGGER pgrst_ddl_watch OWNER TO supabase_admin;

--
-- Name: pgrst_drop_watch; Type: EVENT TRIGGER; Schema: -; Owner: supabase_admin
--

CREATE EVENT TRIGGER pgrst_drop_watch ON sql_drop
   EXECUTE FUNCTION extensions.pgrst_drop_watch();


ALTER EVENT TRIGGER pgrst_drop_watch OWNER TO supabase_admin;

--
-- PostgreSQL database dump complete
--

\unrestrict eOFzEv3CmisLAzB1EUhUHfKIyjgJSYahEmS5EqMQQAcPcHvBGcNnzgbGEL82IIB

--
-- PostgreSQL database cluster dump complete
--

